GENE NAME	Anterior cortex1	Anterior cortex2	Anterior cortex3	Posterior cortex1	Posterior cortex2	Posterior cortex3	Hippocampus1	Hippocampus2	Hippocampus3	Striatum1	Striatum2	Striatum3	Olfactory bulb1	Olfactory bulb2	Olfactory bulb3	Cerebellum1	Cerebellum2	Cerebellum3
Sptan1	101.3	101.1	100	94.3	93.6	93.6	116.5	115.1	114.5	92.7	93.5	94	88.7	90.5	90.5	106.5	106.2	107.3
Atp1a3	99.9	99.3	96.5	94.2	96	94.2	125.4	119.3	126.2	92.4	87.3	92.6	103.3	97.5	103.7	84.8	100.6	86.7
Dync1h1	112.1	113.8	113.4	103.4	104.6	104.5	95.1	93.4	92.8	100	100.6	100.6	102.3	102.5	103.1	87.1	85	85.6
Cltc	110.5	113	113	115.7	111.2	111.2	114.3	111.3	111.6	110.8	113.7	113.7	82.3	84.5	83.7	66.4	66.4	66.9
Atp1a2	96.5	83.4	95.3	86.4	75.6	88.6	108.9	101.6	109.9	82.2	82.2	82.5	94.6	101.4	94.5	131.5	155.9	129.3
Atp1a1	132	132.5	135.9	100.1	104.1	103.4	59.6	57.5	57	77.7	79.3	77	58.4	56.4	55.3	172.2	170.1	171.3
Ank2	0	97.4	101.6	75.3	89.6	91.8	60.3	107.1	106.2	75.4	97.9	95	80.4	89.7	87.8	308.7	118.3	117.6
Plec	121.8	121.2	120.7	122.9	119	119.5	114.9	114	114.7	90.9	93.5	93.1	68.1	69.1	68.9	81.5	83.2	83
Tubb4b	114.1	97.8	113	106	185.6	109.2	86.9	87.5	94.7	99.5	81.4	99.7	111.8	89.1	103.1	81.6	58.6	80.3
Tubb2a	115.4	124.2	124.4	106.3	112.1	112	102.5	122.8	123	100.5	102.1	102	113.1	95	94.5	62.1	43.8	44.1
Atp5f1b	67.9	77.7	77.7	91.2	90.4	91.3	82.9	84.2	84.5	111.6	108.8	108.5	137.3	131.3	129.7	109.1	107.6	108.3
Tubb2b	84.1	76.3	76.1	87.9	89.7	89.3	98.8	107.7	107.3	70.1	76.6	76.4	224.9	207.6	208.5	34.2	42.1	42.4
Tubb4a	96.2	112.9	109.5	91.2	107.6	97.4	81.9	96.2	91.4	101	100.3	91	58.4	100.8	74.5	171.4	82.2	136.1
Tubb5	117.7	122.7	123.4	99.4	107	105.9	85.8	88.9	89.3	95.1	92.8	92.8	140.9	128.9	129.4	61.1	59.7	59.3
Bsn	115.5	119.5	119.5	108	108.4	107.3	127.3	125.2	124.7	106.9	106.6	107	59.4	59.3	60	82.8	80.9	81.4
Sptbn2	108.9	109.4	107.5	116.8	116.6	116.9	149.3	145.2	144.4	81.3	81.6	82	58.4	61.6	62.1	85.3	85.7	87.1
Tubb3	114.9	113	112.5	98.3	105.3	104.6	88.8	87.8	87.1	103.2	108.8	108.8	148.9	141	143.1	46	44.1	44
Tuba1a	108.9	116.4	116.5	114.7	115.5	115.1	103.9	95.2	95	97.2	92	91.7	108.9	116.7	117.1	66.4	64.2	64.6
Atp5f1a	70.6	75.3	76.7	90.3	90	88.3	83.3	81.7	81.5	112	111	110.2	132.7	134.3	135.8	111	107.7	107.6
Hk1	93.2	85.8	86	109.2	109.9	109.9	103.4	101.2	100.8	99.4	101.2	101.2	106.2	111.4	111	88.6	90.6	91.1
Ap2b1	120.7	116.1	116.5	110	109.2	109	117.2	116	117.2	112.3	113.5	112.8	82.3	87.4	85.2	57.5	57.8	59.3
Tuba4a	139.3	113.1	113.2	107.8	112.1	112.7	104.2	107.6	108	110.9	102.9	102.9	76.3	96.3	94.7	61.5	68	68.5
Myo5a	110.8	108.4	105.4	105.6	102.8	102.3	97.4	96.5	96.3	105.7	105.8	106.3	92.2	98.4	100.3	88.3	88.1	89.5
Hspa8	106.7	108.7	106	99.4	105.8	103.4	109.1	107.4	106.8	104.9	106.1	106.6	96.3	88.2	91	83.5	83.8	86.1
Pclo	101.8	101.5	99.9	94.2	93.7	93.6	134.2	132.9	132.8	105	105.9	106	62	68.4	68.1	102.7	97.6	99.6
Stxbp1	118.2	113.8	110.3	106.1	109.2	106.6	69	67.6	68.9	99.8	101.4	104.3	89.8	90.3	92.2	117.1	117.7	117.7
Dpysl2	116.6	117.3	118.5	114	111.4	111.4	92.4	90.2	92	108.6	109.3	110.6	98.6	101.1	98.6	69.8	70.7	68.9
Map1b	95.4	95.8	96	78.6	78.2	78.2	98.1	95.9	96.3	82	85.4	85.6	143.8	144.5	144.2	102.1	100.1	99.6
Actb	95.5	90.4	95.7	99.1	100.7	99.9	112.9	115.9	110.8	95.9	98.8	94.8	121	114.5	120.7	75.5	79.6	78.2
Map2	126	119.9	119.6	102.2	98.1	98.7	153.1	153.3	154.9	67.1	70.1	70.8	98.1	105.4	101.9	53.5	53.2	54.2
Dnm1	114.8	114.2	117.3	114.7	116.9	116.5	113.9	110	112.2	100.9	105.9	104.9	61.9	61.9	59.6	93.8	91	89.5
Nsf	111.2	106.2	106.7	96.2	99.3	99.3	123.2	123.1	123	107.9	111.1	110.6	86.1	83.8	83.6	75.4	76.5	76.8
Atp2b2	124.6	121.4	120.8	95.3	92.9	93	97.4	95.3	94.2	81.8	84.1	86	66	68.4	71.1	134.9	137.9	135
Aco2	89.7	84.8	86.3	99.1	96.4	99.2	87.5	86	86.4	107.2	114.7	114.3	100.9	96	92.9	115.6	122	120.8
Map1a	99.9	113.2	104.6	87.3	88.3	86.5	101.8	97.7	96.9	107.2	104.9	104.2	119.4	115.5	125.7	84.4	80.4	82.2
Atp2b1	131.6	120.5	117.6	88.7	91.6	90.4	135.4	145.9	145.9	116.9	114.7	116.1	71.9	64.8	67.2	55.5	62.5	62.8
Syn1	118.2	118.3	118	129.4	122.8	123	114.1	120.7	120.5	123.3	121.7	121.5	55.6	56.8	57.1	59.4	59.7	59.9
Mdh2	86.9	82.2	82.4	102	99	98.7	95.5	93	93	99.8	103	102.5	103	106.9	106.7	112.8	115.9	116.7
Atp6v1a	132.2	122.8	122.5	102.9	105.1	103.2	110.2	119	116.9	97.8	106.3	105.7	87.4	82.4	86.8	69.5	64.4	64.9
Vdac1	70.2	77.3	91.7	90.1	100.5	98	85.8	79	83.6	109.4	100.9	97.2	152	156.1	145.4	92.4	86.2	84.1
Dmxl2	107.8	108	108.4	104.3	103.5	102.9	135	135.8	135.2	117.7	120	119.7	65.3	63.6	64.4	69.9	69.1	69.3
Pkm	111.5	121.1	121.7	103	102.3	101.8	83.8	82.3	81.8	122.7	121.6	121.3	88.4	88.7	89.1	90.6	84	84.2
Atp2b3	86.9	81.5	80.9	79.5	69.3	69.3	136.2	129.9	128.9	71.8	55.4	55.7	47.3	44.6	44.9	178.3	219.3	220.3
Hspa9	85.7	81.8	82	103.5	97.2	97.5	98.4	91.1	91.2	100.8	109.1	108.4	102.6	105.2	105.4	109	115.7	115.5
Immt	77.7	81	79.6	97.2	95.4	94.5	93.1	93.3	93.1	102.9	101.8	101.7	119.5	123.5	124.4	109.6	105	106.5
Gapdh	106.9	106.7	108.6	108.8	108.4	108.4	100.9	99.6	99.1	109.2	111.4	110.9	85.9	86.8	85	88.2	87.1	88
Tln2	117.4	120.5	120.5	104	104.8	103.8	100.6	102.1	101.8	103.8	104.9	104.6	100.6	100.1	101.3	73.6	67.5	68
Syngap1	124.6	124.8	125.5	117.3	123.1	123.1	159	166.6	166.3	100.1	101.3	101.4	69	65.1	64.7	30	19	18.9
Myh10	112.9	108.6	108	97.4	98.3	97.8	102.4	101.3	101.4	98.9	100.4	100.3	84.8	87	88.1	103.6	104.3	104.3
Pfkp	126	120	130.2	110.7	118.1	116.1	87.8	82.6	84.3	125.1	130.3	128.6	81.3	79.9	73.8	69	69.1	67
Atp6v1b2	116.4	115.3	114.9	109.4	107.6	107.8	117.4	118.2	117.5	109.3	113.5	113	79	80.3	80.9	68.6	65.1	65.9
Ap2a2	115.7	113.6	115.1	105.3	109	108.5	115	114.7	114.6	118.8	116.8	115.8	82.8	83.8	82.7	62.4	62.2	63.2
Ndufs1	84.3	75.6	72.9	94.8	93	92.6	90.3	89.4	89.8	106	109.7	110.6	123.8	127.9	127.5	100.8	104.3	106.6
Aldoa	131	115.8	117.2	115.7	114.4	113.4	107.1	108.3	106.2	101.3	103.8	104.6	80.4	81.3	79.4	64.5	76.4	79.1
Eno1	111.6	105.9	106.7	99.3	94.8	93	92.6	88.6	89.2	111.3	113.5	113.3	107.6	116.1	115.2	77.7	81.2	82.5
Cntn1	108.7	116	116.8	110.9	103.1	103.3	112.4	111.6	111.4	79.2	82.3	81.7	74.8	74.4	73.5	114.1	112.7	113.2
Hspd1	76.2	81.7	82.3	104.8	104.6	105	98.7	96.2	97	110.9	110.5	109.9	98.8	97.5	96.8	110.5	109.6	108.9
Atp2a2	115.4	121.6	119.4	100.1	97.6	96	97.8	98.7	95.7	94.7	92.4	94.8	48	45.7	47.5	144.1	144.1	146.7
Tubb6	120.5	107.1	108.3	117.8	87	78.4	114.2	101.5	97.4	92.8	83	82.3	82.7	81	79.2	71.9	140.3	154.4
Atp2b4	164.4	154	153.6	178.4	171	170.6	71	69.2	69	53.2	56.9	57	80	90.1	90.6	53.1	58.8	59.2
Camk2a	134.8	131	133.3	101.9	103.9	107	164.6	183.9	173.3	89.2	84.1	82.3	84.4	78	81.3	25.1	19.1	22.8
Gnao1	120	116.8	116.1	110.2	109.4	103.7	107.7	109	103.3	93.3	93.2	89.6	86.6	89.3	100.4	82.3	82.3	86.8
Ap1b1	107	112.5	111.6	99.2	99.6	99.6	109.1	103.7	103.3	100.1	96.5	96.7	85.7	86	86.4	98.8	101.8	102.5
Camk2b	104.7	105	101.2	78.8	83.6	74.8	137.3	142.2	136.3	105.3	101.9	106.4	110.7	113.4	118.6	63.3	53.9	62.6
Hsp90aa1	104.3	106.8	105	101.6	102	101.8	97.6	99.4	99.9	100.5	97.4	97.6	103.2	105.8	106.2	92.8	88.5	89.5
Pfkm	100.7	101.7	101.8	101.8	96.2	96.1	99.6	95.6	95.8	110.5	109.2	109.3	77.7	84.5	83.1	109.6	112.8	113.9
Ap2a1	110	118.9	119.5	115.5	116.3	116.5	109.2	108.7	108.7	114.3	109.1	107.8	77.2	81.1	80.7	73.9	65.9	66.8
Fasn	98.5	99.4	97.3	93.8	85.1	84.2	103.1	93.1	92	104.5	96.3	97.1	114.5	135.3	138.6	85.5	90.8	90.9
Hadha	68.8	67.2	65.9	84.4	83.9	84.3	82.9	80.1	78.1	75.2	75.9	76.1	165.5	169.7	175.5	123.1	123.2	120
Srcin1	127.8	123.8	124.7	118.6	120.4	120.3	123.7	124.4	123.6	89.9	89.6	89	61	64.1	64.4	79	77.8	78
Sdha	80	76.9	77	90.5	88.5	90	86.3	83.9	86.1	99	96.9	97.8	140.6	150.6	143.7	103.6	103.2	105.4
Tuba8	0	38.1	37.9	0	32.4	32.2	181.4	177.6	176.7	0	22.1	22	223.7	155.3	155.8	194.9	174.5	175.3
Gria2	108.8	108	NA	107.2	108.3	NA	186.6	184.2	NA	77.3	78.4	NA	64.9	63.1	NA	55.2	58	NA
Slc25a12	87.7	85.6	85.2	105.7	106.5	107.2	87.1	87.8	88	113.2	113.6	113.4	111.8	111.5	110.3	94.5	95	96
Dlg4	110.4	120.1	120	119.4	122.6	122.6	130.9	128.1	127.4	122.3	119.8	118.3	69.3	66.2	65.8	47.8	43.3	45.9
Glud1	91	86.6	86.3	108.5	107.1	106.7	90.6	90.2	89.9	77.3	80.2	80	128.5	130.9	131.4	104.1	105.1	105.7
Pi4ka	109.5	111.5	111.2	97.4	101.7	101.5	117.9	114.3	114.8	84.3	84.8	83.5	79.9	76.9	79.2	111	110.8	109.9
Eno2	109.4	106.3	108.2	96.5	96.6	97.1	95.3	92.2	92.2	122	122.9	121.7	80.7	84.4	83.7	96.1	97.6	97.2
Opa1	85.5	81.8	79.8	102.2	99.1	98.1	97	95.8	95.6	112.6	113.3	113.7	116.1	119	120.7	86.6	91	92.1
Pygb	100.4	93.2	92.7	100.6	99.7	99.5	108.8	114.7	114	81.5	84	84	100.1	96.5	96.8	108.7	111.9	113
Syn2	102.1	88.2	88	109.4	112.9	112.7	129.8	129	128.8	124	136.3	136.2	65	68.3	68.7	69.7	65.3	65.7
Actn4	122.9	107	122.4	113.9	135.6	118.9	94.3	89.7	95.5	99.8	77.7	100.5	120.2	134	116.1	48.9	56	46.6
Gnb1	113.1	117.8	117.3	107.4	103.7	103.3	106	112.3	111.9	92.5	92.3	92.2	98.6	89.4	90.1	82.3	84.5	85.1
Ogdh	85.7	72.4	69.8	108.7	102	101.9	97.7	100	100	105.2	106.6	107	90.6	94.9	95.9	112	124.1	125.4
Tpi1	122.7	141.7	139.2	106.4	104.8	104	88.9	74.9	75.3	115.4	100.9	101.7	92.3	111.2	111.9	74.3	66.6	67.9
Ncam1	104.7	94.7	93.8	92.7	91.4	90.3	100.6	94.9	94.6	72.6	74.5	74.2	143.5	159.4	160.8	85.8	85.2	86.2
Plcb1	136.6	140.3	139.2	126.3	128.1	128.7	84.5	86.1	85.8	137.3	135.5	137.5	65.7	61.5	60.8	49.6	48.6	48.1
Cadps	119.4	109	109.4	108.3	104.8	105.1	121	120.5	120.6	95.6	99.6	98.6	84.9	90.5	91.5	70.7	75.5	74.8
Uqcrc2	82.8	73.3	73	96.1	92.9	91.2	87.9	85.3	85.5	101.5	105.3	105.2	128.3	137	138	103.3	106.2	107.2
Myh9	90.7	88.4	85.4	80.7	77.8	76.8	97.9	93.4	93.6	79.6	75.4	76.9	141.5	162.1	163.4	109.6	102.9	104
Abat	60.6	58.3	58.1	89.4	82.4	82	60.7	61.7	61.5	137.4	136.4	136	106.4	111.7	112.1	145.6	149.4	150.3
Vcp	106.8	111.5	111.5	100.6	95.3	94.9	94.8	93.4	93.2	100.3	100.7	100.3	108	111.3	111.8	89.5	87.8	88.3
Septin7	123.7	120.3	121.6	111.9	110.7	111.8	96	90.7	93.3	105	107.4	106	79.3	87.6	85	84.1	83.3	82.3
Cand1	108.6	100.7	104.3	96.3	95.2	96.5	97.2	99.7	97.3	104	107	105.6	106.7	108.7	107.8	87.2	88.7	88.6
Cnp	70.9	70.5	69.9	117.1	110.6	110.6	73.6	70.3	69.6	131.8	135.5	135.3	77.5	80.7	81.8	129.1	132.3	132.8
Epb41l3	102.6	94.5	89	90.4	91.2	90	78	88.6	83.1	89.5	93.5	97.1	127.2	118.6	124.4	112.3	113.6	116.5
Map6	127.3	122	132.2	113.7	117.9	118.1	76.1	74.1	74.4	106.9	111.2	107.4	93.1	94.9	88.8	82.8	80	79.1
Vdac2	84.9	81.7	80.4	96.7	94.8	91.7	83.3	83.7	82.8	100.6	96.5	97	126.6	132.8	136.5	107.9	110.5	111.5
Hsp90ab1	102.3	101	101.4	100.3	100.6	100.2	105.2	108.1	107.3	96.9	94.8	94.5	104.5	104.8	105.4	90.9	90.7	91.2
Syt1	109.3	106	106.3	109.7	109.1	108.6	123.3	126.6	124.6	110.3	109.7	111	86.8	85.6	90.7	60.6	63	58.9
Gpi	112.5	107.2	108.1	106.8	102.7	103.2	96.1	96.1	96	130.3	130.7	129.4	78.2	84.6	84.6	76.2	78.7	78.8
Gls	102.7	100.7	100.3	120.3	116.4	116.3	98.1	96.7	96.3	115.4	114.6	114.7	71.3	76	75.8	92.2	95.7	96.5
Atp6v0a1	118.7	116.1	NA	107.8	109.2	NA	120.2	119	NA	115.2	118.1	NA	67.8	69.7	NA	70.4	67.8	NA
Synj1	127.6	120.3	123.3	110.9	113.4	115.3	115.1	116.4	115.3	112.3	114.9	113.6	68	68.6	68.2	66	66.4	64.4
Slc1a2	125.6	121.2	109.2	108.4	118.2	108.4	160.6	159	158.9	97.2	99.4	104.1	68.5	61.9	74.3	39.6	40.3	45.2
Actn1	129.8	129	125.7	132.4	123.7	143.1	105.9	99.6	105.8	143.4	121.6	152.7	53.8	89.7	47	34.8	36.3	25.7
Got2	86.4	82.7	84.7	102.1	103.5	100.8	97.2	98.3	97.9	106	106.6	106.2	96.6	94.4	95.2	111.6	114.5	115.2
Gdi1	107.1	95.4	94.2	106.9	107.1	106.7	88.9	100.7	100.2	100.5	107.6	108.2	117.9	105.6	107.5	78.7	83.6	83.2
Ywhae	114.5	115.4	124	107.8	103.2	102.5	106.9	102.8	100.5	98.6	95.7	88.6	87.5	98.2	98.9	84.6	84.6	85.5
Nnt	79.1	79.4	81.9	82.1	83.9	85.2	89.8	91.1	92.7	98.2	100.9	101.3	144.3	146.4	141	106.4	98.3	97.9
Baiap2	126.4	127.8	126.7	108.3	109.9	109.1	104.7	104.7	103.7	143.2	143.7	144.9	76.9	78.9	80.4	40.7	35	35.1
Slc25a5	84.4	70.1	69.8	87	81.3	81.7	79.6	71.4	71.2	100.8	103.4	102.2	141.4	172.3	173.4	106.7	101.5	101.8
Pgk1	111.6	115.9	121.4	102.5	104.5	99.3	94	94.8	88	120.5	117.4	119.8	93.3	89.6	90.7	78.2	77.7	80.8
Aldoc	107.7	103.8	101.4	90.2	88.1	89.1	80.6	76.6	75.4	93.4	101	101.5	70.8	72.5	69.9	157.3	158	162.7
Actc1	94.4	109.3	108.9	108.3	104	103.7	109.6	112	111.8	91.2	101.5	101.3	119.1	98.7	99.2	77.5	74.5	75.1
Hspa5	147.5	149.5	148.8	96.8	103.7	103.4	94.5	100.3	100.2	71.7	65.7	65.6	75.2	64	64.2	114.3	116.7	117.9
Pc	82.9	80.8	80.1	98.5	96	91.4	86	78.7	78.7	82.4	89.9	90	111.6	112.3	115.6	138.6	142.4	144.3
Ckb	94.6	76.4	72.5	77.5	70.5	68.4	67.3	69.1	69.8	124.5	131.7	132.3	104.7	115.4	117	131.5	136.8	140.1
Sptb	77	67.5	66	61.8	57.4	56.4	110	108.6	107.8	59	60.3	59.7	70	69.4	69.8	222.2	236.8	240.2
Glul	102.8	93.3	93.2	81	83.5	84.1	84.9	83.1	83.9	66.1	70.3	70.5	160.4	163.5	160.2	104.7	106.3	108.2
Pde2a	122.9	120.2	120.9	122	121.9	121.1	116.4	112.7	111	173.3	167.8	167.1	49.6	50	49.2	15.8	27.5	30.7
Gnb2	121.9	116.4	115.9	98.8	98.9	99	105	104.9	104.8	117.3	123	122.7	87.2	88.5	88.9	69.8	68.3	68.7
Sptbn4	103.6	107.9	110.1	95.7	95.4	94.8	112.6	120	119.6	101.7	99.8	99.9	79.3	75.8	73.6	107.2	101.1	102.1
Gpd2	80.6	81.7	79.7	101.2	96.9	98.7	130	127.4	127	78.4	80.1	82.2	127.9	131.8	130.7	81.9	82.1	81.6
Erc2	105.2	115	114.4	107.1	108.5	108.1	148.6	138.1	137.5	119.4	112.2	112.8	66.3	68.3	69.8	53.4	57.9	57.6
Camk2d	127.5	114.8	113.9	113.5	122	121.5	118.5	72.1	71	66.3	57.3	57.2	87	108.3	109.3	87.2	125.5	127
Dlg2	120.7	128.4	128.4	123.6	120.1	120.7	124.8	120.8	122.7	93.8	90.4	90.2	80.6	85.8	85.7	56.6	54.6	52.4
Dnm1l	124.8	121	119.9	106.7	106	105	98.4	93.8	92.7	114	116.9	117.3	79.7	83.2	84.9	76.5	79.1	80.3
Slc12a5	117.6	NA	114.8	103.5	NA	100	102.8	NA	103.6	76.9	NA	77.3	84	NA	83.5	115.2	NA	120.8
Gdi2	113.4	111.1	112.1	104.2	100	100.2	93.2	89.2	89.1	103.5	103.4	104.6	104.6	105.5	104.2	81.2	90.8	89.8
Cs	89.2	89.1	89.4	108.1	105.9	105.6	97.7	95.1	94.7	98.1	97.5	97.1	98.4	102.8	103	108.5	109.6	110.2
Tomm70	86.2	84.8	85.8	92.7	93.6	93.2	83.3	83.9	82	166.6	167.3	165.5	100.6	99.4	103.7	70.5	71.1	69.8
Snap25	114.6	108.4	108	95.7	95.4	95.2	104.6	104.7	104.5	89.5	91.1	90.9	85.3	89.6	90	110.3	110.9	111.5
Atp5po	76.1	77.6	78.1	89.3	86.2	86.3	84.8	82.3	83.4	106.9	106.4	106.1	134.2	145.8	142.9	108.7	101.7	103.2
Hspa4	117.7	112.7	112	101.1	106	105.7	112.6	109	109.5	111.2	111.9	111.6	82.1	86.6	87.4	75.3	73.8	73.7
Vdac3	74.4	86.9	87	88.1	97.7	97.5	87.6	89.8	89.9	106.4	101.3	101	139.8	123.6	124	103.7	100.6	100.5
Stx1b	95.1	98.9	98.2	88.6	84.3	83.6	80.4	77.4	77.4	85.3	87.3	87	94.7	90.9	91.7	156	161.2	162
Crmp1	118.3	106.1	105.6	107.9	108.3	108.1	83.8	89.9	89.4	86.9	89.8	89.7	119.4	116.7	117.3	83.7	89.2	89.9
Pdhb	80.6	77.5	77.3	97	100.4	100.1	96.3	100.8	100.4	101.4	102	101.7	113.2	105.6	106.1	111.5	113.8	114.5
Nefl	93.3	111.3	115.3	89	82.2	84	72.7	68.2	68.2	147.6	140	140.3	45.9	43.8	38.4	151.5	154.5	153.9
Lrp1	98.4	104.1	107.6	90.5	87.3	91	110.9	107.2	106	71.2	70.8	70.7	117.4	126.4	118.4	111.6	104.1	106.3
Ahcyl1	63.7	64.8	67.9	57	55.3	57.9	74.5	70.7	73.7	62.7	65.6	68	141.1	154.2	137.9	200.9	189.4	194.6
Acsl6	93.1	102.4	103.3	97.1	104	103	83.5	79.4	78.6	82.7	85.3	85.1	134.1	125.6	125.7	109.5	103.2	104.3
Wdr7	117.3	112	111.5	105.8	101.7	101.6	143.3	138.3	138.2	107.3	113.4	113.2	59.2	63.8	64.2	67.1	70.7	71.3
Plp1	69.7	71.3	71.7	127.6	134.4	136.1	71.9	72	72.3	118.1	115.6	114.3	61.5	55.6	53.9	151.2	151.2	151.7
Napa	110.8	109.5	109.6	94.7	95.3	95.1	134.2	137.3	137.1	101.7	101.6	101.6	63.5	61.4	61	95.2	94.9	95.5
Cct8	106.9	110.9	110.4	100	105.3	105.2	91.6	95.3	95.2	99.9	97.3	97.1	101.6	103.3	103.6	100.1	87.9	88.5
Ank1	37	50.5	49.9	36.6	35.8	35.6	34.8	36.1	35.5	45.6	36.8	36.6	53.1	44.8	44.8	393	396	397.5
Pygm	98.8	90.1	89.7	93.6	92.3	92.1	92.7	90	89.6	69.7	70.4	70.4	134.5	143.5	144.1	110.8	113.7	114.2
Atp6v1c1	112.3	107.2	107.6	105.7	102.1	102.6	122.3	117.4	117.6	112.6	120.7	120.9	76.5	83.8	82.6	70.5	68.8	68.7
Scn2a	125.5	114.6	113.4	101	98	97.3	119.4	111.1	112.2	80.9	90.6	91.5	51.6	59.5	58.3	121.6	126.2	127.3
Phb2	82	80.1	82.9	96.2	95.4	96	87.1	86.8	86.8	105.8	102.2	100.5	134	135.2	134.1	95	100.3	99.7
Got1	109.1	101.7	105.4	101.7	95.7	97.4	89.3	86.3	82	135.1	139.8	137.4	86.4	97.2	100.5	78.5	79.2	77.3
Gfap	58.2	56.9	58.8	63.7	66.4	67.3	134.4	129.7	128.6	52	55.6	56.6	113	118.8	118.2	178.7	172.7	170.4
Gnai2	107.7	119.5	119.3	103.4	107.1	106.9	107.1	106.6	106.2	79	86.6	86.4	123.2	100.3	101.2	79.7	79.9	80
Nckap1	121.1	115.7	117.1	109.3	105.8	105.5	130.4	127.6	126.5	93.6	99.9	98.3	72.1	77.3	78	73.6	73.6	74.6
Ywhaz	118	120.9	114.4	119.4	114.4	115.7	101	98.3	98.2	115.3	112.1	109.3	92.7	95.5	99.7	53.5	58.8	62.7
Hspa2	89.4	74.8	72	100.9	98.1	90.8	103.4	88.6	85.5	77.2	65	63	168.1	204.4	219.4	61	69	69.4
Gria1	74.6	72	64.8	63.4	67.4	65.9	257.8	228.7	221.2	65.3	73.8	76.3	73.5	79.8	84.4	65.5	78.4	87.4
Ldhb	111.4	105.4	106.3	94.2	91.1	91.8	71.5	75	75.9	105.8	110.1	109.9	119.4	120.5	116.7	97.7	98	99.3
Pdha1l1	82.6	85.2	88.5	101.1	101.7	99	101	98.2	96.2	98.6	100.5	100.8	105.1	101.3	103	111.6	113.2	112.4
Dld	88.1	84.5	84.2	104.4	102.5	102.2	94.9	94.4	94.3	103	108.6	106.6	100	98.9	100.7	109.7	111.2	112
Cct2	102.8	95.1	96	103.6	101.8	101.5	98.9	91.3	90.8	103.5	104.8	104.4	99.1	114.9	115	92.2	92.1	92.4
Myo6	76.5	73.3	73.6	75.7	73.8	74.1	89.5	87	86.3	77.8	77.7	77	153.4	158.5	159.6	127.1	129.7	129.4
Gnai1	117.7	111.2	115.3	100.5	104.4	101.6	104.2	111.3	106.8	77.8	76.1	79.7	125.8	127	128.4	73.8	70	68.2
Nrxn3	108.8	114	114.5	89.3	83.5	85.3	103.9	105.1	109.3	95.9	97.4	92.6	143.1	149.4	151.3	58.9	50.6	46.9
Nrxn1	119.6	116.5	122	108.4	107.7	111.9	100.4	101.5	104.7	100.2	98.9	99	87.5	83.3	79.6	83.8	92	82.6
Fh	89.7	92	91.2	99.4	99.1	99.7	81.6	74.7	74.9	87.4	90.6	88.5	104.7	105.2	109.6	137.1	138.3	136.1
Pfkl	108.8	112.4	114.6	104.9	104.1	102.5	149.1	136.3	133.7	114.3	116.3	115.2	67.4	74.7	77	55.6	56.2	56.9
Ryr2	117.4	105.3	107.2	102.4	101.3	101.9	130.8	131.1	131.6	74.6	77.6	77.8	80.3	83.2	83.1	94.4	101.6	98.4
Eef2	103.1	118.4	114.1	93.9	107.6	100.4	94.1	94.5	91.9	91.8	75.5	83.2	120.5	105.8	116.8	96.6	98.2	93.6
Napb	116.4	117.8	116.7	98	95.2	95.8	120.9	119.2	119.5	103	104	103.5	84.7	88.2	88.5	77	75.6	76
Mbp	64.6	68.1	69.5	111.4	118.1	118.1	64.3	58.6	56.5	128	125.8	125	70.2	71.1	72.4	161.6	158.4	158.6
Snap91	106.6	124.2	128.2	106.6	117.9	113.5	115.6	117.6	112.5	114.1	95.7	100.2	86.3	79.8	82.9	70.8	64.9	62.8
Hspa12a	126.6	124.2	123.9	114.1	117	116.8	114.5	110.1	109.9	109.5	114.8	114.6	66	67.8	68.2	69.2	66	66.6
Sucla2	89.1	89.4	89.2	99.2	99.9	99.5	99.1	97.7	97.5	105.2	108.1	106.5	98.5	96.3	97.5	108.9	108.6	109.8
Ppia	112.9	95.6	94.2	104.7	100.2	100.4	91.5	93	93	108.2	113.6	114.2	110.1	116.9	116.2	72.5	80.7	81.9
Ctnnb1	99.9	116.2	115.9	106	107.5	107.1	129.8	127.3	126.9	93.8	87.7	87.6	93.1	95.9	96.4	77.4	65.5	66
Lrpprc	84.6	90.2	90.3	101.8	106.1	106	88.3	92.6	93	92	91.1	90.8	119.5	107	107.4	113.8	112.9	112.6
Mdh1	100.6	95.2	93.2	104.9	101.1	100.4	89.6	92.7	92.7	123.1	122.1	122.2	106.1	114.4	116.1	75.8	74.6	75.4
Letm1	90.6	88.6	91	99	96.7	99.7	99.9	95.5	97.8	100.6	98.1	98.6	110.2	125.4	116.3	99.7	95.6	96.7
Rab1b	111.9	119.9	119	113	112.7	112.1	110.4	110.6	110.1	93.2	89.2	88.8	79.3	81.4	81.8	92.2	86.2	88.2
Rtn4	110.2	103.9	102.5	91.8	95.3	95.1	96.2	100	99.8	93.5	96	95.6	116.7	112.1	111.4	91.6	92.8	95.6
Ckmt1	99.6	97	95.3	114.4	109.5	115.7	96.7	84.5	88.3	120	121	120.5	80.6	99.4	87.8	88.7	88.6	92.3
Cyfip2	130.1	133.3	136.9	111.9	112.9	113.9	124	130.9	132.5	101.2	93.3	93	67.9	66.2	62	64.9	63.4	61.8
Dst	95.6	101.3	101	79.4	80.1	79.8	97.9	100.5	100.2	105	100.5	100.2	85.6	80.5	80.9	136.6	137.1	137.9
Plxna1	131.4	136.8	137.5	103.8	112.8	111.9	145.6	137.4	137.6	95.6	94.2	93.8	78.3	70	70.9	45.2	48.8	48.2
Camk2g	159.3	153.8	153.2	113	114.7	113.8	94.3	96.6	95.6	75.5	73.5	73.5	96.5	100.1	101.6	61.4	61.4	62.2
Rab2a	109.3	97.2	97.1	105.4	103.9	103.8	122	125.2	125.6	94.7	96.9	96.7	71.4	76	75.8	97.3	100.9	101.1
Shank1	104.5	98	100	102.4	96	95.5	143.4	139.7	138.3	33	38.4	41	78.1	80	81.6	138.7	147.9	143.5
KRT1	64.6	NA	52.6	171.7	NA	151	143.5	NA	167	32.2	NA	38.3	110.9	NA	87.7	77.1	NA	103.3
Ppp2r1a	110.8	93	95.6	104.9	93.3	93.1	103.6	98.1	98	121.8	127.6	126.3	86.4	109.7	108.6	72.4	78.3	78.4
Dnm3	105	96.8	103.4	102.7	99.5	99	66.4	65.7	63	102.9	104.1	103	67.3	73.6	66.2	155.6	160.2	165.4
Plxna4	115.8	130.4	132.4	105	105	104.4	142.4	158.7	155	89.9	84.9	85.8	96	79.8	80.3	50.9	41.1	42.2
Ctnna1	111.3	111.7	111.6	93.1	98.1	97.1	120.4	121.1	120	80.6	88.7	88	128.1	114.1	117.1	66.5	66.3	66.1
Nfasc	116.4	NA	153	97.3	NA	73.1	115.1	NA	109.6	88.1	NA	120	69.2	NA	66.4	114	NA	78
Atp6v0d1	116.2	106.6	105.3	104.1	106.1	105.3	121.5	119	118.7	113.4	118.8	119.4	76.1	78.9	80	68.6	70.5	71.3
Uqcrc1	72.4	69.7	72.4	92.5	89.1	91.7	86.5	81.3	81.3	108.7	106.3	104.3	132.1	144.3	142.3	107.9	109.3	108
Idh3a	87.3	82.7	85.5	101.4	99.5	101.5	97.1	93	95.4	102.9	103.7	102.9	104.8	113.3	105.4	106.6	107.8	109.3
Eef1a2	128.2	58.5	58.3	106.7	85.4	85.1	94.3	89.5	89.2	80.2	103.2	102.9	76.1	118.7	119.2	114.5	144.6	145.4
Hsph1	125.4	122.9	122.8	108.7	110.2	110.3	121.7	114.6	115	133.2	137.7	136.7	69.7	75.3	75.5	41.4	39.3	39.6
Syt2	38.9	43.5	44.9	33.6	37.2	36.8	13	14.6	14.8	51.2	51.2	51.3	11.7	6.6	6.8	451.6	446.8	445.4
Actn2	82.4	108.4	109	76.5	97.9	97.3	116.1	102.1	101.8	159	143	142.6	120.5	82.7	83.4	45.5	65.8	65.8
Dlat	91.4	93.2	92.9	109.9	104.7	103.9	112.1	107	106.7	97	100.9	100.7	93.6	98.7	99.7	96	95.4	96
Dpysl3	90.6	77.6	80.8	92.3	86.2	84.4	78.3	79	78.5	78.6	77.8	79	213.8	231.9	230.5	46.4	47.4	46.8
Alb	93.2	89.7	93.3	72.8	71.6	68.7	83.8	79.7	77.4	80.4	83.4	81.8	164.7	171.1	176.2	105.1	104.6	102.6
Ldha	124.2	129.5	127.6	117.1	115.1	114.9	104.7	112.8	112.7	131.7	134.4	135.8	75.3	68.9	69.7	46.9	39.3	39.5
Gda	120.5	123.7	122.2	135.1	132.2	129.9	110.4	115.4	114.2	117.5	110.1	110.2	103.3	102.3	106.1	13.2	16.2	17.3
Ndufv1	78	71.3	70.6	91.9	99.9	100	87.9	86.8	86.4	107.9	111.4	111	130.8	132.2	133.4	103.5	98.4	98.8
Ap2m1	119.4	119.7	121.2	110.1	110.5	111.5	115.2	115.3	114.6	113.3	112.7	111.3	79.9	82.4	81	62.2	59.3	60.3
Atp6v1h	108.7	115.3	115	105.4	103.3	103.1	123.2	113	112.8	112.1	114.2	114	83.7	90.9	91.4	66.9	63.3	63.7
Slc25a3	77.6	75.3	75.8	94.3	96.3	95.6	83.5	84.9	85.3	100.2	102.8	104.3	136	129	126.3	108.5	111.7	112.8
Pgam1	118.9	113.1	116.3	105.5	111.3	109.9	96.2	92.8	91.6	111.1	112.4	110	80.9	80.3	81.7	87.4	90.2	90.5
Trio	109.5	102.8	100.5	99.9	98.2	98.2	125.9	126.2	126	99.4	99.7	100.8	72.7	68.1	67.1	92.7	105	107.3
Ptprd	119.7	121.5	123.3	120.9	114.9	114.8	108.1	108.3	107.7	99.1	101	100.6	91.7	98.8	97.2	60.4	55.4	56.3
Wdr1	102.6	90.2	94.8	99.9	90.4	90.7	124.1	115.3	112.9	84.8	88.8	87	99.5	125.9	127.1	89	89.4	87.5
Ywhah	136.4	127.5	130	120.7	113.5	115.4	113.6	107.5	109.6	79	86.1	84.5	59.9	77.9	72.4	90.4	87.7	88.1
Idh3B	84.5	81.4	80.3	104.3	99.4	99	97.4	97.8	98.1	109.1	112.1	112.3	98.7	106.7	106	105.9	102.6	104.3
Grin2b	122.7	104.6	103.8	118.4	107.9	107.4	164.6	177.5	177.7	97.4	104.2	104.6	78.6	86.9	87.7	18.2	18.8	18.8
Phb1	84	84.9	83.4	93.8	91.3	88.9	88.1	84.4	82.1	104.5	101.7	101.3	132.3	147.1	153.9	97.2	90.5	90.4
Sh3gl2	116.4	122.1	118.4	113.8	116.1	116.1	117.2	109.8	112.2	107.3	106.8	109.4	55.1	58.3	56.7	90.2	86.9	87.2
Npepps	107.8	105.9	104.3	104.1	104.9	102.3	99.3	96	96.3	105.7	107.4	107.6	107.6	105.8	108	75.5	80.1	81.4
Clasp2	97.6	101.3	100.7	101.2	102.8	101.2	90.1	89.7	88.8	96.3	98.9	98.6	105.6	103.2	106	109.1	104.2	104.6
Rtn1	112.8	105.3	114.1	100	104.1	102	85.3	89.8	90.8	100.9	106.5	103.7	102.8	99.9	97.4	98.2	94.4	92
Ckap5	85.6	83.6	78.4	86.8	85.9	86	81.6	81.2	80.6	90.9	95.1	96.3	116.3	114.6	115	138.9	139.5	143.8
Atp5f1c	76.8	77.1	77.7	88.8	89.4	88.6	84.7	87	87	108.9	111.1	110.2	137	130.4	131.7	103.8	105	104.8
Kif5c	99.1	100.4	99	101	97.6	96.7	90.7	94.2	93.9	89.1	95.1	95.3	95.5	80.7	81.7	124.6	132	133.3
Tppp	129.6	124.1	123.9	123.1	137.4	137.1	81.1	86.9	86.8	126.2	138.1	137.9	81.2	56.3	56.6	58.8	57.3	57.7
Dpysl4	103	96.3	95.7	103.9	102	101.2	67.6	64.6	64.3	96.1	100.6	100.8	66.2	72.8	72.9	163.2	163.6	165.1
Anxa6	104.2	112.3	99.6	75.5	85.2	79.4	124.7	113.8	120.7	81.7	89.1	88.4	107.4	108.8	109.4	106.5	90.8	102.5
Gpr158	125.4	127.1	126.6	95.3	94.7	94.7	98.4	95.3	95.3	114.2	109.3	109.1	58.6	67.4	67	108.1	106.2	107.2
Caskin1	110.5	103.4	103.2	94.7	102.3	102	114.2	112.7	112.4	88.7	89.6	89.5	95.1	94.8	95.3	96.8	97.1	97.7
Uba1	107.5	102.1	102.3	98.3	95	97.3	87.9	88.2	88.1	103.8	106.2	106.4	109.6	113.6	111.7	92.9	94.8	94.3
Epb41l2	100.5	92.5	92.4	100	103.8	103.8	109.6	111.2	110.7	100.1	102.7	102.3	118	116.8	117.8	71.8	72.8	73
Slc25a11	81.5	84.5	84.3	99.3	104.7	104.6	87.6	90	89.1	113	113.2	113.5	129.2	119.6	120.3	89.4	88	88.3
Shank2	125	127.1	124.5	130.1	122.5	120.6	125	120.7	120.5	64	69.3	70.6	79.8	72.8	75.4	76.2	87.6	88.4
Rab3a	112.2	97.4	100.8	106.3	110.3	118.1	114.9	112.7	117.1	107.6	115.3	114.1	92.9	91.1	79.1	66.1	73.2	70.9
Aldh5a1	79.8	82.6	82.1	94.3	98.9	99.5	87.3	86.2	87.4	99.4	97.6	98.7	126.9	122.6	117.7	112.3	112	114.6
Myo18a	119.7	106.6	106.2	110.1	112.1	112.5	112.3	117.5	117.4	94.8	94.9	94.5	81.2	83.4	83.3	81.9	85.4	86.1
Gpd1	111.6	105.2	103.4	109.3	112.2	112.1	92.7	89	88.9	131.2	133.2	135.1	66.3	68.3	68.2	88.9	92.1	92.2
Cct3	95	107.6	107.6	116.7	102.5	102.7	85.8	89.9	87.6	101.2	100.1	98.7	109.7	108	110	91.5	91.9	93.5
Septin8	118	112.9	112.6	111.4	113.5	112.5	104.1	104.5	104.7	90.3	91.2	91.6	63.5	65.9	66.6	112.7	112.1	112.1
Eef1a1l1	102.9	91.9	91.1	87.6	88.1	88.1	94	92.5	92.7	85	88.1	88.1	126.6	129.3	128.6	103.9	110.2	111.5
Vps35	102	107.5	105.5	95.5	96.9	94.9	103.2	105.2	103.4	108.6	105.4	106.3	102.5	98.7	102.8	88.3	86.5	87
Basp1	137.9	141.2	139.8	130.5	126.3	135.4	109.7	101.7	115.7	98.8	94	93.5	100.3	117.1	92.5	22.8	19.7	22.9
Ppfia3	114.4	114.5	118.1	111.4	114.6	117.8	126.9	124.1	124.5	115.6	111.2	110.7	65.1	70.1	67.6	66.4	65.5	61.3
Slc1a3	69	57.7	57.2	63.9	59	58.4	90.4	88.3	88	55.5	61.1	60.9	117	114.9	114.4	204.3	219.1	221
Tufm	85.4	83.1	82.6	100.1	98.1	97.9	89.8	91	92.6	99.6	101.1	101.2	107.9	108	105.9	117.1	118.7	119.9
Atp5pb	73.5	63.7	63.5	91.4	84.7	84.4	84.3	75.9	75.7	107.6	118.7	118.3	139.1	145.7	146.2	104.1	111.3	111.9
Ppp3r1	97.7	107.1	103.9	96	94.1	96.4	145.9	137.6	143.5	145.3	143.2	141.9	56.2	60.3	54.1	59	57.8	60.1
Rph3a	131.1	128	125.5	100.9	104.9	101.7	88	87.4	87	138.8	135.8	140	38.7	39.5	38.9	102.4	104.4	106.8
Rab14	109.7	113	113	98.7	100.3	100.2	100.4	94.7	94.8	103.2	103.2	103	103.1	104	104	84.9	84.7	85
Myo1d	77.9	82.8	82.3	110.8	111.8	111.4	79.3	76.1	75.5	132.5	129.3	129.7	76.6	76.2	76.6	123	123.8	124.5
Ogdhl	84.8	79.8	79.6	111.2	113.4	113.3	88.3	90.5	90.2	99.1	102.3	102.1	98.6	101.1	101.4	118	113	113.4
Cask	102.2	107.9	105.2	99.2	98.1	97.1	90.2	102	95.6	101.5	98.1	98.1	106.9	101.4	102.8	99.9	92.6	101.1
Samm50	80.9	83.8	79.9	96.2	99.8	99.8	89.5	88.5	85.9	101.9	107.5	108.7	131.1	116.3	118.7	100.4	104.2	107.1
Stx1a	169.3	143.2	142.2	157.8	150.5	150.9	76.7	77	76.8	121.2	127.5	127.6	53.3	67.4	67.7	21.7	34.3	34.9
Prkcg	99.5	106.1	106.8	94.6	93.4	94.8	142.3	143	138.2	101.8	97.2	100.3	67	67.6	68.7	94.8	92.8	91.1
Aak1	126	135.3	132.1	117.2	113.5	114	123.9	120	117.9	101.5	98.7	100.1	71.7	77.6	83.5	59.6	55	52.4
Vsnl1	135.5	147.3	148.9	122.7	131.6	132.9	90.3	87.2	87.3	77.3	72.3	71.2	56.2	47.9	47.1	118	113.6	112.6
Icam5	110.8	108.2	107.9	104.6	102.9	101.7	208.2	207.6	201.9	56.8	60.2	63.1	102.8	100.5	99	16.8	20.6	26.4
Ppp3ca	113.2	102.6	110	92.7	88.3	90.6	138.1	133.4	134.9	138.7	141.3	137.8	55.2	66.2	60.1	62.1	68.2	66.6
Ndufs3	81.6	72.2	71.2	93.2	94	92.1	84.3	91.6	90	112.2	110	111.2	127.3	125.2	126.3	101.4	107	109.2
Sirt2	47.5	80.2	81.7	89.5	128.9	128.6	74.9	75.6	75.5	169.6	155.9	154.5	100.5	76.1	76.1	118.2	83.3	83.6
Slc3a2	93.2	97.9	88.9	83.7	91	94.7	129.3	131.5	139.4	83	84.7	82.6	126.2	106	108.7	84.6	88.9	85.6
Usp9x	116.7	110.4	111.2	105	104.2	105.3	112.1	113	111.8	97.2	100.9	100.1	89	91.4	91.2	79.9	80.1	80.4
Ppp2cal1	95.4	109.3	108.7	109.2	104.3	103.3	114.2	107.1	106.8	121	119.4	119.8	79.9	82.4	83.4	80.3	77.5	77.9
Epb41l1	109.6	109.9	109.6	107.4	103.8	103.5	126.1	119.8	119.5	96.5	93.5	93.3	67.3	75	75.4	93	98.1	98.7
Ina	119.6	106.4	106.1	95.3	92.9	92.6	69.6	64.1	63.9	148.5	160.7	160.4	26.3	24.3	24.4	140.7	151.6	152.6
Atp1b1	117.1	93.9	103.9	109.6	98.2	104.3	118	112.6	109.1	88	95.8	91.9	82.5	104.5	101.8	84.8	95.1	89.1
Flot1	114	114.1	109.5	110.3	106.4	105.8	115.4	116.1	115.4	95.3	95.7	94.5	63.7	66.4	68.8	101.3	101.3	105.9
Slc12a2	60.2	68.3	66.8	81.1	77.8	77.2	63.2	63.7	63	83.6	80.5	82	100.1	104.9	104.2	211.7	204.8	206.8
Dctn1	101.4	141.7	109.5	93.8	88.9	94.2	99	102.3	100	92.7	82.2	92.3	126.9	107.5	124.4	86.2	77.5	79.7
Ywhaq	111.6	98.7	97.8	104.9	91.3	91.9	100.6	89.9	90.2	92.9	96.2	94.8	84	89.9	89.8	106	134.1	135.5
Dpysl5	117.1	122.1	117.3	109.3	109.5	108.8	74.2	78.8	80.3	139	129.3	127.3	110.7	107.5	107.9	49.6	52.9	58.3
Lsamp	120.7	114.6	118.6	107.6	107.7	106.5	130.4	137.8	136.7	100.9	104.6	102.8	58.1	56.8	57.5	82.2	78.5	78
Ywhab	122.2	115.4	119	106.2	112.2	107.1	105.6	115.5	110	107.9	105.7	110.5	91.5	81.5	91.8	66.6	69.6	61.6
Unc13a	119.9	112.5	112.2	102.5	105	104.7	147.4	140.8	142.4	99.2	104.5	108	56.8	61.5	58.5	74.2	75.7	74.1
Dlg1	116.6	116.2	121.3	107.1	103.8	107.2	63.5	67.2	81	98.9	96.8	93.6	64	69.5	77.7	149.9	146.6	119.2
Erc1	69.2	77.3	77	67	77.8	77.5	111.8	112.2	111.8	65.9	68.3	68.1	56.6	66.4	66.7	229.5	197.9	198.9
Ndufa10	79.1	73.6	72.7	94.7	91	90.7	87.7	78.7	78.2	106.2	107.9	107.5	129.6	147.8	149.6	102.7	101	101.3
Lrrc7	125.9	123.3	122.8	104.2	105.4	106	151.7	144.8	145.6	132.9	131	132.9	59.8	61.8	61.6	25.6	33.8	31.1
Nefm	116.6	120.2	107.4	85.2	88	81.3	65.1	66.6	65.4	144.8	145.2	142.3	55.6	53.4	60.1	132.7	126.6	143.4
Etl4	145.1	158	152.7	138.7	145.4	142	105.8	104.8	103.3	99.9	97.4	97.1	67.5	65.8	68.8	43	28.6	36.2
Gria4	60.6	81.1	49.3	60.5	75.7	67	55	102.7	60.9	52.6	98.8	65.7	44.8	127.9	66.4	326.5	113.7	290.7
Oxct1	76.5	80.4	79	117.1	120.3	118.8	76.1	79.1	78.1	99.3	96.8	97.7	134.9	130.3	132.1	96.1	93	94.3
KRT2	65.6	NA	58.6	123.9	NA	144.4	171.3	NA	167.9	64.1	NA	53	70.4	NA	86.8	104.8	NA	89.3
Maob	95.4	92.4	92	99.4	106	105.5	113.8	108.5	108.2	77.5	76.4	76.1	112.2	113.2	113.8	101.7	103.5	104.4
Rab1A	119.9	103.9	116.4	108	92.5	107.5	99	101.5	100.5	91.9	110.8	96.9	87.3	110.1	86.5	93.9	81.2	92.2
Cap2	137.2	113.7	101.6	113.6	116.8	115	110.9	116.3	116.3	108.3	119.2	125.9	69.9	69.4	73.4	60.1	64.7	67.8
Rapgef4	113.5	96.6	96.4	99.1	96.3	95.9	113.9	112.9	112.4	101.6	109.5	109.4	55.3	57.7	57.9	116.6	127	128
Ndufs2	88.3	81	82.2	96.9	89.7	88.9	87.7	87.2	86	103.4	106.2	106.6	133.3	139.1	139.9	90.3	96.7	96.3
Adcy9	119.1	121	120.6	108.7	98.3	97.7	164.1	143.4	142.9	98.7	97.9	97.8	58.1	73.2	73.9	51.3	66.3	67
Fscn1	113	110.2	110.7	103.7	104.8	102.7	77.8	75.3	76.9	121.6	123.5	123.9	152.6	157.7	160	31.2	28.5	25.8
Amph	118.2	107.1	104.2	121.8	128	128.6	104.4	109.8	111.5	107.5	110.3	111.4	69.3	69.1	68.6	78.8	75.7	75.7
Ncam2	167.4	162.5	167.5	117.9	118.8	118.9	74.7	76.3	74.8	104.5	101.4	102.6	90.5	92	88.9	44.9	49	47.4
Flot2	96.7	100.6	98.5	104.4	107.8	102.5	102.9	121.6	117.6	104.8	97	99.9	74.8	68.1	72.1	116.5	104.9	109.5
Dpp6	106.9	84.8	84.5	91.1	79.2	79	122.4	120.6	120.3	115.8	116.1	115.8	84.4	103.1	103.6	79.4	96.3	96.9
Gnaq	80.1	112.5	107	81.8	91.6	85.2	133.8	119.2	110.4	76.9	70.3	70.3	89.4	91.2	105.1	138.1	115.1	122
Acly	108.3	102.6	102.4	95.4	94.6	94.4	98.5	97.5	97.3	152.9	155.5	155.2	85.2	86.9	87.4	59.8	62.9	63.4
Tcp1	101.2	98.1	98	103	94.9	93.7	90.7	86.4	86.6	106.8	106.7	105.4	108.3	121.3	124.8	90	92.6	91.4
Hras	120.3	108.7	116	102.1	104.3	104.2	110.4	123.5	110.5	93.8	111.1	91.5	92.1	75	89.6	81.3	77.5	88.1
Septin6	141.1	149.8	149.5	122.5	121.3	121	96.3	90.1	90	120.1	128.2	128.1	57.5	45.5	45.8	62.5	65.1	65.6
Ctnnd2	110.7	120.3	119.8	106.5	99.6	98.2	115.9	116.7	117.3	100.6	90.7	90.3	83.8	84.8	85.6	82.3	87.9	88.7
Iars2	91.8	95.9	96	98.7	107.5	107	87	96	95.8	111.4	110.6	110.3	114.8	95.1	95.5	96.3	94.8	95.3
Ncdn	107.1	86.1	91.6	95.1	92.5	100.1	170.2	144.2	140.3	105.5	132.8	127.2	81.6	100.9	95.4	40.5	43.4	45.4
Hbb	81.6	85.5	NA	76.9	83.8	NA	81.9	84.5	NA	78.9	85	NA	131.2	121.3	NA	149.5	139.8	NA
Septin5	126.6	137.9	136	130	127.1	126.8	99.9	94.4	94.2	121.5	115	115.5	64.6	62.4	62.8	57.5	63.2	64.7
Hspa4l	102	104.6	101	96.5	97.4	96.2	82.9	79	78	106.6	109.4	110.8	87.3	86.1	89.7	124.7	123.5	124.2
Mthfd1l	76.1	86.2	85.9	79.4	82.8	82.4	84.7	79.7	79.4	68.3	67.2	67	65.1	68.3	68.6	226.4	215.8	216.8
Myh14	68.4	71.6	71.4	79.5	80.6	80.3	90.1	90.1	89.8	91.8	91.2	90.9	94.7	99.5	99.9	175.5	166.9	167.8
Nptn	130.7	123.9	123.7	100.1	109.6	109.1	101.5	101.6	98.9	85.9	87.5	86.3	76	72.6	74.3	105.8	104.7	107.7
Afg3l2	81.7	86.1	85.4	93.6	102	101.1	88.4	88	87.5	104.4	97.3	96.4	128.3	126.9	129.1	103.6	99.7	100.6
Rtn3	122.1	136.3	130.2	112	112.6	117	105.5	103.4	101.7	106.9	109.2	109.6	87.5	69.5	75.1	66.1	69.1	66.4
Gnaz	134.9	131.2	133.1	116.1	117	120.4	135.6	126.2	133.7	97.8	101.9	98.5	62.3	68.2	62.4	53.2	55.5	51.9
Ehd3	97	119	104.1	107	118.4	108.3	117	117.1	113.1	98.1	102.5	102.4	88.1	96	95.1	92.7	47.1	76.9
Ywhag	124.9	124.2	119.6	113.9	116	115.3	114.4	112	114.5	91.2	88.1	93.6	76.9	81.2	79.4	78.8	78.6	77.6
Cct5	114.6	101.3	107.8	103.6	101.5	98.4	94.5	90.3	88.8	97.2	101.5	99.2	103.1	117.1	120.2	87	88.4	85.6
Dpp10	151.9	163.1	160.7	135.6	138.3	136.3	76.9	76	75.8	93.9	88.7	90.4	89.4	86.1	86.7	52.3	47.8	50
Ptprs	117.2	NA	124.7	107.7	NA	105.9	174.4	NA	182.5	96.2	NA	92.7	69.9	NA	64.1	34.5	NA	30.2
Rab5c	104.9	89	88	99.3	93.7	91.9	96.6	100.7	100.3	87.2	97	97.1	116.5	115.9	117.9	95.5	103.8	104.7
Cacna2d3	113	116.2	116	104.5	100	99.9	167.5	162.2	162.1	155.9	162.7	162.7	25.4	28.2	28.3	33.8	30.7	31
Acad9	93.7	90.5	86.2	106.6	110.7	109.8	90.9	82	83.7	93.4	91.3	90.2	112.2	119.7	121.5	103.2	105.7	108.7
Tjp1	95.9	96.2	95.5	82.5	82.5	82.3	100.4	111.6	111.2	86.9	86	86	113.3	108.9	109.4	121.1	114.8	115.6
Phgdh	79.5	68.8	74.5	70.7	65.5	69.4	90.5	88	85.6	87.2	87.2	85.5	146.8	157.9	157.8	125.3	132.5	127.2
Actbl2	69.8	115	114.6	129	78.1	77.8	115.8	93.1	92.8	79.2	82.1	81.9	69.6	163.8	164.6	136.6	67.8	68.2
Ubr4	114.1	118.6	115.8	101	94.2	93.4	104.2	99.9	98.7	96.3	94.2	94.8	93	104.3	106.1	91.4	88.7	91.3
Cap1	121.8	114.1	112.1	87	87.2	86.9	109.5	99.6	100.4	133.4	134.8	134.9	90.6	94.6	95.5	57.7	69.8	70.2
Rock2	119.9	115.8	117	111.3	111.9	108.4	110.3	108.5	108.2	92	99.7	100.4	64.9	60.5	60.2	101.6	103.5	105.7
Prkca	89.8	103.8	82.4	74.8	84.9	72.2	133.2	111.9	130.6	72.6	94.6	69	167.8	138.5	171.1	61.8	66.3	74.7
Pacsin1	120.4	125.5	124.6	122.8	121.8	121.5	86.8	91.3	91.5	135.4	127.6	127.7	73.8	73.1	73.4	60.7	60.7	61.4
Acsl1	93.6	106.7	106.4	92.8	100.9	100.6	82.5	79.7	79.5	120.4	119.2	118.9	135.2	125.2	125.9	75.5	68.3	68.7
Kif5b	65	80.9	77.2	66.2	79.4	77.9	68.4	72.1	70.1	76.6	81.6	81.7	188.9	155.6	164.4	134.9	130.5	128.7
Oxr1	125.4	118.4	118.3	106.8	110	110.5	126.2	134.3	133.3	102.6	97	97.4	82.9	82.5	83.6	56.1	57.8	56.9
Mink1	119.4	118.1	118	104.1	104.2	103.8	129.8	134	133.4	110.3	107	106.7	78.6	80.1	81	57.8	56.6	57.1
Napg	123.4	111.8	111.3	107	108.5	108.1	123.1	124.5	123.8	101.4	105	104.9	75.8	80	81.1	69.3	70.1	70.9
Prkar2b	153.7	154.8	154.7	110.8	128.4	128.7	53.2	64.8	64.6	185.3	174.3	174	71	54.9	55.1	26	22.8	22.9
Dnm2	96.7	91.7	91.6	90	85	84.9	99.6	97.9	97.6	90.2	90.2	89.6	120.1	129.6	129.8	103.3	105.5	106.4
Maoa	97	99.7	99.2	110.3	104.6	103.4	108.4	103	103	112.2	109.9	110.9	90.9	100.1	100.4	81.2	82.6	83.1
Septin2	86.1	101.6	101.3	95.1	95.3	95.1	123.2	119.4	119.1	90.1	87.9	87.8	123.9	121.5	122.1	81.6	74.2	74.7
Ppp3cb	133.9	132.1	131.8	117.3	109.6	109.4	142.6	130.2	130	87.7	93.1	93	64.6	71.5	72	53.9	63.4	63.9
Ipo5	110.7	103.3	100.5	100.6	94.7	93.9	89.4	91.6	90.3	102.5	98.1	98.5	103.7	113.8	117.6	93.1	98.5	99.3
Ahcyl2	84	59.1	58.9	74.1	76.1	75.7	103.7	93.6	93.2	62.1	74.4	74.1	136.5	146	146.5	139.5	150.8	151.6
Acat1	87.1	94.5	91.6	109.8	108.7	106.7	104.4	117.4	117.3	102.4	97.4	97.3	132	119.7	124	64.3	62.3	63.2
Dlg3	125.6	114.1	115.1	116	103.7	103	149.5	144.5	144.9	87	90.9	88.8	87	112.9	114.7	35	33.9	33.5
Pde10a	83	88	88.9	28.1	49	41.2	21	36.8	28.9	442.3	354.7	402.9	12.2	35.6	17.9	13.5	35.9	20.2
KRT10	47.6	NA	43.9	105.7	NA	107	188.2	NA	186.1	62.7	NA	62.1	56.8	NA	52.2	139	NA	148.7
Rab3b	105.6	104.5	104.2	119.5	118.6	118.3	96.2	95.8	95.6	76.3	75.3	75.1	166.2	175.5	176.4	36.2	30.3	30.5
Snca	102.3	88.5	88.3	126.3	121.7	121.4	91.3	93.5	93.3	134.6	140.9	140.6	88.8	95.7	96.2	56.8	59.7	60.1
Ndufa9	84.4	77	70.5	87.9	91.9	90.6	85.8	88.6	91.8	106	108.6	110.2	130.2	131.1	131.1	105.7	102.7	105.7
Hadhb	79	82.5	79.8	94.8	92.1	91.2	89.8	85.2	84.6	72.9	79.3	78.8	146.3	145.5	148.9	117.2	115.4	116.6
Sv2a	110	111.6	108.7	101.7	106.9	107	124.3	117.7	119.9	104.5	104.2	104.1	86.7	86.4	87.8	72.7	73.1	72.5
Tln1	94	95.5	95.2	79.8	77.2	76.8	84.7	83.5	83.1	75.5	74.5	74.2	151.3	150	150.6	114.7	119.3	120
Septin11	129.6	126.2	126.2	116.2	117.3	117.2	101.6	100.6	100.4	92.4	105.5	105.5	97.4	86.2	86.2	62.8	64.2	64.6
Slc4a4	46.9	49.1	48.1	43.6	45.1	44.5	68.8	65.3	65.1	56.4	53.8	53.8	147.4	151.6	151.7	236.8	235.1	236.9
Calm1	113.4	121.6	111	110.8	96.4	96	93.6	96.6	102.6	115.5	101.3	124.4	91.3	130	105.1	75.4	54	60.9
Actr2	84.6	77.1	82.3	114.9	116	112.3	141.7	132.3	135	110.6	115.9	110.4	86.9	90.8	91	61.3	67.9	68.9
Ctnna2	127	134.5	136.3	114.8	119.1	119.7	130.4	129	128.8	99.7	96.4	96.2	75.3	71.3	70.1	52.8	49.7	49
Add1	90.8	103.2	103.1	81.4	87.1	86.7	107.8	115.1	114.8	95.2	89.7	89.9	114.5	102.5	102.5	110.3	102.3	103.1
Pfn1	97.6	88.2	84.3	92	88	89.6	131.2	132.6	132.1	101.8	103.3	103.1	108	114.8	116	69.4	73.1	74.9
Psat1	113.6	98.8	102.8	112.6	109.1	109.8	108.5	98.4	100.9	104.7	115.2	112.1	107.6	115	112.1	53	63.5	62.4
Rab2b	108.9	117.2	116.9	108.1	104	103.7	107.7	104.2	103.9	85.1	95.1	94.9	80.9	86.5	86.9	109.2	93.1	93.7
Rab3c	112.6	105.5	97.8	112.5	115.3	117.1	117.1	119.5	117.2	125.3	131.8	139.5	78.7	75.4	78.7	53.7	52.5	49.6
ENSRNOG00000068034	26.1	19.9	19.1	12.2	9.7	9.5	13.3	12.2	12.1	33.2	32.5	32.2	92.9	88	85.4	422.2	437.7	441.7
Slc4a10	113.7	116.2	119.1	120.8	129.7	131.1	99.1	100.6	92.1	45.2	48.2	41.6	109.3	100.1	105.5	111.9	105.2	110.6
Prkcb	119.7	111.5	114.4	100.8	106.1	96.8	91.9	106.6	102.4	151.6	148.9	123.6	59.1	54.6	96.5	76.9	72.3	66.5
Vim	44.2	33.3	43.1	40.8	30.5	25.3	50.9	44.3	54	20.9	16.3	17.8	278.2	316.1	286.4	165.1	159.6	173.3
Sv2b	120.4	116.3	119.2	112.1	110.8	111.9	153	142.6	151.1	95.5	101.9	94.9	50.6	57.7	52.9	68.5	70.7	70
Me3	80	85.6	85.4	108	115.1	114.9	124.1	129.4	129.2	126.1	121.3	121.1	96.9	91.5	92	65	57.1	57.5
Akap5	136.2	133	136.8	105.5	110	103.3	92.2	91.7	87.8	211.8	203.4	204.2	45	49.3	50.6	9.2	12.6	17.3
Cpne6	67.2	57.9	56.3	70.2	65.9	65.2	177.8	177.2	175.5	41	42.5	42.7	210.1	226.2	229.6	33.7	30.3	30.7
Pdcd6ip	100.6	NA	104.8	91.6	NA	93.8	92.7	NA	97.1	103.2	NA	105.5	113.6	NA	98.8	98.3	NA	100
Alcam	130	131	132.2	99	97.3	95.2	102.6	107.2	105.7	112.9	122.8	122.9	78.6	72.6	74.2	76.9	69.1	69.7
Afdn	99.3	99.2	97.4	99.4	100.9	101.4	125.2	124.1	121.2	81.3	87.5	88	110.7	108.9	112	84.1	79.4	79.9
Atp1b2	80.4	68.1	70.2	75.6	64.5	64.9	91.8	86.2	88.1	70.2	67.1	68.6	86.3	102.5	98.6	195.6	211.6	209.7
Clip2	118.2	121.7	120	105.3	109.2	108.2	94.4	104.4	103.3	85.2	82.5	83.3	115.7	102.4	104.5	81.2	79.7	80.6
Lancl2	109.9	107.8	107.5	110.5	119.5	121.2	108.2	105.7	107	93.2	93.8	93.5	81.5	84.1	82.7	96.8	89.1	88.2
Kras	112.2	115.1	115.3	104.5	106.5	112.2	93	102.4	104.7	75.3	84.9	80.1	118.1	100.2	98.9	97	90.8	88.9
Sbf1	130	120.3	120	113.1	117	116.3	140.7	131.3	131.3	80.6	86.4	86.2	71.5	61.4	61.6	64.2	83.6	84.5
Sfxn3	90	80.1	79.9	93.6	85.5	85.2	85	96.5	96.2	91.8	95.7	95.4	128.5	125.4	125.9	111.1	116.7	117.4
Nrcam	120.1	106	106.8	99.8	97.8	97	114.1	114.5	115.4	78.1	84	82.5	89.8	94.7	94.9	98.1	103.1	103.3
Rap1gds1	141.2	135.1	134	108.4	105.6	104.5	88.9	88.3	87.4	103.2	106.5	106.7	95.8	98.7	101.1	62.6	65.8	66.2
Gna11	109.5	108.2	107.9	89.6	97.7	97.4	134.7	139.2	138.8	71.9	81.2	81	94.5	76	76.4	99.8	97.8	98.4
Mapt	114.7	118.8	120.6	109.1	115.2	115.1	94.3	98.6	98	114.3	111.2	111	92.2	79.1	79.8	75.5	77.1	75.4
Sfxn1	67.1	85.2	83.5	111.3	120.5	120	107.9	103.5	103.3	99.4	89	89	139.3	144.5	146.6	75	57.3	57.6
Slc25a22	91.6	99.2	97.9	107.2	107.1	108.5	132	126.3	128.2	97.2	91.4	91.8	102.1	105.2	103.4	69.9	70.8	70.2
Atp8a1	100.4	97.2	95	92.5	93.4	93.2	139.7	140.9	140.2	102.5	106.5	106.8	68.3	63.9	64.6	96.5	98.1	100.2
Stip1	100.9	99.7	97.7	97.1	99.2	99.6	103.1	100.7	101.2	94.5	98	98	112.1	112.1	112	92.4	90.4	91.4
Map4	76.4	68	67.5	64.5	64	63.4	161.5	177.1	176.5	80.9	80.1	79.9	106.9	103.6	104.5	109.8	107.2	108.2
Cct7	108.9	109.4	103.4	102.6	95.9	97.9	91.9	88.2	91.8	98.1	102.4	104.6	108.3	114.5	113.5	90.2	89.6	88.8
Pkp4	89.4	77.5	71.2	93.1	84.8	77.8	153.4	150.3	119.4	70.1	76.5	75.4	94.7	76.8	95.2	99.3	134.1	160.9
Sgip1	117.1	123.5	123.6	106.5	105.4	104.8	113.2	117.9	117.2	119.5	107.7	107.9	75.3	78.2	78.9	68.3	67.3	67.6
Palm	115.4	118.5	118.2	102.6	102.3	102	108.9	106.8	106.6	88.6	88.5	88.4	119.6	120.3	120.9	64.9	63.5	64
Ndrg2	78.1	85.7	NA	73.3	76.8	NA	95.3	100.9	NA	96.3	94.1	NA	102.8	95.4	NA	154.2	147.1	NA
Lap3	84.4	81.5	76.9	93.2	91.9	92.7	79.7	78.3	76.1	107.6	109.8	109.4	122.1	127.8	129.5	112.9	110.8	115.3
Ap3d1	105.9	109.4	109.2	103.1	102.2	101.6	110.1	107.2	107.3	112.2	110.3	110.4	88.1	88.6	88.7	80.7	82.3	82.8
Gad2	96.7	102.8	103.9	108.4	108.4	112.1	118.2	120	126.4	124.1	114.1	113	112.8	109.6	99.3	39.8	45.1	45.3
Gnai3	96.1	108.8	108.4	80	71.9	71.7	91.9	91.8	91.5	77.8	74.2	74	158	153.2	153.9	96	100	100.5
Homer1	141.2	139.6	139.1	113.5	123.2	122.7	102.2	98	97.8	121.9	143.1	143	64.8	69.4	70.3	56.5	26.6	27.1
Atp6v1e1	96.8	87.3	87.5	117.8	116.2	118.5	132.3	134.1	136.1	107.4	104.1	99.5	81.2	89.1	86.9	64.5	69.2	71.5
Etfdh	82.2	75	71.6	84.9	85.5	84.2	91.4	83.7	81.5	101.8	106	107.3	138.3	151.8	154.2	101.3	98.1	101.2
Adam22	134	125.9	118.8	110.7	108.9	109.2	78.6	82.8	77.9	98.3	102.6	97.9	51.2	55.3	55.9	127.2	124.6	140.4
Cntnap1	99.7	91.7	89	86	82.5	81.2	103.6	110.9	109.5	84.9	94	94.5	65.8	55.4	56.8	160	165.6	168.9
Alg2	128.4	112	113.3	106.8	99.5	99.4	120.1	109.3	108.2	73.5	77	76.7	58.2	69.5	69.8	113	132.8	132.5
Nf1	112.5	114.2	114.2	114.2	104.8	105.7	94.2	88.3	91	105.1	103	109.8	73	81.4	77	100.8	108.3	102.3
Ppp1ca	105.4	115.1	114.9	103.1	102.3	102	114.5	111.5	111.3	124.3	121	120.8	89.1	87.6	88.1	63.6	62.5	62.9
Pals2	55.8	68.6	67.8	58.7	63.6	63.1	86.7	82.1	81.7	77.7	77.6	77.7	94.5	88.2	88.6	226.6	219.8	221.2
Vcl	91.7	84.7	83.9	74.1	71.9	71.8	102.5	101.2	101.5	80.4	80.9	81.6	149.7	160.4	160.4	101.6	100.9	100.7
Dclk1	137	114.2	106.5	112.8	113.2	112.2	102.3	99.6	99	68.5	88.6	91.8	143.3	141.5	143.4	36.2	43	47
Rpn1	177.5	157.1	153.6	108.4	103.1	107.6	106.1	102.2	105.3	55.5	63.9	65.6	55.4	75.5	71.4	97.2	98.1	96.5
Cdc42	106	97.6	97.3	114.8	103.8	103.4	85.3	90	89.8	87.5	87.3	87.1	97.6	104	104.4	108.8	117.2	117.9
Aifm1	78.9	70.1	69.5	81.8	81.7	80.5	81.6	81.8	81.1	84.5	85.8	85.5	154.7	158.3	161.1	118.4	122.4	122.4
Psd3	129	128	131.8	136.8	136.2	140	102	102.3	97.9	50.8	56.5	56.9	63.7	58.2	55.4	117.7	118.9	118.1
Hsp90b1	143.2	134.3	132.6	114.4	109.3	109.3	94.1	101.6	102.1	57.8	60.7	61.1	77.9	77.2	76.8	112.7	116.9	118.1
Cadps2	96	91.1	90.7	81.2	73.5	73.2	56	48.5	48.3	66.7	57.4	57.1	32.6	25.1	25.1	267.4	304.3	305.6
Cct4	106.4	98.2	96.7	102.5	100	99.3	89.6	91.7	91.3	99.2	103.1	102.9	113.6	116.5	118.9	88.7	90.5	90.9
Cfl1	104.9	111.3	108	105.3	105.5	106.6	108	113	114.7	100.1	98.6	99.4	102.1	92.3	88.9	79.6	79.3	82.3
Mtch2	92.1	90.4	90	85.8	87.9	87.5	83.1	88	87.7	98.1	96.5	96.2	118.9	115	115.5	122.1	122.3	123
Aldh2	74.7	81.7	81.3	84	98.1	97.7	73.9	73.4	73.1	98	87.2	87	131.2	128.1	128.6	138.2	131.5	132.2
Syp	114.9	106.5	106.2	108.1	113	112.9	128.9	130.2	129.1	117.1	121.2	121.9	69.8	68.9	70	61.2	60.2	59.9
Cit	128	126	126.3	124.5	127.4	125.6	71.1	66.5	65.7	153.6	163.5	164.1	74.6	77.4	78.3	48.2	39.2	39.9
Calr	122.3	118.6	112.9	105.9	106.5	105.5	104.9	108.9	108.4	74.7	76.1	75.3	77.1	75.9	80	115.1	114	117.9
Prdx5	95	74.4	74.2	101.9	101.6	101.2	88.1	93.7	93.4	123.5	127.9	127.6	87.8	93.8	94.3	103.7	108.6	109.3
Actr1b	106.1	94.2	100.8	104.3	88	89.8	97.9	68.3	75	95.7	119.9	112.4	113.4	142.6	139	82.6	87	83
Septin4	70.5	78.5	77.7	89.5	93.3	92.6	75.2	61.7	61.3	91.2	86.5	85.8	59.1	57.6	58.1	214.5	222.4	224.5
Epha4	130.2	112.4	112.4	105.8	113.8	113.8	170.4	184	183.7	113.5	111.9	111.6	51.6	49.2	49.6	28.4	28.7	28.9
Pebp1	98.3	90.4	90.1	95.8	81.9	81.6	88.8	85.6	85.3	108.6	107.6	107.3	119	139.6	140.2	89.3	94.9	95.4
Tagln3	105.3	102.4	102.1	110.1	107.5	107.1	95.9	90.3	90.1	76.2	75.6	75.5	73.3	81.1	81.4	139.1	143	143.7
Strn	109.3	104.8	104.6	96.5	91.1	90.6	106.4	109.1	110.3	168.7	166.3	162.3	63	69.1	71.1	56	59.6	61.1
Cox4i1	78.4	77.8	77.4	84.9	89.7	89.3	74.7	85.1	84.8	97.5	99	98.8	163	140.9	141.5	101.4	107.5	108.2
Qdpr	100.9	97.2	97.4	93.2	96.7	96	93.4	92.7	93.1	118	116.9	116.2	122.6	124	122.1	71.8	72.7	75
Hsd17b10	99.5	90.4	89	114.6	113.1	113.2	83.7	82.4	81.7	96.4	100.5	99.8	93.4	100.9	102.8	112.4	112.7	113.4
Crym	111.4	121.2	121	113.9	105.4	105.2	172	146.2	146	121.5	124.1	124	67	71.4	71.8	14.1	31.8	32
Slc6a11	55.9	53	50.2	40.9	40.1	38	50.3	43.6	41.8	62.6	61.5	60.9	329.1	336.1	344.6	61.2	65.7	64.4
Arpc2	92.6	103.8	103.7	102.5	105.5	105	159.6	156.6	156.7	94.2	85.5	84.8	85.9	83.5	84.2	65.1	65	65.6
Gnb4	138.5	145.4	145	110.4	118	117.7	49.6	48	47.8	90.9	87.9	87.7	99.3	95	95.5	111.4	105.7	106.3
Ndufv2	75.9	75	70.9	97	98.8	98.4	89.6	94.4	94	107.3	105.6	107.3	121.4	119.8	124.8	108.9	106.4	104.6
Scai	109.7	112.4	112.2	116.9	115.4	115.1	133.6	139.6	139.3	101.6	97.8	97.6	51.5	44.2	44.5	86.6	90.6	91.2
Cct6a	106.8	103.4	102.1	101.7	101.3	99.9	91.1	92.5	90.8	103.1	99.9	99.9	108.4	106.2	112.1	88.8	96.6	95.2
Anks1b	126.5	134.3	133.4	115.8	116.8	116.7	163.6	141.9	142.7	124.3	126.4	126.8	50.5	50.2	50.4	19.3	30.5	30
Hpca	96.1	78.8	78.7	83.1	81.5	81.4	185.1	183.3	182.9	124.8	134.6	134.5	39.4	49.1	49.4	71.6	72.6	73.2
Gphn	96.1	92.7	93.1	84.2	84.2	84.5	109.3	111.7	112.8	114.9	113.5	113.3	135.1	137.1	135.6	60.3	60.8	60.7
Sipa1l1	97.5	91.5	91.2	97.7	86.7	86.4	113.3	116.7	116.3	90.4	86.9	86.7	162.5	167.9	168.7	38.6	50.4	50.7
Mcu	68.6	60.1	59.9	78.3	84.2	83.9	103.6	105.3	104.9	96.2	103.6	103.3	149	148.5	149.1	104.3	98.4	99
Gnas	116.7	114	113.2	108.5	108.3	107.3	110.2	102.8	100.8	62.3	65.3	66.9	100.9	108	108.5	101.4	101.6	103.3
Acsbg1	81.2	63.2	62.9	76.7	76.8	76.7	79.9	85.1	84.6	69.5	77	76.1	166	168	169.3	126.7	129.9	130.3
Plxnb1	101.1	99.8	100.5	86	95.3	94.5	131.7	127.3	126.7	69.7	79.1	78.2	99.3	90.9	90.9	112.2	107.6	109.2
Nrxn2	132.5	87.4	84.9	91.9	84.1	83.5	88.3	87.8	86.8	87.1	101.1	102.1	129.6	158.2	165.1	70.6	81.4	77.6
Suclg1	65.6	55.6	53.5	93.3	85.5	84.1	91.2	89.5	87.5	106.1	115.3	116.2	130.1	132.2	134.9	113.6	122	123.7
Eea1	125.2	120.7	122.3	113.1	108.7	107.8	90	92.3	93.3	102.4	101.1	94.5	79.3	79.6	80.4	90	97.6	101.8
Atl1	130.5	130.9	130.6	120.8	125	124.7	106.2	106	105.8	116.7	113.3	113.2	66.5	59.4	59.7	59.3	65.4	65.9
Hip1r	123.5	108.9	108.6	112.4	105.9	105.6	103	104	103.8	102.9	109.8	109.6	84.7	91.3	91.8	73.4	80.1	80.6
Gna13	107.4	100.1	99.8	99.9	99.8	99.5	134.2	123.7	123.4	82	84.6	84.4	78.3	101.2	101.8	98.2	90.5	91.1
Pdia3	104.9	108.1	105.4	98.3	101.5	99.9	103.2	107.8	107.7	80.9	79	79.9	99.7	90.1	91.3	112.9	113.5	115.9
Ndufa12	74.9	75.3	73.3	88.5	89.4	89.6	79.7	89.3	89.2	128.8	109.9	108.6	130.5	137.2	138.9	97.6	98.9	100.3
Arf5	78.5	81.7	78.5	105.2	112	110.7	74.6	84.8	82.8	155.8	142.2	145.3	125.2	108.9	111.7	60.7	70.4	71
Cisd1	90	75.6	75	100.7	93.9	86.4	74.3	76.1	75.6	97.7	98.9	99.8	144.3	156	161.5	92.9	99.5	101.7
Atp5pd	85.4	73	72.5	95.7	93.6	93.4	85.2	82.7	82.2	100	110.6	110.5	131.6	132.2	132.9	102.1	107.9	108.6
Mccc2	87.3	86.5	86.2	102.7	104.1	103.8	94	84.3	84.1	94.4	99.5	99.2	102.4	107.1	107.6	119.3	118.5	119.1
Ctbp1	107.4	102.2	102	99.7	106.3	106.1	118.3	112	111.8	132.4	130.8	130.6	64.3	71.5	71.9	77.8	77.2	77.7
Nras	97.2	90.7	101.6	96	92.1	97.2	91.6	94.6	93.5	101.3	108.6	98.8	123.2	126.6	120.3	90.7	87.5	88.7
Slc27a1	78.1	75.7	NA	106.7	112	NA	84.1	95.1	NA	67	69.3	NA	148.9	138.5	NA	115.2	109.3	NA
Pak1	133.1	128.9	142.2	112.1	107.5	110.9	82.7	83.8	62.8	101.8	100.6	108	97.1	105.6	92.4	73.3	73.6	83.7
Mapk1	98.8	102.1	102.4	110.4	113.8	113.8	125.3	123.4	122.9	103.3	104.5	104.3	91.1	92.8	92.9	71	63.4	63.7
Ppp1cc	88.9	118.5	118.2	92.8	76.9	76.7	135.8	114.7	114.4	122.7	120	119.8	100.9	117.1	117.8	58.9	52.8	53.1
Iqsec1	112.7	112.8	110.7	107.1	112.3	111.5	120.9	123.4	122.6	104.4	100.4	101	58	55.3	56.7	96.9	95.8	97.4
Agk	86.8	83.8	89.4	96.5	99.5	98.9	80.5	86	89.3	117.6	117	113.8	149.4	143.2	138.3	69.1	70.6	70.3
Slc8a2	116.1	121.5	123.2	99.6	97.2	99.3	128.1	127.6	125.1	100	98.2	98.9	46.1	41.4	42.9	109.9	114.1	110.7
Rab10	87.6	103.9	102.6	109	105.4	108.2	119.1	115.7	113.9	103.1	96.2	96.6	91.9	94.6	95	89.2	84.2	83.6
Actr3	95.4	99.6	101.9	92.5	94.8	92.2	153.4	149.8	145.2	89.8	88.2	85.5	92.8	96.8	101.8	76.1	70.8	73.4
Kpnb1	106.9	103.4	103.1	97	98.8	98.5	109.1	107.8	107.5	103.6	104.1	103.9	94.3	96	96.5	89.1	89.9	90.5
Ndufs4	82.5	78.2	82.7	92.1	103.8	99.1	86.6	95.8	90	108.9	104.5	105.1	129.4	122.1	126.4	100.5	95.8	96.7
Cul5	112.3	96.9	97.1	91.8	98.2	97.8	102.4	101.8	103	99.9	101.7	101	90.6	100.5	99.9	103	101	101.2
Hprt1	113	106.6	106.3	103.8	105	104.7	92.5	93.7	93.5	96.3	99.9	99.7	103.2	104.2	104.8	91.2	90.5	91.1
Ehd1	83.4	71.9	70.6	79	79.9	69.2	99.3	100.6	94.9	91.4	88	74.4	55.2	73.8	60.6	191.7	185.7	230.4
Dnajc6	140.8	117.9	117.6	103.3	101.9	101.6	106.5	110.5	110.2	102	108.6	108.4	89.1	84	84.4	58.4	77.2	77.8
Gad1	88.6	94.2	93.9	80.5	84.9	84.7	81	88.1	87.8	135.5	127.4	127.1	139.7	130.8	131.4	74.7	74.6	75.1
Tmod2	98.4	89.1	89	97.3	98.3	97.5	110.2	103.8	103.5	93.3	97.3	97	99.2	114.7	115.8	101.5	96.9	97.2
Madd	122.2	112.3	112	101.9	100.6	100.3	101.9	93.5	93.2	118	124.3	124	71.2	80	80.4	84.7	89.4	90
Dctn2	114.5	110.2	109.8	98.2	102.2	101.8	98.6	103.9	103.7	97.3	94.5	94.4	109	110.1	110.7	82.3	79.1	79.6
Aldh6a1	71.3	84.9	84.6	105.8	107.3	106.8	86.4	97.1	97	77	82.2	82	131.9	115.9	116.4	127.6	112.6	113.2
Aldh7a1	87.1	86.5	86.2	117.3	124.6	124.2	87.9	91.6	91.3	80.9	78.8	78.6	117	107.6	108.1	109.8	110.9	111.6
Grid2	33.2	29.2	28.9	24.7	16.5	16.4	23	13	12.9	41.5	33.6	33.4	21.5	7.3	7.3	456	500.4	501.1
Acadvl	73.8	88.1	88.7	94.5	99.5	100	95.8	99.6	96.4	78.7	74.6	73.9	117.2	107.3	107.1	139.9	130.9	134
Itsn1	111.7	115.1	114.8	94.4	117.2	116.9	109	112.2	111.9	89	74.9	74.8	99.7	84.3	84.7	96.1	96.3	96.9
Cul3	120.9	119.9	120.4	107	106.4	105.8	100.3	95.9	96.1	101.3	103.5	102.5	91.1	98.5	98.6	79.4	75.8	76.6
Lonp1	97.4	83.3	83.1	117.4	99.7	99.3	93	87	86.7	103.8	111.6	111.4	92.2	108.6	109	96.2	109.8	110.5
Pacs1	129.2	127.7	127.4	116.7	122.4	122.1	102.7	97.9	97.7	104	107	106.9	68.3	67.7	68.1	79.1	77.3	77.8
Gap43	116.4	119.1	121.7	111.3	113.6	111.6	87.4	90	88.6	115.5	118.3	119.7	108.7	102	101.6	60.6	56.9	56.9
Cttn	96.6	96.7	95.8	89.7	93.6	93.2	159	154.9	154.4	82.5	83	83	99.9	101.6	103	72.3	70.1	70.6
Rac1	125.5	119.7	128.1	107.5	105.6	105.8	103.5	100	94	86.4	88	85.9	86.2	95.6	99.6	90.9	91.1	86.6
Rap1b	90.2	107.1	100.8	96.6	96.3	101.7	102.1	126.9	111.4	96.7	79.1	87.3	107.3	101.7	96.5	107.2	89	102.2
Idh2	70.8	85.5	85.2	113.2	113	112.6	78	80.4	80.1	75.5	71.2	71	123.6	121.9	122.4	138.9	128.1	128.8
Rab35	123.4	116.1	114	108.6	111.7	110.4	111.2	110.1	110.1	88.7	92.1	93.6	65.4	74.7	78.5	102.7	95.3	93.4
Rrbp1	119.4	125.1	122.7	87.2	93.4	93.7	99.8	97.1	96	55.2	52.3	52.4	113.5	117.7	119.1	124.9	114.3	116.1
Cadm3	114.4	97.7	98.8	96.7	89	88.9	97.4	100.3	98.7	88.1	95.4	94.1	43.3	48.9	48.2	160.1	168.8	171.3
Kif2a	93.2	93.9	93.2	103.6	103.9	102.8	126.8	124.7	122.5	90	87.8	88.5	110.3	112	115	76.1	77.7	78
Coro1a	123.2	136.6	135.8	131.3	129.1	129.4	144.4	140	140.1	79.2	78.1	78.3	66.2	67.1	66.9	55.8	49.2	49.6
Prkce	97.9	97.5	98	113.1	107	107.7	148	148.4	145.1	95.1	96.9	99.5	84.1	85.8	87	61.8	64.3	62.6
Acot9	103.9	94	91.8	117.9	122.7	123.7	115.4	120.9	121.6	114.3	115.7	115.9	73	76.7	77.7	75.4	69.8	69.3
Grin1	121	126.2	126	112.4	115.3	115.8	185.4	185.8	186.3	78.9	75.4	74	70.8	69.4	69.4	31.5	27.9	28.3
Grin2a	123.9	129.7	129.6	114.4	107.7	107.5	224	216.6	216.3	54.6	57.8	57.8	47	52.3	52.7	36	35.9	36.2
Ppp1r7	102.3	121.6	121.3	110	110.2	108.6	102.2	104	101.3	135.6	130.4	132	83.1	71	71.8	66.7	62.8	65
Calb1	63.7	66.4	65.7	59.8	63.7	63	45.5	43.3	42.5	90.9	90.2	89.3	16	16.1	17	324.2	320.3	322.6
Mpp2	120.3	109.1	108.6	96.2	94.1	93.7	93.7	88.5	88.1	56.3	61	60.9	128.1	137.9	138.7	105.4	109.3	110
Sccpdh	106.7	114.2	113.9	85.5	90.6	90.3	51.3	51.9	51.8	175.8	178.8	178.5	105	89.3	89.8	75.7	75.2	75.7
Cyc1	96.6	71.4	72.9	103.2	102.8	100.2	71.9	99	95.2	87.1	105.2	104.4	148	118.2	123.8	93.3	103.4	103.5
P4hb	104.6	100.6	100.2	96.3	86.2	85.9	90.9	90.1	89.8	79.9	79.9	79.6	101.6	111.1	111.6	126.7	132.2	132.9
Add2	125	125	124.7	100.1	100.3	100	112.7	110.1	109.9	91.6	96	95.9	101.6	100.2	100.7	69	68.3	68.8
Stxbp5	112.4	118.4	120.2	95.6	97.2	95.9	150.2	151.5	143.8	79.7	74.4	78.7	87.4	79.7	86	74.7	78.7	75.4
Uchl1	136.1	130.7	132.6	120.5	122.5	121.3	104.4	105.8	105.4	127.5	128.5	128	83	86.2	86.7	28.5	26.3	26
Dbn1	113.8	112.7	112.2	115.9	117.4	117.2	165.2	159.6	159.7	74.1	76.5	76.4	102.6	105.8	106.2	28.4	28	28.3
Pafah1b1	118	118.2	116.9	107.8	104.9	105	96.8	90	89.2	97.1	101.6	102.6	98.4	106.7	106.9	81.9	78.7	79.4
Rhoa	92.4	95.9	94.6	105.8	108.5	107.7	80.4	84.2	84	102.7	97.3	96.8	113.7	111.2	113.3	105	102.9	103.7
Sh3gl1	120.5	121.5	131.9	124.7	119.4	120.7	100.9	113.1	105.9	107	105.3	100.7	70.3	64.8	73	76.6	75.8	67.7
Gk	73.7	67.4	68.3	92.2	90.7	90	102.1	98.8	99.2	96.9	100.5	98.9	127.3	135.2	134.7	107.8	107.4	108.8
Ddah1	115.2	127.4	124.9	111.3	115.9	111.1	88.1	80.5	83.7	117.8	129.3	118.4	117.1	115.7	121.1	50.5	31.3	40.8
Acot7	123.4	124.7	124.4	118.2	123.7	123.4	108.3	118.2	118	97.6	89.3	89.2	83.2	79	79.5	69.3	65	65.5
Syt12	79	85.6	84.3	65.7	65.8	65.9	82	81	80.3	95.6	95	94.6	36.4	36.5	36.5	241.2	236.2	238.3
Sdhb	76.2	78.7	80.2	88.3	92.1	92.5	85.2	87	85.8	98.6	100.3	99.4	143.6	134	136.9	108.2	107.9	105.1
Jup	73.9	98.9	103.1	70.3	100.9	107.1	82.1	113.7	122.2	66.4	77.1	78.9	132.3	92	80.8	175.1	117.4	107.9
Sod2	87.3	81.6	80.2	103.6	99.1	108.5	99.6	99.3	105.5	104	104.3	106.1	94.4	106.8	91.1	111.1	108.9	108.7
Fahd2a	76.4	103.8	107	106.2	121.3	119.6	92.2	80.6	85.5	106.6	111.5	108.5	95.2	84.5	83.4	123.4	98.4	96
Auh	75.5	73.4	73.1	85.9	88.3	88.2	75.4	71.5	71.3	94.1	91.9	91.8	120.1	124.2	124.3	149.1	150.6	151.3
Rab8b	84.4	89.8	89.5	93.6	95.5	95.2	159.8	148.1	147.7	77.8	89.9	89.7	87.2	98	98.5	97.1	78.7	79.3
H4c16	35.5	35.2	35	18.3	13.5	13.4	17.8	13.1	13	35.7	32.9	32.7	87.7	83.7	83.7	404.9	421.5	422.2
Kit	48.7	61.8	61.6	85.4	91.8	91.4	290.4	246	246	47.1	56.6	56.4	42.1	51.9	52.1	86.3	92	92.5
Plxnb2	85.6	88.1	87.7	85.8	72.8	72.6	91.9	88.1	87.7	74.3	63.3	62.9	120.8	132.9	133.5	141.6	154.8	155.5
Gja1	88.4	78.5	78.2	80	74	73.7	140.3	150.3	149.8	74.7	61.4	61.2	121.2	140.8	141.4	95.3	95	95.6
Atic	94.3	102.2	99.7	90.3	93.4	93.2	86.8	85.4	84.8	121.4	116	115.1	122.6	116.5	117.4	84.7	86.5	89.8
Lgi1	129.3	135.6	134.3	110	109.2	109.3	115.3	114	114	100.4	102	101.5	54.5	56.4	56.2	90.6	82.8	84.7
Canx	110.3	108.8	122.8	103.2	101.9	100.5	114.4	114.4	113.7	89.8	85.8	80.7	69.2	74.2	64.3	113.1	114.9	118
Prdx3	87.7	88.4	88.5	106.4	102.7	106.5	86.9	82.7	83.1	98	109.9	102.4	116	108.9	116.4	105	107.5	103.1
Grm3	160.3	160.6	164.9	117.4	117.6	117.4	94.4	94.9	96.5	120.5	118.9	113.1	39.1	45.2	35.5	68.3	62.9	72.6
Gabbr1	127.5	150.8	144.9	123.4	123.5	122.2	113.1	115	113	78.6	72.4	78.9	56.7	45.5	49.6	100.7	92.9	91.3
Tpm3	122.6	104.9	104.7	101.3	105.8	105.6	114.2	119.6	119.3	101.6	109.2	109.1	99.7	90.1	90.6	60.7	70.2	70.7
Gstm7	93.7	98.1	105.4	97.2	96.4	103.5	106.6	112.1	119.8	99.9	100.4	110.3	109.5	106.6	98.7	93	86.5	62.3
Ppp1cb	104.3	109.6	111	110.6	101.5	102.8	97	93.6	94.8	105.4	127.2	119.6	90.6	82.4	84.1	92.1	85.7	87.6
Rims1	116.9	106.5	104.8	102.8	105.8	105	128.2	124.1	124.5	94.3	101.2	101.7	60.2	59.9	60.3	97.6	102.4	103.7
Actr1a	87.3	96.7	96.6	90	94.3	95.5	94.2	92.4	91.9	94.7	97.7	98.8	130.3	136.2	134.6	103.6	82.6	82.6
Capza2	108.6	91	91.6	106.6	96.2	96.9	147.3	146.8	146.2	94.6	109.6	107.7	80.4	86.4	86.8	62.5	69.9	71
Scp2	86.6	87.9	87.3	78.2	79.6	79.3	63.9	68.1	67.7	76.1	75.3	75.1	135.3	131.6	132.7	159.8	157.4	157.9
Rab7a	115.7	110.2	108.9	107.9	106.6	106.2	94.4	95.9	95.5	87	88.6	88.9	100.5	99.7	100.4	94.6	99.2	100.1
Sncb	112.4	129.7	131.4	127.4	116.9	114.9	76.9	71.9	71.4	111.4	108.4	108	86.9	84.5	85.3	84.9	88.7	89
Calb2	32.6	28.1	30.2	36.3	35.7	38.4	18.3	19.3	21	52.1	52.7	55.4	191.9	192.3	186.8	268.9	271.9	268.2
Psmd2	103.1	115.5	114.3	99	101	101.1	100.1	98.9	101.2	96	92.3	92.4	114	108	106.5	87.8	84.1	84.6
Fabp5	100.3	88.7	88.4	88.5	91.4	91.1	111.2	101.4	101.1	95.6	102.1	101.9	145.2	153.7	154.5	59.1	62.7	63.1
Prkar2a	120.3	135.1	135.6	110.6	114.3	114.1	112.7	98	97.6	85.9	104.1	104.4	84.5	83.5	83.4	85.9	64.9	65
Lrrc8a	99	88.5	88.2	86.8	82.8	82.5	113.3	113.8	113.4	80.6	83	82.8	113.7	119.4	119.9	106.5	112.5	113.2
Aldh1b1	99.2	89.5	90.8	107.8	105.1	104	115.6	109.3	104.3	139.7	143.7	143.3	98.8	115	120.2	38.9	37.5	37.3
Klc1	99.8	93.4	90.9	97.8	100	98.2	87.5	90.1	86.6	88.9	97.3	96.5	127.7	125.1	129.2	98.4	94	98.7
Mgst3	99	94.7	93.2	111.2	103.6	105.4	126.2	151.5	133.5	85.1	80.6	82.9	116.7	123.9	140.8	61.7	45.7	44.3
Prodh	79.5	71.4	71	88.6	92.7	92.2	73.8	79.1	78.4	66.5	69.1	69	141.1	130.1	130.8	150.5	157.5	158.6
Me2	79.9	57.7	57.5	82	73.8	73.5	73.1	70.8	70.5	127.3	127	126.5	107	86.7	87.1	130.6	183.9	184.9
Phyhipl	122.3	109.7	113.7	108.1	118.9	120.2	92.2	98.2	97.5	91	88.1	85.9	92.6	89.1	91.9	93.8	96	90.9
Vps26b	99.4	114.2	113.9	104.6	103	102.7	103.5	107.7	107.5	106.2	103	102.9	96.7	87.9	88.3	89.5	84.2	84.7
Eif4a2	114.3	103.3	104.7	91.5	97	103.8	103.2	109.2	112.7	89.2	85.6	82.9	113.2	122.9	113.1	88.6	82	82.8
Nos1	58.1	57.9	54	65.2	67.9	65.7	68.3	62.2	60.1	66.7	58.6	58.2	135.3	139.9	143.9	206.5	213.5	218.2
Folh1	78	84	85.4	77.5	81.4	84.4	90.2	89.9	91.9	92.9	89	86.6	125.1	126.7	125.3	136.3	129	126.4
Csrp1	92.6	97.1	96.8	100.2	101.6	101.2	85.9	84.5	84.3	100.4	99.4	99.1	101.3	94.7	95.2	119.6	122.7	123.4
Cycsl2	76.8	78.8	78	99.7	99.5	98.9	78	86	85.4	127.1	119.4	119.6	117.4	115.3	116.4	101	101	101.7
Pgm1	110	103.8	103.9	92.9	97.6	97.5	100.1	99.5	100.6	92.8	97.4	97.9	112	115.3	111.6	92.2	86.4	88.5
Stxbp5l	93.9	113.1	112.8	104.6	93.8	93.5	126.2	133.8	133.5	89.5	85.9	85.7	65.8	62.9	63.2	120.1	110.5	111.2
Grm5	105.5	115.1	113.4	93.5	99.7	99.6	141.6	142.2	137.7	111.2	107.4	108.3	117.3	118.9	124.2	30.9	16.7	16.8
Exoc5	118.7	104.3	101.2	110.1	113.8	112.6	110.8	113.4	110.9	95.8	99.5	103	84.7	84.7	87.2	79.9	84.3	85.1
Agl	94.2	95.4	95.1	100.9	102.7	102.3	108.6	104.6	104.2	84.4	87.8	87.6	89.1	91.7	92.2	122.9	117.8	118.5
Pip5k1c	127.7	122.5	122.2	112.6	116.9	116.6	108.3	94.2	94	93.7	100.4	100.2	90.2	102.5	103.1	67.5	63.5	64
Acaa2	84.8	72.6	72.3	98	91.2	90.8	72.7	71.3	71	67.9	69.8	69.5	146.9	152.9	153.4	129.7	142.1	142.9
Dip2b	108.6	97.2	98.5	99.6	103.3	104.7	74.2	72.6	73.6	87.3	85.7	84.2	78.6	81.7	80.2	151.8	159.5	158.9
Septin9	143.7	133.5	136.4	126.3	125.4	126.4	118.4	119.7	119.2	93.7	96.5	96.6	86.3	93.3	89.7	31.6	31.7	31.7
Gabrb2	136.4	102.7	105.5	93.8	85.3	87.5	111.1	115.2	101.2	49.1	58.2	58.2	114.1	128.4	127.9	95.6	110.2	119.7
Sirpa	135.9	140.8	141.3	116.7	122.7	121.6	109.9	104.4	103.6	86.3	82.7	83.5	67	69.7	72.4	84.1	79.6	77.5
Scn1a	150.1	160.3	159.9	104.7	111.1	110.8	111.7	80.6	80.4	82.9	85.1	85	47.1	55.7	56	103.6	107.2	108
KRT9	40	NA	37.7	114.7	NA	133.5	240.6	NA	207.1	39.3	NA	37.9	45.7	NA	86.9	119.7	NA	96.8
Snx1	92.6	106.9	104.1	95.4	96.9	93.9	102.5	105.8	111.9	100.5	97.2	95.9	122.2	112.9	113.3	86.8	80.2	80.9
Nme1	120.2	116.3	116	110.2	105.3	105	97.4	83.6	83.4	116.2	121.3	121.1	87.9	100.9	101.5	68.1	72.6	73.1
Ca2	69.1	103.5	101.1	102.2	95.8	94.8	82.6	86.4	86.6	161.4	134.5	134.4	126.8	118.6	119.9	57.8	61.2	63.2
Gnal	92.2	92.2	91.4	31.3	38.2	38.4	19.3	29.2	28.8	366.4	331.7	333.1	75.5	81.7	82.1	15.3	27	26.2
Nherf1	106.2	102.5	102.1	93.4	90.2	89.6	121.3	122.2	122.9	78.4	79.1	82.7	101.4	103.3	98.3	99.3	102.7	104.3
Suclg2	85	83.3	83	126.3	121.8	121.4	70.7	74.1	73.8	52.1	63.2	63	112.3	112.1	112.5	153.7	145.6	146.4
Aars1	112.1	114.9	114.4	92	96.9	96.8	92	88.8	88.5	85.2	85.4	85.2	110.7	105.9	106.4	108	108.1	108.7
Hpcal4	128	136.7	136.7	124.2	126.8	127.2	124.2	123	122.2	106.9	97.7	98.5	96.6	87.9	88.3	20	27.8	27.1
Atp6v1d	114.2	117.6	117.2	106.6	106	106.1	120	124	124.8	114.9	110.8	110.3	75.4	74.4	74.6	69	67.2	67
Src	103.6	103.6	103.3	97.3	100.8	100.5	127.8	118.6	118.3	76.5	81.3	81.2	102.3	100.9	101.4	92.5	94.7	95.4
Etfb	57.2	64	63.8	90	94.7	94.3	84.9	81.8	81.5	83	80.2	79.9	112.4	117.2	117.6	172.6	162.1	162.9
Capzb	108.7	117.3	117	95.9	101.7	101.5	134.1	138.6	138.4	96.8	90.1	89.9	98.3	89.7	90.2	66.2	62.5	63
Septin3	138.4	133.3	128.8	116	113.3	118.1	108	106.9	108.7	100.6	104.5	106	77.6	75.9	72.8	59.3	66.1	65.6
Anxa5	129.7	117.9	103.5	119.1	110.3	105.1	81.8	83.5	75.1	99.9	94.1	98.3	114	130.7	153.6	55.6	63.5	64.5
Bdh1	81.1	83.4	79.9	98	102.5	111.9	75.1	65.1	68.5	94.9	92.1	88.9	141.8	154.3	142.3	109.1	102.7	108.6
Sorbs1	85	81.8	81.6	92.8	98.4	95.4	108.2	107.7	106.6	99.4	98.6	95.7	96.7	95.6	100.7	117.9	117.9	120
Omg	139.8	136.7	136.6	141.1	142	142.1	113.2	112.5	112.2	96.4	98.6	98.4	58.9	59.8	59.8	50.5	50.4	50.8
Stoml2	96.7	93.8	94.2	103.5	100.4	101.4	98.3	94.8	95.3	84.9	83.7	85.4	120	128.7	125.5	96.6	98.6	98.2
Abcb7	74.8	71.9	71.6	88	86.4	86.1	77.7	78.4	78.1	102.9	101.9	101.7	138.4	135.3	135.8	118.1	126.1	126.6
Uqcrfs1	77.8	83.1	82.8	93.3	101.2	100.8	85.7	81.2	80.9	105.9	103.3	103	129.3	136.5	137.1	108.1	94.7	95.3
Sorbs2	174.6	177.2	177.5	150.3	177	177.6	88.8	94.4	95.3	81.4	80.9	81.3	68.4	50.4	49.8	36.5	20.1	18.6
Dlgap1	124.2	156.7	156.3	108.9	85.8	85.5	137.5	102	101.7	45	44.2	44.1	113.7	136.5	137.2	70.7	74.7	75.2
Picalm	130.6	109.8	109.5	86.9	98.4	98.1	99.5	97.8	97.6	93.8	101	100.7	97.5	103.2	103.7	91.8	89.8	90.4
Rhog	105.5	81.3	81	107.8	97.9	97.6	99.2	70.8	70.6	106.9	125.1	124.8	83.9	98.2	98.7	96.7	126.6	127.3
Vps13c	103.1	109.6	109.3	94.3	92.5	92.3	133.3	139	138.7	96.3	98	97.8	80.5	78	78.4	92.5	82.9	83.5
Dlgap3	107.5	112.9	112.5	110.9	102.9	102.8	116.9	118.3	118.1	175.6	174	174.5	53.1	57.1	57.7	36	34.7	34.4
Vapa	119.9	129.8	127.3	106	101.7	100.2	89.7	92.2	91.7	88.3	86.8	89.1	88.3	85.4	87.5	107.9	104	104.2
Rgs7	119.2	110.3	110.1	125.6	122.2	121.9	110.9	106.1	105.9	95.2	97.5	97.3	55.2	64.5	64.9	93.9	99.2	99.9
Gdap1l1	84.3	86.1	85.9	110.1	108.8	108.5	105.8	110.5	110.2	104.3	98.4	98.2	109.3	103.7	104.2	86.3	92.5	93.1
Mog	71.7	74.1	73.8	119.8	108.2	107.8	82.6	77.5	77.3	125.8	120.3	119.9	72.1	100.1	100.6	128.1	119.9	120.6
Timm44	78.6	84.6	84.3	97.7	98.9	98.5	92.1	95	94.7	95.6	97.7	97.5	126.6	116.1	116.6	109.4	107.8	108.4
Slc32a1	75.6	73.2	72.9	63.3	69.7	69.4	78.2	87.9	87.5	121.8	131.4	131.1	190.8	169.2	170.3	70.3	68.6	68.8
Iqsec2	127.3	118.5	118.2	127.3	118.3	118	125.7	121.9	121.7	68.4	73.4	73.3	93.8	121.9	122.6	57.6	45.9	46.2
Nme2	111.6	108.2	108	110.8	104.4	104.2	115.1	107.2	106.9	114.6	117.7	117.5	78.8	93.1	93.6	69.1	69.3	69.7
Ogt	131.2	121.8	118	113.4	113.2	112.7	110.4	113.7	115.3	110.8	112.1	112.7	67.3	72.4	72.1	66.8	66.9	69.2
Ktn1	162.2	172	171.6	104	107.2	107.5	99.5	98.9	98.9	53.4	52.7	52.5	55.1	51.1	50.9	125.9	118.2	118.6
Ugp2	104	99.4	99.1	88.8	91.8	91.5	86.4	91.7	91.4	92.2	93.7	93.5	115.7	105.8	106.3	113.1	117.5	118.2
Gnb5	146.7	130.8	129.6	118	121.7	122.7	95.1	90.9	92.4	106.2	109.8	108.3	51.9	65.5	65.8	82.1	81.3	81.2
Vamp2	113.2	120.5	119.1	94	112	112.1	114.6	126.3	125.9	104.5	94.9	94.7	104.1	84.2	85	69.5	62.1	63.1
Agap2	116.5	121.3	124.3	103.2	103.2	103.6	135.1	126.9	128.9	106.6	99.1	98	103.9	106.1	102.8	34.7	43.4	42.4
Adcy5	103.1	99	101.4	54.3	45.8	46.1	40.4	32.9	33.4	335.5	377.9	374.1	34.1	22.7	23.5	32.7	21.6	21.4
Idh3g	85.7	82.1	81.2	109.2	104.9	103.2	101.9	99.1	99.1	95.4	98	97.4	99.3	101.7	102.7	108.6	114.1	116.4
Dlst	99.3	66.6	66.1	109.6	108	107.4	89.4	82.8	82.1	95.4	100.3	100.4	94.9	129.5	130.7	111.4	112.8	113.3
Prdx1l1	71.9	93.8	93.5	82.3	88.9	88.6	78.7	80.6	80.3	102.5	96.7	96.4	147.2	126.5	127.1	117.4	113.4	114.1
Efhd2	119.1	134.9	125	135.7	134	133.6	84.8	89.2	88.9	105.1	94.2	98.2	86.8	77.4	82.6	68.5	70.3	71.7
Anxa11	134.7	148.7	148.5	106.8	110	109.6	139.1	147.2	147.1	75.1	66.3	66.2	84.9	84	83.9	59.4	43.8	44.7
Pitrm1	82.1	92.8	92.5	97.5	107.5	107.1	87.4	89.4	89.2	116.8	109.5	109.2	97.2	90	90.4	119	110.9	111.6
Ahcy	83.9	104	103.2	90.1	92.6	92.3	92.3	87.1	87	124	114.5	114.1	133.7	129.6	130.1	75.9	72.2	73.3
Gpm6a	147.1	146.1	145.8	124.2	122.4	122.1	105.1	108.2	108	79.3	81.7	81.6	44.4	48	48.3	100	93.6	94.3
Ppp1r9a	126.1	124.5	126.2	103.1	112.7	110	97.7	95.8	94.2	166.7	168	170.3	70.8	70.7	70.9	35.6	28.3	28.3
Coro2b	94.7	95.4	93.2	83.3	86	84.1	105.1	113.2	113.8	84.2	79.2	77.7	71.2	66.2	64.2	161.4	160	167.1
Prdx6	105.3	99.5	99.6	99.4	98.2	98	115.4	109.1	108.5	91	98.6	98.2	111.3	112.7	113.6	77.4	81.9	82.1
Nt5dc3	76.9	67.9	67.8	111.9	111.6	111.4	209.4	229.1	228.8	81.4	74.2	74.1	68.5	62.6	63	51.8	54.6	55
Ndufb10	70.3	74.7	74.5	93.5	87.8	87.4	83.9	76.2	75.9	111.6	112.7	112.3	134.7	129.2	129.8	106.2	119.4	120.1
Itgav	135.5	130.9	126.3	112.1	112.8	115.2	120.6	115.5	121.2	111.5	114.5	114.1	42.1	45.1	42.4	78.1	81.2	80.8
Abcb8	73.5	89.6	84.1	89.7	94.9	93.9	71.6	72	70	119.8	116.3	117.8	149	145	152	96.5	82.2	82.2
Dgkb	99.6	96.6	96.4	68	72.3	72.2	99.1	97.8	97.7	237.3	222.6	222.4	68.3	71.7	72.1	27.6	39	39.3
Rab8a	78.8	100.6	101.7	94.3	93.1	92.5	107.9	102.9	91.8	88.2	81.5	82.1	123.2	120.3	125.2	107.6	101.5	106.8
Pccb	60.2	69.4	69.1	99.7	99.1	98.7	78.3	86.7	86.4	100	88.9	88.6	109.4	103.6	104	152.5	152.3	153.2
Ezr	92.7	105.9	108.1	107.7	110.8	109.7	117.8	114.6	112.8	75.7	72.4	72.9	125.3	122.6	121.9	80.8	73.7	74.6
Mapk3	92	85.6	84.5	107.9	106.9	106.9	101.9	96.8	95.9	96.7	95.3	98	117.8	115	121.1	83.7	100.3	93.7
Ptk2b	112	107.8	105.1	109.4	107.3	106.4	178.9	174.2	178.6	72.5	82	81.7	96.3	103.6	102.7	30.9	25.1	25.5
Phyhip	116	113.3	113.5	109.9	116.4	116.7	143.1	142.6	142.9	115.3	112.4	112.4	33.2	33.5	33.5	82.5	81.9	80.8
Dbt	92	86.7	82.7	106.2	103.8	101.2	87.5	86.4	84.2	89.3	90	89.6	112	118.2	124.8	113	114.9	117.5
Slc17a7	77.8	121.5	121.1	92	100.4	100	160.2	161.5	161.6	113.6	93.8	93.8	62.8	49	49.4	93.6	73.7	74.2
Pdhx	94.3	96.6	96.5	104.9	109.2	108.6	108.4	108.5	107	99.1	98.9	99.1	91.8	86.9	87.4	101.5	99.9	101.5
Ncald	89.4	131.6	131.4	107.2	131.5	131.2	80.2	113.5	113.3	69.2	102.2	102.1	63.2	98.8	99.4	190.8	22.4	22.6
Kif21a	108.7	101.3	101	111.3	114.3	114	97	103.9	103.6	116.9	117.8	117.6	77.5	78.4	78.8	88.6	84.3	84.8
Rap1a	89.4	98.8	71.1	95.1	100	67.6	80.6	105.5	80.4	100.9	91.7	114.6	107.9	97	123.3	126.2	107.1	143
Vat1l	77.2	79	78.6	88.8	86.1	85.8	43.5	43.8	43.6	142.4	140.2	139.7	39.3	42.5	42.6	208.7	208.5	209.6
Cntn2	98.5	98.3	97.5	81	84.3	83.4	66.3	68	67	88.7	89.4	89.8	48.9	42.7	42.7	216.6	217.3	219.6
Rab11b	109.3	111.3	111.2	100.6	97.9	98.3	105.4	101.2	100.9	90.2	89.2	88.9	101.5	104.9	105.3	93	95.5	95.4
Bcas1	88.4	94.8	94.5	114.9	111.1	110.8	83.7	82.5	82.3	128.8	134.4	134.1	71.4	63.3	63.7	112.8	113.9	114.6
Gucy1b1	109.1	108.2	107.9	110	109.3	109.3	74.9	72.5	72.2	144.2	148	147.6	66	69.8	70	95.9	92.2	93.1
Sacm1l	98.9	114.9	120.4	103.8	101.7	100.8	84.8	86.1	85.4	103.3	98.9	97.3	75.7	73.9	72.5	133.5	124.4	123.5
Arf4	91.9	87.2	86.9	84.4	92.4	92.1	88.7	93.2	92.9	104.7	96.9	96.6	141.1	125.6	126.2	89.3	104.7	105.3
Arfgef2	118.9	111.7	112.8	100.4	97	95.7	92.2	91.8	90.7	96.1	103.9	103.3	93.6	90.7	90.7	98.7	105	106.8
Gpd1l	107.1	112.6	111.7	124.8	130.5	130.3	97	98.2	97.9	96.6	105.8	106.2	92.8	91.8	91.7	81.7	61.1	62.1
Psmc3	111.2	91.9	86.6	100.1	90.6	87.3	98.2	97.7	97.2	98.1	105.7	108.6	105	122.8	123.1	87.5	91.3	97.2
Arhgap32	130.2	149	152.1	124.8	125.2	126.7	99.6	94.1	92.6	111.6	105.2	106.6	72.9	73	70.2	60.9	53.5	51.8
Enpp6	99.7	79.9	77.3	115.9	109.4	108.1	80.2	77.8	77.2	122.1	131.4	131.1	80.6	98.2	102.3	101.5	103.3	104.1
Hpcal1	57	52.6	52.3	71.5	81.6	81.2	54.3	58.8	58.5	47.5	55.6	55.3	42.3	41.5	41.6	327.4	310	311.2
Adh5	99.2	102.8	102.4	82.7	91.6	91.3	81.1	84.5	84.3	96.8	95.7	95.5	135.9	123.7	124.2	104.3	101.6	102.2
Pdk2	81	73.8	72.7	102.2	99.8	99.7	102.9	95.9	95.3	89.9	91.5	92.4	73.6	64.2	62.5	150.3	174.8	177.4
Lin7a	112.4	114.3	130.9	85.2	89.5	101.6	90.7	88.9	81.1	62.9	62.3	56.4	104.9	102.8	86	143.8	142.2	144
Ndufa5	78.5	78.6	71.8	94.6	94.4	90	92.4	90.8	86.1	103.8	105.1	110.1	129.1	125.3	134.3	101.6	105.9	107.7
Gstm1	82.3	84.9	80.9	82.9	86.2	83.1	93.8	92	94	92.7	87.8	91.7	91.9	100	112	156.4	149.1	138.2
Inpp4a	97.8	101	99.3	88.2	93.2	91.8	108.8	99	99.3	101.2	102	101.8	77.2	77.3	77.2	126.7	127.6	130.7
Idh1	97.5	92.2	88	89.4	90.9	90.6	86.5	89.1	88.1	102.1	100.2	101	141	143.7	144.6	83.6	84	87.7
Exog	86.7	86.4	84.1	101.3	103.4	101.3	84.6	83.7	84.6	123.9	127.2	128.9	110.5	104.1	104.3	93	95.3	96.9
Ndufs7	67.8	85.8	85.1	88.4	99.4	99.6	78.4	90.5	90.1	113	103.6	103.2	158.4	120.6	122.3	94	100.2	99.6
Etfa	90.3	79.8	79.5	98.6	91.2	90.8	91.7	94.1	93.8	75.1	78.2	78	108.4	111.2	111.6	136	145.6	146.4
Ddx3x	112.7	101.9	94.9	94.5	91.4	91.3	102.8	103.1	99.7	85.5	86.4	86.4	111.6	110.5	113.5	92.8	106.6	114.1
Xpo1	103.3	107.4	106	92.6	96.7	96.7	96.2	92.4	93	98.3	105.7	105.5	112.4	105.3	105.6	97.2	92.5	93.2
Bpnt1	97.3	101.4	100.8	107.9	106.3	106.2	88.2	83.9	83.6	117.9	113.6	113.8	99.8	109.3	109.8	88.9	85.5	85.8
Hspa1b	65.9	78.7	78.5	78.9	84	83.8	184.3	168.8	168.4	59.8	68.8	68.7	114.2	119.8	120.4	96.7	79.7	80.2
Plpp3	91.2	91.8	91.4	85.2	82.1	81.8	119.3	125.3	124.9	70.9	68	67.9	106.6	98.8	99.2	126.8	134	134.7
Bcs1l	88.4	91.3	80.5	102.9	107.9	110.4	87.9	87.7	86.2	104.4	102.9	106.2	122	116.1	121.2	94.2	94.1	95.5
Wfs1	116.2	102.3	101.6	153.8	151.4	157.5	170.7	177.3	179.1	80.4	87.9	82.9	51.2	57.3	53.5	27.7	23.9	25.4
Pitpna	114.9	107.1	103.5	102.9	109.9	108	88.1	91.5	91.1	112.3	115.9	116.8	94.6	87.3	93.3	87.2	88.2	87.4
Stmn1	91.5	97.5	125.8	102.1	90.4	108.5	50.5	47.4	50.3	108.3	94.6	95.6	181.4	208.3	160.3	66.2	61.8	59.5
Kif5a	101.4	113.4	113	93.7	70.7	70.4	72.5	71.5	71.2	88.5	86.7	86.5	140.5	165.9	166.6	103.5	91.8	92.3
Appl2	87.1	95.3	91.5	83.1	79.4	75.8	98.9	102.4	102.7	93.8	89.2	90.3	113.5	113.1	117.5	123.6	120.7	122.2
Cdh2	110	111.7	112.8	107.5	105.1	104.2	133.2	129.7	135.9	83	86.9	85.1	96.6	99.7	95	69.7	66.9	67
Hectd4	100.8	86.9	86.7	96.1	100.9	100.5	109.3	101.3	101	95.2	98.3	98.1	104.8	121.6	122.2	94	91	91.5
Sec23a	124.4	104.4	103.5	101.5	98.9	98.7	103.4	103.2	103.3	85.1	94.5	94.6	83.8	93.8	94	101.7	105.1	105.9
Pacsin2	107.2	104.9	104.5	82.7	90.3	90	73.8	72.4	72.1	116.6	119.1	118.8	136.3	129.9	130.5	83.4	83.5	84.1
Gabra1	113.6	109	111.2	101.6	101	103.9	105.3	106	113.4	57.7	59.3	57.5	125.7	131.1	125.1	96.2	93.6	88.9
Gsk3b	118.2	119.8	121.9	97.3	102.2	102.2	98.1	110.1	111	90.3	87.9	87.2	107.1	88.6	85.8	89	91.4	91.9
Slc1a6	0	16	9.3	0	5.5	0	0	6	0	18.9	19.1	0	0	0	0	581.1	553.5	590.7
Adam11	105	91.9	91.6	105.1	108.4	108.1	162	169.4	169	59.7	61.2	61.1	38.9	38.9	39.1	129.2	130.3	131.2
Cacna1a	102.3	102.1	105.8	92.1	89.4	88.6	114.2	109	108.3	81.6	81.4	82.1	49	36	35.3	160.8	182	179.9
Kif1a	121.7	110.3	110.6	111.9	104.9	104.3	102.6	99.1	98.5	89.4	99.5	99.5	77.6	82.3	82.8	96.8	103.9	104.3
Tpp2	119.3	120.7	120.5	102.9	131.5	131.2	114.1	107.9	107.7	93.9	84.2	84	100	92.5	93	69.9	63.1	63.6
Rab18	111.1	109.6	109.4	105.2	110.6	110.4	97.2	94.2	94.1	86.2	88.3	87.6	92.6	90.3	91	107.8	107	107.6
Por	125.2	124.9	128.9	94.7	98.7	97.9	95.6	103.7	105	94.4	92.2	91.1	106.6	106	104.7	83.5	74.5	72.4
Rap1gap	121.3	110.4	110.2	95	99.3	99.1	76.2	75.3	75.1	209.9	189.1	188.8	57.5	58.3	58.6	40.2	67.7	68.2
Cacnb4	117.2	118	119	95.5	100.3	99.5	119.3	121.4	122.3	102.7	100.1	99.6	67.9	62.5	62.6	97.4	97.8	97
Acsf2	96.4	96.6	95.1	135.8	137.9	137.3	84.8	80.7	80.8	59.6	56.8	57.1	107.4	113.4	114.5	116.1	114.5	115.1
Cadm4	86.8	100	98.3	91.7	100.5	101	74.8	63.7	61.8	91.3	87.9	89.5	89.3	66.6	65.6	166.1	181.2	183.9
Cox5a	77.2	73.9	74.8	95.3	90.3	89.8	81.1	82.4	81.6	104	109	106.8	131.6	126.8	129.9	110.8	117.6	117.1
Psmd3	102.7	113.5	113.3	97.8	103.1	104.5	99.2	97.7	96.3	100	96.3	96.3	110.4	106.6	108.1	89.9	82.6	81.5
Pcca	58.2	74.8	74.8	129.6	110.9	110.7	77.7	83.5	83.2	82.3	83.1	82.8	97.4	99.5	99.7	154.8	148.2	148.7
Abr	130.9	116	115.2	109.5	102.8	102.1	111.3	113.2	113.1	84.5	87.7	86.1	125.6	136.5	139.1	38.1	43.8	44.3
Camkv	129.2	117.1	113.4	126.8	121.4	120.7	153.7	151.9	151.5	99	105.9	106.8	75.4	72.6	73.8	16	31	33.9
Gna14	101.9	NA	81	87.1	NA	82.9	153.3	NA	145.3	67.6	NA	74.3	70.6	NA	84.2	119.5	NA	132.4
Mark2	128.7	116.6	122.8	99.1	108.1	116.6	95	101.8	103.1	112.2	113.1	111.7	78	77	69.6	87	83.4	76.1
Ajm1	96.2	52.2	51.5	96.9	67.7	66.8	118.6	118.9	118.7	87	95.9	95.7	69	89.8	90.2	132.2	175.5	176.9
Psmc1	111.2	109.7	109.4	103.2	101.6	101.3	97.3	97.5	97.2	98.3	97.6	97.4	110.8	104.8	105.3	79.2	88.8	89.4
Ptpn11	89.6	84.6	82.2	98.5	98.9	100.7	87.8	85.6	86	122.9	126.1	124.8	97.6	96.9	98.2	103.7	107.9	108.1
Tf	96.4	112.6	111.4	93	81.1	81	97	95.7	95.4	103.8	98.5	97.9	95.4	99.4	101.2	114.5	112.7	113.2
Map2k1	107.8	116	112	92.4	94.7	94.7	100.3	100.9	100.3	134.9	139	140.9	107.3	101.2	105.7	57.2	48.3	46.4
Ipo7	91.2	113.4	112.9	96.9	105.2	104.9	102.3	114.6	114	101.1	94	93.8	100	94.2	94.7	108.4	78.6	79.7
Armc10	84.1	95.1	94.2	103.8	106.2	105.6	87.2	97.2	97.1	110.3	104.1	102.9	156.8	137.5	139.7	57.9	59.8	60.5
Ola1	108.8	112.1	113.6	100.1	102.9	98.5	116.4	115.1	114.8	110	109.3	110.5	90.6	90.9	92.4	74.1	69.7	70.2
Rap2a	131.9	120.5	123.5	132.5	124.9	113.7	110.3	108.3	128	82.5	85.9	88.1	97.6	108.3	104.9	45.2	52.2	41.8
Chchd6	87.6	77.7	69.7	101.9	101.2	98.1	85.1	97.3	96.4	108.1	115.8	119.4	136.6	126	132.3	80.7	82	84.1
Aldh3a2	82	94.7	94.3	83.1	87.4	87	76.5	75.8	75.5	95.7	89.6	89.3	121.1	108.8	109.2	141.6	143.8	144.6
Cpne4	84.5	72.9	74.8	60.5	55.9	57.3	207.9	216.6	211.7	58.6	53.6	55	164.5	178.7	178.1	23.9	22.3	23.1
Tnik	91.5	117.2	119.2	89.4	95.3	103.5	100.7	106.4	120.7	110.9	94.8	94.5	116.8	113.9	103.2	90.6	72.4	59
Cndp2	94.6	82.5	82.2	81.8	80.4	80.2	91.4	93.3	93	109	112.4	112.1	132.6	127.4	128	90.7	103.9	104.5
Rhob	117.2	103.4	103.2	111	116.5	116.2	124.6	131.6	131.4	106.9	110.5	110.4	77.4	74.5	75	63	63.4	63.9
Prkar1a	102.4	121.8	121.4	95	106.2	105.8	92.8	87.2	87	87.8	76.2	76	98.6	87.7	88.2	123.4	120.9	121.6
Akr1b1	111.8	113.3	113	103.2	101	100.7	89.6	89.9	89.6	121.7	124	123.8	94.3	92	92.4	79.4	79.9	80.4
Arfgap1	110.8	89.6	104.6	113	110.2	109.7	99	95.3	100.3	111.5	120.3	111	86.3	97.9	87.7	79.5	86.7	86.8
Pnp	95.3	107.9	106.9	91.1	96	97.7	117.2	109.5	110.9	103.5	100.3	100.2	120.9	117.7	115.4	72	68.6	69
Lrrc57	156.6	126.8	127.9	135.1	126.8	126.5	100.8	103.4	103.2	78.8	89.1	88	64.2	81.8	81.8	64.5	72	72.6
Cyrib	126.2	116.4	116.1	111.6	105.2	104.9	91.1	94.4	94.2	115.2	121.2	121	74.2	79.9	80.3	81.6	83	83.5
Ctnnd1	124.9	95.1	94.5	100.2	91.7	91.9	88.6	93.2	93.8	80.1	88.5	88	131.2	152.1	152.6	74.9	79.5	79.1
Hspe1	78.7	79.9	92.8	109.5	108.4	106	107.9	101.5	106.1	107.9	107.4	102.9	96.9	99.3	94.2	99.2	103.4	98.1
Cltb	115.5	116.9	115	108	111.3	110.4	104.4	106.7	106.6	112.8	113.6	114.3	90.6	84.7	85.8	68.8	66.7	67.9
Arl8a	84.7	62.6	62.4	110.3	114.1	113.8	88.9	86.4	86.1	124	141.9	141.6	119.7	123.4	124	72.4	71.6	72.1
Eif4a1	87.9	84.4	84.1	107.8	76.7	76.5	111.7	104.4	104	82.5	106.9	106.6	133.5	146.9	147.6	76.6	80.8	81.3
Pcmt1	118.1	107.6	107.2	118	105.8	105.8	99.5	94.5	94.1	134.7	130.8	130	59.2	70.9	71.5	70.4	90.5	91.4
Pck2	72.6	82.2	81.9	114.8	110.4	110	121	128.4	128.1	88.8	83	82.8	111.9	111.1	111.6	90.9	85	85.5
Psma6	110.9	103.6	103.3	98	85.4	87.9	93.6	83.8	84.4	97.1	102.8	104.6	121.1	146.8	151.2	79.1	77.6	68.5
Mpp3	74.4	74.4	73.3	56.6	74.7	74.9	51.7	75.5	75.1	59.3	76.7	77.2	49.6	28.4	28.6	308.4	270.3	271
Kcnab2	120.9	103.5	97.7	103.6	96.2	98.2	142	147	143.3	88.4	95.5	97.8	68.8	73.7	78.1	76.3	84.2	84.9
Add3	82	82.2	81.9	75.3	81.2	80.9	114.2	117	116.6	80.2	83.2	83	90	87.2	87.6	158.2	149.2	150
Osbp	93.5	100.1	99.8	110.9	105.1	104.8	98.5	87	86.8	112.9	105.3	105.1	103.7	119.3	119.9	80.4	83.2	83.7
Wasf1	113.6	142.8	142.6	111.1	102.3	102.1	146.9	139.5	139.3	104	98.1	98	62.1	59.1	59.4	62.3	58.1	58.6
Efr3b	115.6	108.6	108.3	99	100.4	100.1	114.1	109.8	109.5	87.6	90.4	90.2	69.7	74.2	74.6	113.9	116.6	117.3
Arpc1a	106.7	105.3	109.7	102.2	107.5	106.4	142.2	149.3	144.6	92.4	93.7	92.8	91.7	82.6	86.6	64.8	61.6	60
Pa2g4	95.1	91.6	91.3	95.4	103.1	102.7	90.6	94	93.7	72.8	71.3	71.1	130.4	130.7	131.2	115.6	109.3	109.9
Htt	109.1	98.3	95.1	105.2	97.3	94	86.7	89.1	87.3	104.2	101.9	104.2	93.1	105.1	107.9	101.6	108.3	111.5
Gstm5	97.7	93.3	93	92.6	94.9	94.6	103.4	101.1	100.8	110.8	103.7	103.4	82.6	90.5	90.9	113	116.6	117.3
Ptpra	97.5	114.4	111.2	93.2	104.9	101	169	138.3	146.9	72.4	61.8	64.3	71.3	86.8	84.8	96.6	93.8	91.8
Rdx	83.6	83.9	83.9	91.8	93.1	93.2	101.7	96.8	96.3	87.4	85.4	84.9	121.1	126.4	126.8	114.4	114.4	114.9
Arhgap44	128.1	132.7	132.1	126.2	117.4	117.4	110.3	104.8	105.7	97.8	101.3	100.7	65.6	69.4	69.2	72	74.4	74.9
Eprs1	116.5	100.5	96	90.9	93	96.4	94.3	98	96.3	74.1	86.9	91.9	111.8	112.6	116.2	112.4	109	103.3
Rps4x	89.4	98.4	100.2	85.4	89.5	88.3	95.3	92.5	92.3	77.5	75.4	73.8	143.2	143.2	144.8	109.1	100.9	100.6
Echs1	85.5	94.6	94.3	103.1	108.1	107.7	87.8	86.7	86.4	96.8	95.3	95.1	114.8	99.6	100.1	112	115.7	116.4
Dmd	90.4	94.3	95.4	71.4	75.2	75.2	99.3	102	100.8	63.6	64.5	63.2	146.4	135.8	137	128.9	128.3	128.4
Rab5b	117.9	130.3	123.6	112	114.6	114.1	120.6	97.3	101.2	94.4	95.6	96.9	76.9	81.8	84.4	78.1	80.4	79.7
Arfgef1	119.3	123	122.7	102.6	101.9	101.6	83.3	80.8	80.6	97.4	101.9	101.7	107.4	105.4	106	90	86.9	87.5
Rasal1	120.4	130.3	128.2	142.6	138.3	138.7	151.2	146.1	143.9	100.7	97.1	99.6	67.7	67.3	66.9	17.4	20.9	22.8
Cdc42bpb	113.9	120.5	119.1	116.2	116	114	97.8	95	94.8	92.3	89.4	88.1	88.7	87.4	89.4	91	91.7	94.7
Scrn1	94	85.8	85.2	91.3	97.7	98.7	65.6	62.4	61.5	119.7	116.7	115	120.3	128.1	129.6	109.1	109.2	110
Mccc1	92.5	68.5	68.2	110.3	90.9	90.5	85	82.7	82.4	92.4	105.2	104.9	97.6	113.1	113.6	122.1	139.6	140.4
Psma5	96.1	98.5	98.2	90.5	93.8	93.5	97.2	100.1	99.9	99.4	100.1	99.8	129.4	121.4	122	87.4	86.1	86.7
Glod4	105.6	120.9	120.6	103.2	111.8	111.4	78.9	80.3	80.1	113.4	106.8	106.6	124.5	106.4	106.9	74.4	73.8	74.3
Timm9	79.5	77.1	77.2	105.7	101.9	100.9	101.8	98.4	98.3	113.2	112.5	112.1	110.8	124.2	124.8	89	85.9	86.6
Adsl	109.8	103.3	118.7	89.2	102.6	108.8	115.2	102.9	100	127.7	117.6	112.9	80.4	99.4	90.2	77.7	74.2	69.4
Cpne5	156.3	159.4	159.4	109.5	112.2	112	81.5	74.6	74.5	183.3	199.4	199.2	42.6	41.9	42.2	26.8	12.5	12.7
Stx12	104.6	110.5	107.4	89.3	99.5	96.9	97	96.8	96	95.5	95.6	96.5	120.8	110	112.8	92.8	87.6	90.5
Thop1	107.9	91.5	111	95.8	88.3	86.7	103.8	99.5	98.9	111.8	122.1	130.1	99.8	110.9	95.5	80.8	87.6	77.8
Tom1l2	111.7	110.1	109.8	107.5	100	99.7	108.1	105.9	105.7	90.4	91.4	91.2	90.2	101.5	102	92.1	91	91.6
Ppp2r1b	114.9	NA	111.3	107.5	NA	105.8	153.8	NA	154.4	63.4	NA	67.4	54.9	NA	52.4	105.5	NA	108.6
Nsfl1c	124.2	113.2	112.9	105.7	108.3	108	81.9	89.8	89.6	115.8	106.9	106.6	90.6	96.2	96.7	81.7	85.6	86.1
Stx7	103.5	111.7	119	102.8	101.8	103.3	108.1	102.5	100.5	92.4	91.8	90.4	97.6	100.9	99.9	95.6	91.3	86.9
Rab6b	111.7	110.3	108.1	119.1	118.6	119.4	97.8	102.4	102.9	101.5	102.3	101.9	94.4	96.2	99.8	75.5	70.2	67.9
Ap3m2	117.6	125.3	125	105.4	108.6	108.3	102.7	104.7	104.5	108.5	101.5	101.4	93.1	67.2	67.6	72.8	92.6	93.3
Psmd1	110.3	108.1	105.4	91.9	102.3	102.1	101.3	97.8	97.5	94.7	101.1	102.7	115.2	108.2	110.5	86.6	82.5	81.7
Aco1	94.7	97.6	97.3	97.6	96	95.7	85.6	94.3	94	105.1	94.7	94.5	123.9	116.5	117	93	100.9	101.5
Cd47	125.4	127.7	131.5	105.1	115.1	111.7	107	98.1	99.8	87.2	89.4	86.4	69.6	68.7	66	105.6	101	104.6
Psmc2	99.7	105.5	106.6	98.3	97.2	97.2	104.5	100.6	101.1	103.3	99.6	100.7	110	108.8	108.5	84.2	88.3	85.9
Mthfd1	95.7	89.6	83.8	91.3	89.5	89.9	95.4	92.2	92.7	88.9	91.8	91.3	98.9	110.5	107.7	129.8	126.3	134.7
Arhgef2	116.8	126.7	126.5	111.8	120.1	119.8	136.2	129.9	129.7	104.8	101.1	101	91.8	80.2	80.7	38.7	41.9	42.2
Atp2c1	112.4	97.8	111.4	112.5	117.1	115.3	122.9	133.6	140.5	85.2	83.9	78.5	79	80	83.5	88	87.7	70.9
Mtch1	91.2	85.9	84.8	106.5	104.1	103.8	105.9	94.4	93.2	101.9	109.4	108.8	121.5	129.6	132.6	73	76.6	76.8
Nlgn3	119.3	114	113.8	117.5	126.6	126.3	145.8	128.6	128.4	88.8	91.1	90.9	74.1	84.6	85.1	54.4	55	55.4
Opcml	149	136.6	136.7	123.5	121.5	121.7	131.3	133.1	134.5	70.1	73.3	73.1	80.6	85.5	84.2	45.4	50	49.8
Mtor	112	95	93.3	104.8	101.8	102.7	102.3	102.1	102.9	102.1	99.7	99.2	103.5	107.5	106.3	75.3	93.9	95.6
Pdia6	165.1	143.4	143	112.6	103.8	103.4	108.7	98	97.7	46.8	51.5	51.4	69.1	102.2	102.7	97.8	101.1	101.7
Pip4k2b	121.1	94.3	94	109.5	94.3	94	107.2	102.8	102.5	99.1	95	94.8	89.5	100.9	101.3	73.6	112.8	113.5
Prxl2a	95.2	100.9	99.7	77.5	87.1	89.1	88.8	99.4	101.4	84.5	80.2	79.2	79.6	78.9	78.9	174.5	153.5	151.7
Mical3	117	122.1	121.8	107.1	105.6	105.3	103	95.8	95.5	91.7	87.4	87.2	95.8	105.1	105.6	85.4	84.1	84.6
LOC120103152	72.9	79.8	78.5	85.6	88.9	88.3	83.7	86.2	84.9	104.3	99.6	99.8	139.2	139.5	140.7	114.3	106	107.7
Ivd	73	72	71	103.7	100.5	102	107.8	96.8	97.8	67	65.4	65.1	128.3	140.4	139.6	120.3	124.8	124.5
Asap1	148.6	161.1	165.4	130.9	133.3	130.3	85.3	86.5	86.9	107.7	106.5	105.6	70.7	64.1	65.2	56.7	48.4	46.6
Lmna	93.7	98.8	97.1	57.1	60.4	60.4	50.8	52.7	51.7	42.5	43	42.5	66.9	68.8	68.1	289	276.2	280.2
Ak1	96	117.9	109.4	96.9	104.3	103	81.3	83.2	81.6	102.4	95.1	96.5	137.1	118.7	127.3	86.3	80.9	82.2
Kcnma1	116.3	128.1	127.8	113.6	114.8	114.6	141.4	140.8	140.6	101.4	98.4	98.3	66.4	64.3	64.7	60.9	53.6	54
Pnpla8	74.2	67.4	64.9	95.6	96.7	96.6	94.2	94.4	95.2	98	92.9	91.3	141.2	153.2	156.1	96.9	95.4	95.8
Syt5	131.1	128.7	129.3	122.1	124.5	123.1	124.7	128.7	127.7	115.8	130.3	130.7	77.2	72.7	75	29.1	15.2	14.1
Uggt1	126.2	117.2	115.6	107.7	107.6	107.3	103.4	94.6	94.1	82.3	110.8	113.7	85.8	81.6	80.5	94.6	88.1	88.8
Rasa3	82.3	80	79.6	79.8	77.9	77.5	81.9	79.2	78.8	38.4	40.3	40.1	175.1	185.7	186.3	142.5	137	137.7
Eps15l1	105.6	101.5	101.2	102.6	108	107.7	113.7	117.4	117.1	96.4	94.9	94.7	99.3	95.2	95.7	82.6	83	83.6
Yes1	93	56.7	56.6	77.7	130.2	129.9	72.1	111.4	111.2	84.2	144.3	144.1	145.2	75.6	76	127.9	81.7	82.3
Dtna	102	97.5	97.2	91.6	84.2	83.9	113	104.1	103.8	93.1	89.9	89.6	97.5	86.2	86.6	102.7	138.1	138.9
Uso1	118.9	108.2	107.9	99.6	97.6	97.3	108.2	105.3	105	96.1	106.9	106.6	89.9	97.2	97.7	87.4	84.9	85.4
Myl6	101.5	96.8	96.8	95.8	90.1	90.3	98.8	92.4	92.6	94.1	97	96	104.2	114.8	113.4	105.6	108.9	110.8
Ap2s1	117.6	119.1	118.8	115.4	113.1	112.9	123.2	108	107.8	112.3	111.6	111.4	66.5	80.3	80.8	65.1	67.9	68.3
Dync1li1	90.2	116.5	116.2	105.9	105.4	105.1	92.6	93.9	93.7	120.5	110.2	110	107.5	103.8	104.4	83.2	70.2	70.6
Hsd17b4	77.1	78.7	78.6	78.6	79.6	79.2	76.6	80	79.9	76.9	72.3	72.1	124.3	129.7	130.2	166.6	159.7	160
Dock9	86	86.4	76.7	80.7	92.1	89.4	150.7	158.7	171.5	66.3	77	63.5	72.4	60.4	51.2	143.9	125.4	147.7
Ppp2r5d	119.2	68.2	59.4	96.9	88	84.8	120.9	115.9	115.7	104.1	135.1	139.2	79.7	99.2	102.8	79.2	93.6	97.9
Vapb	123.5	125.9	124.3	105.3	109.3	104.3	89.9	93	88.5	86.4	87.7	84.7	80.5	71.5	87.4	114.5	112.5	110.9
Gdap1	77.4	84.6	84.3	86.1	94	93.7	98.9	106.7	106.4	99.9	103.6	103.4	130.7	116.7	117.2	107	94.4	95
Fry	114.2	91.2	90.2	97	93.2	92.3	95.6	93.2	92.4	104.8	119.8	120	73.6	83.7	84.7	114.7	118.9	120.5
Dock4	81.5	85.1	83	80.7	77.7	77	195.4	155.5	147.5	84.9	83.8	84.1	81	124.4	134.5	76.5	73.5	74
Apool	67.4	62.6	62.6	77.9	69.2	69.3	83.7	78.9	78.9	106.8	106.5	105.7	161.7	176.3	176.9	102.5	106.6	106.6
Rala	100	116.7	117.1	102.6	100.9	100.9	112.6	97.6	97.4	83.9	94.5	94	111.7	95.1	94.5	89.3	95.3	96
Gstp1	103	104.5	97	94.1	98	98	83.1	68.5	68.9	127.2	134.8	138.6	128.4	128.5	131.1	64.1	65.7	66.5
Slc25a10	91.7	73.8	73.5	101.3	102.1	101.7	77.8	82	81.7	90.9	103	102.7	155.7	151.9	152.6	82.6	87.3	87.8
Wars1	98.7	118.4	120.6	93.3	96.5	97.9	99.1	103.6	103.7	107	102.4	102.5	113	96	93.2	88.9	83.1	82.2
Atad3a	86	71.9	76.5	95	90	95.1	80	77.6	83.7	96.9	102.4	100	144.8	153.6	141.1	97.3	104.6	103.4
Lmnb2	102.3	90.2	93.6	67.6	54.3	46.6	68.1	51.7	42.8	74.3	74.3	69.9	91.2	106	99.5	196.6	223.5	247.5
Cacna2d2	88.1	78.8	78.5	73	71.6	69.7	70.8	55.3	55.5	125.5	133.3	133.3	85.3	74.1	74.1	157.2	187	188.8
Glg1	151.3	157.8	158.7	111.6	112.6	113	102.9	99.2	99.7	50.9	51.8	49.7	59	54.4	53.9	124.4	124.2	125.1
Anxa4	129.6	142.6	NA	128.3	120.5	NA	83.4	81.6	NA	109.3	103.4	NA	97.9	97.8	NA	51.6	54.1	NA
Ptprz1	88.9	85.9	86	104	99	98.3	128.2	120.4	119.8	76.9	83.4	83.7	103.8	102.5	102.5	98.2	108.8	109.6
Rap2b	117.2	123.8	112.4	106.7	109.7	112.4	151.4	140.2	153.3	93.4	90.2	94.7	95.8	99.4	95.5	35.5	36.7	31.7
Klc2	95.6	91.5	95.7	90.6	90.7	88.2	85.5	79.3	78.5	75.5	88.6	86.9	114.7	118.8	117	138.1	131.1	133.6
Rpn2	162.3	157.3	156.8	108.8	106.6	106.3	110.2	98.5	98.3	62	62.9	62.7	54.4	77.1	77.5	102.4	97.7	98.3
Psap	110.3	107.3	103.7	131	128.5	133.6	93.3	91.6	94	85.3	89	85.4	99.5	95.6	97.5	80.6	88	85.9
Ndufa13	78.5	74.5	75.4	95.7	103.9	98.2	89.5	81.1	82.1	111.7	112.6	114	123.5	132.6	134.8	101.2	95.2	95.6
Erlin2	116.7	114.3	113.9	77.7	78.2	77.9	83.1	81	80.7	59.2	58.3	58.1	94.2	94.1	94.4	169.1	174.1	175
Slc25a18	57.6	62.2	61.9	76.8	77	76.6	55.5	56.5	56.2	24.2	23.2	23.1	231	225.6	226.2	154.8	155.5	156.1
Lta4h	98.7	100.5	94.1	93.6	95.5	92.5	80.8	87.5	82.7	110	109.1	113.1	127.8	124.3	128.1	89.1	83.2	89.5
Impa1	106	113.8	113.5	100	102.8	102.5	104.8	103.9	103.6	105.3	100	99.8	94.5	85.3	85.7	89.4	94.2	94.9
Adgrl1	107.8	92.2	85.6	122.7	112.3	113.9	128.6	110.9	108.7	113.3	113.9	113.9	79.2	98.8	106	48.4	72	72
Dctn4	105	89.1	85.9	103.4	102	101.8	95.4	90.7	92.7	100.2	99.9	99.7	116.7	126.9	128	79.3	91.4	91.9
Grm2	150	135.4	142.1	105.7	108.7	116.4	87.6	74.8	75.9	103.5	116.4	116.9	75.9	92.4	80.3	77.4	72.3	68.4
Park7	102.7	92.6	80.6	91.7	88.4	82.6	85.7	78	74.3	101.8	104	106.8	101	122.4	135.5	117	114.6	120.1
Itpka	105.6	118	117.8	111.9	107.4	107.3	208.1	199.2	198.9	84.6	77.9	77.9	27.9	37.7	37.9	61.9	59.8	60.2
Rab3gap2	118.9	125.4	125.7	112	107.8	109.3	99.4	103.1	103.7	103	98.3	97.7	90.5	86.1	83.4	76.3	79.2	80.3
Ndufs8	87.1	85.3	85	96.8	98.4	98.1	84.4	85.5	85.3	107.1	107.4	107.1	123.9	126.6	127.2	100.8	96.8	97.4
Cyp46a1	128	97.9	97.7	121.3	124.7	124.4	95.9	101.3	101.1	119.3	146.3	146.2	85.8	92	92.5	49.8	37.9	38.2
Elmo2	100.4	103.2	111.3	87.1	96.2	99.3	152.3	126.3	119.9	74.9	88.1	88	104.7	95.6	88.7	80.6	90.5	92.8
Prps1l3	106.1	97.3	93.6	106.1	107.6	102.4	93.3	95.9	96.5	99.8	104	104.8	99.4	111.4	116.7	95.3	83.7	86
Prmt8	120.5	119.1	122.1	108.2	109.8	106.6	122.1	129	123.2	81.8	81.9	81.7	77.9	70.4	76.9	89.5	89.8	89.6
Adgrb3	110.9	113.7	107.9	111.8	121.4	120.3	137.5	143.4	151.2	109.5	103.3	103.5	80.1	75.5	67.9	50.2	42.8	49.1
Psma1	100.2	107.9	107.6	90.6	95.6	95.3	87.3	97.7	97.4	103.2	99	98.7	135	120.5	121.1	83.6	79.4	79.9
Th	72.2	78.2	63.3	23.6	83.9	59.3	2.9	58.3	47.9	478.1	239.5	257.7	16.8	66.1	85.9	6.5	74	86
Ndufa7	82.2	75.1	74.4	91.9	89.1	88.1	93.7	85.5	85.2	107.2	112.1	111.7	121	133	135.2	104	105.3	105.4
Impact	101	128.4	128.6	133	134.5	134.7	104.9	97.8	98	118.7	114.3	114.6	86.2	82	80.7	56.2	43	43.5
Cfl2	112.6	105.1	104.8	98.5	104	103.7	97.6	94	93.8	102.7	108.5	108.3	86.3	90.2	90.6	102.3	98.2	98.8
Slc1a4	90.2	99.7	100.6	88.4	95.4	93.9	150.5	145.1	144.2	84.8	79	78	99.2	91.1	93.1	86.9	89.7	90
Ndufa8	86.5	70.2	70.3	100.5	96.4	96.2	91.4	84.3	84	106.2	109.9	109.4	116.9	136.8	137	98.6	102.4	103.2
Gak	118.5	97.9	91.8	100.1	99.8	98.6	113.8	112.7	113.5	100	105.6	108.2	86.5	86.4	84.3	81.1	97.6	103.7
Cox5b	80.3	79.1	81.7	89.6	90.1	89.6	81.6	84.8	86	99.1	101.5	101.6	143.4	139	136.8	106	105.4	104.4
Tst	90.8	80.4	75.2	116.7	113.3	114.6	94	93.7	93.3	69.8	72.4	71	115.6	119.5	123.9	113	120.5	122
Fis1	93.2	87	86.7	76.8	75.8	75.5	62.6	57.8	57.6	122.1	123.2	122.8	146.6	145.4	146	98.5	110.7	111.3
Crat	86.6	100.7	100.4	90.7	97.5	97.2	102.9	108.8	108.5	89.6	99.7	99.5	105.2	89.9	90.4	125	103.3	104
Nipsnap1	82.4	83.8	83.6	107.8	108.2	107.9	122.1	107	106.8	113.2	124	123.8	105.4	96.8	97.3	69.2	80.1	80.6
Hnrnpa2b1	87.4	86.3	85.9	65.3	68.4	68	56.2	60.1	59.8	76.9	73.5	73.2	99	110.3	110.7	215.2	201.5	202.4
Lin7c	80.1	60.3	101.9	68.5	64.3	78.3	84.5	86.8	82.2	76.2	74.3	64.5	118.2	135.2	119	172.4	179.2	154.2
Rnpep	90.2	114.4	114.2	104.6	104.8	104.7	95.6	87.4	86.5	92.7	93.1	92.8	134	122.7	123.8	83	77.6	78
Ubqln2	113.2	101.9	101.2	111.6	108.1	108.3	113.8	111.7	111.9	106.3	103.9	103.5	89.3	102.9	103.1	65.7	71.4	72.1
Bsg	129.1	137.1	136.8	110.8	110.8	110.5	90.6	89.7	89.5	78.5	79.2	79.1	87.1	84.1	84.5	103.9	99.1	99.7
Rab12	87.9	100.4	98.9	94.7	105.2	106.3	109.1	97.5	94.8	106.8	101.1	101.6	107	116	118.5	94.5	79.8	79.9
Dars1	100.1	94.2	119.5	85.1	96.2	72.2	90.7	92.4	80.3	76.8	80.3	79.1	108.8	115.5	126.8	138.5	121.4	122.2
Spg7	86.2	81.7	81.5	96.3	96.1	91.4	81.4	85.9	84.8	103.9	104.1	107.3	132.2	128.7	131	99.9	103.6	104
Rapgef2	150.5	142.3	141.8	121.6	115.3	114.9	147.4	128.1	127.6	80.8	94.5	94.7	72.1	87.9	88.6	27.7	31.9	32.4
Ndufs6	78.3	76.6	79.2	90.8	96.7	95.7	86.8	91.1	86.9	106.7	110.5	106.8	136.7	122.2	128.3	100.6	102.9	103.1
Snph	98.5	90.5	90.3	116.8	101.9	101.6	124.2	107.5	107.2	89.4	90.3	90.1	93.5	108	108.5	77.6	101.6	102.3
Tppp3	85	82.8	82.2	108.6	101.2	89.2	58.7	60	62.6	139.1	151.9	156.8	113.1	108	114.4	95.6	96.1	94.7
Cox7a2	77.9	81	78.1	97.3	97.9	95.9	82.4	85.7	86	104.3	97.1	100.7	121.4	126.5	128	116.7	111.8	111.4
Rras2	105.4	99.3	99.1	112.7	102	101.7	110.5	101.6	101.3	108.9	113.6	113.4	90.4	98.8	99.3	72	84.7	85.3
Wdr47	127.2	138.7	138.5	114.7	111.2	110.9	121.1	119.8	119.6	92.3	96.9	96.8	87.8	77.3	77.7	56.9	56	56.4
Aldh1l1	96.9	92.1	92.9	90.2	90.1	89.5	100.4	95.6	95	72	74.5	74.6	89	90.1	90	151.4	157.6	157.9
Cpe	74.8	94.4	98.4	101.6	107.4	109.4	166.1	168.5	163.5	99.8	83.4	82.3	112.4	101.9	100.7	45.4	44.4	45.8
Prmt1l1	126	101.7	NA	99.7	99	NA	100.9	104.6	NA	92.4	93.1	NA	104.9	92.2	NA	76.2	109.5	NA
Nckipsd	102.3	98.5	87.9	128.5	129.7	124.5	132.2	114.3	104	110.2	99.3	101.2	57.5	66	74.9	69.2	92.2	107.4
Gng3	131.4	120.8	133.5	112.2	121.3	118.5	81.7	101	90.3	79.6	71.7	83.6	55.4	62.8	47.6	139.7	122.4	126.6
Dusp3	143.8	129.5	129.2	117.5	120.5	120.2	106.3	98.1	98	127.1	130.8	130.6	63.6	72.7	73.1	41.7	48.5	48.8
Abca8a	74.2	75.6	75.3	75.9	67.8	67.5	115.5	131.9	131.4	67.6	49.8	49.6	135	147.5	148	131.7	127.4	128.1
Nucb1	137.6	133.7	129.4	158.8	140.8	138.2	101.4	96.7	96.2	46.6	62.1	63.9	60.4	59.2	62.4	95.2	107.5	109.9
Vac14	107.8	100.6	97.7	98.9	109	111	95.8	91.4	91	95.3	92.7	91.4	103.1	111.1	111.6	99	95.1	97.3
Gsn	79	82.2	81.9	96.1	94.9	94.6	83.9	81.2	80.9	116.6	118.8	118.5	116.5	114.4	115	107.8	108.5	109.1
Ndufa2	71.1	79.4	75.4	88	93.2	90.7	88.5	88.7	88	105.8	108.6	109.6	139.9	125.8	129.4	106.7	104.4	106.8
Cacna1e	115.7	120.2	120	110	117	116.8	155.3	151.6	151.4	123.2	118	118	62.7	61	61.4	33	32.2	32.4
Prkcd	146.9	133.7	133.4	127.7	123.9	123.6	28.8	34.8	34.7	173.2	163.2	163	24.4	38.3	38.5	99	106.1	106.9
Taldo1	103	108	107.7	89.3	96.2	94.7	100.9	91.9	93.2	100.6	103.5	104.8	123.2	116	116.3	83	84.3	83.2
Snx5	97.1	90.6	78.8	103.3	100	100.8	99.5	109.8	109	100.5	101.5	108	105.4	103.4	107	94.2	94.8	96.5
Myl12a	99	96.6	98.5	95.1	90.1	90.5	90.1	94.9	92	100.3	98.8	96.3	109	105.7	109.5	106.4	113.9	113.2
Pak2	110	86.2	82.9	95.7	76	74.8	93.5	80.4	80.7	103.9	104.3	104.8	104.4	113.4	114.1	92.6	139.7	142.6
Nadk2	62.9	54.7	54.4	81.7	84.5	84.1	88	80	79.7	71.6	74.3	74	84.5	87.2	87.5	211.2	219.3	220.3
Ggt7	114	106	105.7	99.7	99.8	99.5	106.4	99.9	99.6	86.9	92.3	92.1	86.9	87.8	88.2	106.2	114.2	114.9
Hbb-b1	80.8	73.1	76.8	84.6	80.5	80.5	85.9	82	80.5	82.9	85.1	83.3	119.2	126.6	128	146.7	152.7	150.9
Lancl1	103.1	112.4	113.5	104.9	103.5	105.6	104.8	99.6	100	113.8	108.7	109.4	79.5	86.4	82.7	93.9	89.4	88.8
Thy1	136	128.5	116.6	126.2	119.8	118.5	115.3	135.6	136.5	105.9	105.2	106.8	71.9	59.6	66.5	44.7	51.2	55.1
Ppp5c	113.1	126.5	126.2	118.7	112.5	112.2	99.4	100.5	100.2	92.4	85.8	85.6	87.4	90.5	91	88.9	84.3	84.8
Tnr	106.5	111	110.2	122.7	131.3	131.6	120.4	117.2	116.6	95.3	83.9	84	65.7	62.4	63.3	89.3	94.2	94.2
Ndufv3	65.5	57.4	55.3	86.4	82.1	82.4	68.8	76.7	76.7	78.9	90.8	91.9	175.9	165.7	163.4	124.6	127.3	130.2
Arhgef7	97.4	116.8	114.7	95	105.4	104	93.7	110	113.6	103.8	96.2	93.2	100.2	84.7	85	109.8	87	89.6
Slc25a23	79.5	68.3	58.4	100.9	89.7	82.6	78.7	77.3	75.3	91.4	95.8	105.6	123.1	131.1	124.9	126.4	137.9	153.1
Ddost	192.5	177.9	184	103	110.6	108.2	99.5	110.1	112.6	51.8	53.3	47.6	60.5	54.4	50.5	92.6	93.8	97.2
Rab15	146.5	144.3	144.1	123.8	129.3	129.1	112.9	119.3	119.2	120.1	129.8	129.7	54	47.1	47.4	42.6	30.2	30.5
Hsd17b12	103.5	104	103.7	88.8	87.6	87.2	87.2	82.9	82.6	101.8	99.1	98.8	89.1	89.6	90	129.6	136.8	137.6
Elfn2	120.8	124.4	124.2	111.1	103.4	103.2	193	174.4	174.2	72.1	79.4	79.3	73.2	77.7	78.2	29.8	40.6	40.9
Ahnak	82	84.6	84.1	43.7	42.4	42.3	123.7	121.1	120.1	21.3	22.7	22.4	189.6	188.6	189.4	139.8	140.7	141.7
Farp1	93.9	101.4	97.7	105.3	97.6	96.4	101.2	108.4	109.4	47.6	49.9	50.7	123.1	116.7	116.7	128.9	126.1	129.1
Mapre3	122.9	120.5	120.2	112.4	113.2	112.9	99.9	100.6	100.4	104.7	101.8	101.6	82.8	95.4	95.9	77.3	68.6	69
Rab4b	117.8	113.6	113.3	110.6	104.3	104	108.2	115.7	115.4	98.8	100	99.8	79.2	92.8	93.3	85.3	73.6	74.1
Gsk3a	130.8	91.4	91	116.2	110.4	110	116.8	94.7	94.1	82.5	108	107.7	70.9	106.2	107.8	82.8	89.3	89.3
Igsf8	92.5	89.7	89.4	92.2	95.2	94.8	86.3	89.5	89.2	92.4	92.7	92.4	85.3	98.5	98.9	151.3	134.5	135.3
Usp5	120.6	112.1	108.5	103.5	103.1	105.4	93.2	93.3	92.5	124.6	123.9	127.3	84.8	91.4	94.1	73.3	76.1	72.1
Huwe1	106.9	97.9	97.6	92.9	92.5	92.2	114.9	95.4	95.1	97.3	107.3	107.1	101.9	113.7	114.2	86.2	93.2	93.7
Mt-co2	69.5	74	71.8	88	95	95.1	85.2	79.3	75.8	104.4	96.8	96.8	136.4	143.2	148.9	116.6	111.7	111.5
Gripap1	99.2	94.6	91	104.6	109.6	110.2	100.1	100.3	101.6	117.2	121.4	121.9	91.1	87	88.2	87.8	87	87.1
Nlrx1	89.1	80.8	80.6	91.9	87.1	86.8	98	103.7	103.4	103.2	111	110.7	130.5	132.8	133.4	87.3	84.5	85
Cadm1	123.1	124.6	124.3	126.7	128	127.7	117.9	122.8	122.6	92	95.1	95	83	75.2	75.7	57.2	54.3	54.7
Cops4	106.6	113.2	113.2	97.1	101.7	101.5	102.3	97.2	97	108.9	109	108.3	98.1	101.3	101.7	87	77.7	78.2
Ntrk2	154.8	130.7	130.4	131.5	135.8	135.5	106.5	126.8	126.6	75.5	67.2	67.1	86.4	96.8	97.3	45.2	42.8	43.1
Capza1	99.2	118.4	122.1	101	108	102.7	101.2	86.9	87	92.8	97	100.8	109.9	113.6	110.3	95.9	76	77
Ran	117.9	112	111.1	99.5	97	97.9	83.9	89.5	87.2	101.7	108.3	108.5	106.8	104.3	103.2	90.2	88.9	92.1
Ech1	78.3	80.5	80.2	95	94.5	94.1	80.9	82.5	82.2	66.3	66.7	66.4	105.2	101.9	102.3	174.3	173.9	174.8
Ppp2r5c	93.3	120	119.8	99.9	106.6	106.4	125.6	126.4	126.2	127.6	116.3	116.2	84.6	70.4	70.8	69	60.2	60.7
Ampd2	82.6	66.5	64.1	69.9	65.3	64.4	95.4	104.8	106.8	64.8	64.6	65	187.4	191.4	191.3	99.9	107.5	108.4
Gabbr2	90.4	116.7	132.5	126.6	123	110.2	110.1	106	103.7	92	74.5	74.4	80.7	77.1	73.7	100.2	102.7	105.6
Prex2	103	101.3	101	90.2	83.7	83.5	114.8	106.1	105.8	77.7	101.3	101	54.7	57.4	57.6	159.6	150.2	151.1
Cyb5r3	107.3	100	99.5	98.6	108.1	106.6	93.1	103.2	102.9	102.9	101.1	100	113.3	71.8	79.6	84.7	115.7	111.4
Dnajc11	81.8	84.1	86.5	95.5	102.9	103.4	91.8	91.4	93.1	94.7	97.9	97.3	133.1	125.2	121.5	103.1	98.6	98.2
Daam1	92.9	101.8	102.9	89	96.9	96.7	143.8	132.2	131.5	74	79.4	79.8	88.4	85.4	85.3	112	104.2	103.8
Uqcrb	82.1	81.6	82.1	89.9	83.2	87.2	84.6	81.2	82.1	104.1	110.3	106.6	122.4	131.5	132.6	116.8	112.2	109.5
Nudc	115.8	79.6	79.3	98.8	88.6	88.3	86.6	89.9	89.6	95.9	113.6	113.3	120.2	128.1	128.6	82.6	100.2	100.8
Btbd8	143.7	138.3	136.9	123.3	123.6	120.7	66.1	70.9	72.5	98.7	101	100.8	57	56.2	57.2	111.2	110	111.9
Trap1	93.5	97	96.4	106.2	108	107.9	89.6	91.3	91.1	105.3	105.3	105.2	96.3	91	91.5	109.1	107.3	108
Ablim1	85.1	89.9	88.4	77.4	89.8	91.7	90.4	87.5	88.2	93.1	74.3	73.4	74.7	68.4	66.1	179.4	190.1	192.1
Ppp1r9b	96.8	80	70.7	107.5	91.1	88.1	158.1	156.8	170.1	87.7	97.8	96.8	97	101.4	111.2	52.9	72.9	63.2
Appl1	111.5	108.9	108.5	99.3	97.9	97.6	91.9	94.2	93.9	102.5	97.4	97.2	112.5	109.5	110	82.2	92.2	92.8
Srgap3	117	117.9	103.9	102.8	102.2	100.2	147.7	133.5	126.6	81.7	82.5	83.5	59.3	72.7	85.8	91.4	91.2	99.9
Hnrnpu	64.1	70.4	70	53.5	49.9	49.6	57.6	45.6	45.4	51.8	50.9	50.6	108.6	104.1	104.3	264.4	279.1	280.1
Gabra2	97.8	108.3	108.1	93	98.1	97.9	193.5	177.1	176.9	98.9	101	100.9	81	79.2	79.7	35.8	36.2	36.5
Gldc	87	72.5	77.1	157.3	135.2	128	102.9	96.7	91.2	69.2	71.1	60.6	127.8	167.8	192.4	55.8	56.7	50.7
Dstn	98.3	91.2	100.2	96.9	87.1	85.2	89.4	82.9	81.1	90.8	95.6	89.2	119.8	139.9	145.4	104.8	103.2	99
Sod1	104.8	106.6	106.3	103.7	104.1	103.8	87.6	83.8	83.5	117.6	119.3	119.1	111.2	114.9	115.5	75.1	71.4	71.8
Rap2c	104	86.6	86.4	118.2	94.2	93.9	105.1	113.9	113.6	97.1	114.8	114.5	94.6	110	110.6	81.1	80.5	81
Psmb3	132	97	96.7	87.2	98.7	98.4	105.7	96.6	96.3	85.9	100.5	100.3	96.3	119.6	120.2	92.9	87.6	88.2
Smpd3	104.5	115.9	97.9	82.2	79.8	76.6	118.1	120.1	122.9	199.3	211.8	229.2	50.2	43.5	44.8	45.8	28.8	28.6
Rps3	104.1	87.9	87.5	95.8	91.4	91.1	98.1	105.6	105.3	72.5	74.2	74	126.3	136.2	136.7	103.2	104.8	105.4
Akr1a1	108.3	116.4	113.4	100.5	100.3	98.3	100.2	100.2	98.9	112.5	110.9	112.2	93.7	90.8	94.7	84.8	81.4	82.5
Cracdl	110.8	110.5	112.7	96.9	96	96.3	156.2	162.4	166.2	109.8	110.8	110.2	102.4	102.3	99.8	23.9	18	14.9
Ykt6	109.7	118.8	120.4	106.1	113.8	113.8	109.3	110.9	110	117.8	105.1	104.4	90.4	84.5	83.6	66.7	66.9	67.9
Rpl7	123.4	122	123.4	95.5	94.4	96.1	101.6	94.7	99.1	65.2	68.5	71	108.5	118	106	105.8	102.6	104.3
Akap12	64.7	67.2	66.8	57	53.2	52.9	52.5	41.3	41.1	74.6	65.4	65	87.9	89.9	90.1	263.3	283.1	284.1
Mff	76.7	84.5	84.2	90.4	109	109.7	97.4	101	99.9	101.4	96.9	99.6	125.1	112.8	112.7	108.9	95.7	93.9
Slc12a6	92.7	131.4	131	127.3	109.2	108.9	92.3	106.2	106	104.2	94.3	94.1	98.9	81.6	82	84.6	77.4	78
Gsto1	119	115.6	117	97.1	92.3	93.1	95.7	87	89.5	129.5	142.6	141.3	65.9	71.7	67.7	92.8	90.7	91.4
Sh3gl3	112.9	121.4	121.2	127.6	130.9	130.7	136.3	141.7	141.5	126.2	115.7	115.6	63.2	62.7	63.1	33.8	27.7	28
Ndufc2	87.1	90.3	89.7	92.3	94.5	89.8	91.3	88.3	87.8	108.8	103.8	101.7	121	133.3	140.7	99.5	89.8	90.4
Negr1	123.8	124.7	121.2	141.7	135.1	133.4	78.3	80.4	81.2	81.7	78.6	77.3	94.2	102.8	106.5	80.3	78.5	80.4
Gstk1	75.2	64.7	64.5	97.5	91	90.6	87.9	84	83.7	86	89.6	89.4	110.9	118.5	118.9	142.4	152.2	153
Slc25a13	49.9	70.9	67.6	53	56.8	56.7	50.3	46.4	41.6	118.1	120.2	123	200.5	189.3	199.2	128.2	116.3	111.9
Chchd3	83.3	74.8	74.5	92.1	88.9	88.5	86.8	85.7	85.4	96.9	96	95.8	123.1	130.6	131.2	117.7	123.9	124.6
Itgb8	127.8	127.9	129.7	127.2	125.7	126.5	126.5	129	127.2	105	105.8	106	51.4	55.3	53.5	62.1	56.3	57
Nlgn2	90.1	76.5	78.3	102.9	98.1	98.8	94.6	102.3	103.5	83.7	82.1	81.8	139.1	144.9	140.3	89.6	96.1	97.3
Iqsec3	91.6	99.8	79.6	85.2	84	81.1	129.6	126.9	132.9	67.5	62.5	69.3	155.4	163.6	170.8	70.7	63.1	66.4
Camk4	103.4	99.3	98.9	80.1	73	72.8	49.9	46.8	46.3	137.4	137.3	137	46.7	58	57.8	182.5	185.6	187.2
Snx2	110.9	105.5	110.2	91.5	100.3	99.4	90.5	99.5	100.8	104.4	100.4	100.4	117.5	106.5	103.4	85.2	87.8	85.9
C2cd5	116.9	119.9	121.7	101.9	119.6	120.1	123.3	110.9	108.8	85.8	90.2	89.4	87.9	88.7	90	84.1	70.8	69.9
Arhgdia	139.6	115.1	114.8	116.6	106.9	106.6	93	78.2	78	113	137.7	137.4	83	93.7	94.2	54.7	68.4	68.9
Adss2	84.3	99.6	97.7	118	105.6	104.9	101.5	108.9	111.4	125.5	111.1	112.6	88.1	86.8	85.5	82.7	87.9	88.1
Slc6a17	123.6	135.1	135.8	112.1	115.1	116.3	112.7	120.5	121.8	108.6	107.1	105.6	69.3	58.9	57.3	73.7	63.4	63.2
G6pdx	88	88.6	88.7	86.5	85.9	85.2	76.8	70.7	71.9	93.7	96.8	96	147.7	152.6	151.2	107.2	105.4	107
Dctn3	105.1	100.3	100	98.6	99.5	99.2	100.1	101.7	101.4	94.6	102.5	102.3	117.7	118	118.6	83.9	78	78.5
Exoc2	114.6	130.8	130.5	105.6	103.7	103.4	111.2	107.3	107	92.7	94.3	94.1	93.9	88.4	88.8	81.9	75.6	76.1
Plxna2	154.5	151.9	150.4	111.8	125.7	123.5	119.5	112.9	111.3	127	121.7	122.8	54.7	57.2	57.7	32.6	30.6	34.3
Mtcl3	106.6	117.8	117.5	104.9	107.1	106.8	97.7	108.6	108.3	99.6	96.2	96.1	78.1	76.4	76.8	113	93.8	94.4
Slc25a24	67.1	73.1	66.8	66	64.9	65.9	67	64	62.9	113	110	111.5	219.4	228.5	230.3	67.5	59.5	62.5
Msn	84.8	90.9	102.5	86.8	80.9	71.5	79.7	77.7	57.9	76.5	71	58.5	154.1	168.3	181.2	118.1	111.3	128.5
Nars1	111.2	94.6	94.3	100.7	99.3	99	114	108.4	108.1	87.2	96.1	95.9	98.7	102	102.5	88.2	99.5	100.1
Arl3	111.3	109	108.7	90.3	96.1	95.8	91.2	92.6	92.3	112.9	105.9	105.6	115.4	116.9	117.5	79	79.6	80.1
Gars1	102	95.5	95.2	105.6	103.1	102.7	100.6	104.8	104.5	95.7	99.1	98.9	91.5	102.6	103.1	104.6	95	95.6
Hsdl1	78.9	80.7	80.5	84.1	97.1	96.8	83.4	93.6	93.4	124.8	125.4	125.1	132.3	112.7	113.2	96.5	90.4	91
Olfm1	141	133.7	132.6	126.2	128.9	129	125.3	126.9	127.3	96	99.5	99.3	65.4	66.1	66.7	46	44.8	45.1
Gpx4	102.7	87	86.7	117.7	101.1	100.8	94.8	99.2	98.9	95.6	107.2	107	88.1	100.4	100.8	101.1	105.2	105.8
Twf2	126.4	122.6	125.1	120.4	118.6	116	134.4	133.6	135.1	86.5	84.5	86.4	72.8	79.6	75.3	59.5	61	62.1
Aldh9a1	93.8	92.1	91.5	96.4	97.3	97	95.1	90.3	89.9	88.9	86.8	86.6	102.8	105.6	106.3	122.9	127.9	128.7
Cat	77.2	74.3	76	84.6	84.4	83.2	87.2	81.6	81.5	75.8	88.2	84.7	106.3	109.5	109.8	168.9	161.9	164.8
Chl1	89.5	100.2	100.4	83.5	86.3	87.2	97.4	105.4	105.3	91.3	80.8	80.6	48.6	41.1	41.2	189.7	186.1	185.3
Adam23	125.3	127.7	127.4	84.3	86.4	86.2	90.8	107.7	107.4	107	100.5	100.3	96.6	78.3	78.7	96	99.3	100
Rabggta	113.6	110.9	110.6	105.1	104.7	104.4	97.9	100	99.8	125.8	119.7	119.5	88.2	95.6	96.1	69.5	69.1	69.6
Rabgap1	118.7	110.3	110.1	91.4	105.2	104.9	111.2	117	116.7	122.5	112.5	112.3	98.7	87.4	87.9	57.5	67.6	68.1
Csnk2a1	114.3	110.1	109.6	103.2	99.3	97.6	109.7	102.3	103.2	107.8	109.7	109.1	90.2	102.7	102.2	75	75.9	78.2
Adgrl3	127.9	108.3	108	107.5	110	109.7	92.9	90.2	90	92.8	102	101.7	92.2	100.2	100.7	86.8	89.3	89.9
Plppr4	92.6	94.4	92.1	81.2	80.5	81.8	240.9	232.2	225.1	69.4	70.1	74.5	81.5	88.2	86.9	34.4	34.5	39.8
Cend1	104.7	91.4	91	105.8	106.7	106.2	97.4	97	96.6	107.6	113.5	113.3	94.7	89.1	89.7	89.8	102.3	103.1
Ppm1h	116.3	91.7	87.4	104.3	108.3	108.9	95.4	97.9	97.3	92.4	98.4	100.9	63.1	67.3	64.9	128.5	136.5	140.7
Rpl18	123.8	122.4	122	93.5	92.2	91.9	102.2	100.6	100.3	65.9	68.2	68	106.2	102.8	103.3	108.3	113.7	114.4
Cops2	106.8	96.5	96.2	111.1	98.2	97.9	101.9	100.1	99.9	108.1	106.3	106.1	93.8	106.9	107.5	78.2	91.9	92.5
Nwd2	114.6	114.8	111	112	110.8	111.7	167.8	204	205.8	88.4	93.1	92.9	63.7	53.4	53.4	53.5	23.8	25.3
Pak3	136	96.2	120.3	155.1	103.2	105.7	130.9	111.5	93.5	101	111.1	101.6	77	107.4	106.1	0	70.6	72.8
Cep170b	140.4	130.7	130.4	112.5	107.1	106.8	122	118.4	118.1	93.4	86.6	86.4	57.4	68.3	68.7	74.3	88.9	89.5
Dclk2	61.2	67.3	63.8	75.8	70.9	67.9	126.9	124.7	128.7	97.5	103.6	102.9	155.3	154.7	156.6	83.4	78.7	80.1
Sgta	100.1	95.8	95.4	101.7	107.5	107.6	102.1	98.8	98.9	100.8	102	101.8	113.8	113.6	113.8	81.6	82.2	82.6
Arhgap21	101.9	94.9	93.6	98.6	93.8	93.2	134.4	139.9	139.7	86.7	86.4	88.2	76.8	75.7	76.5	101.6	109.3	108.8
Rab13	79.5	89.1	88.8	72.6	88.8	88.4	86.4	90.5	90.2	73.4	70.9	70.7	120.8	112.6	113.1	167.4	148	148.8
Cspg5	141.7	124.1	122.9	137.8	134.7	135.4	146.4	161.6	162	74.7	83.6	83.3	73	74.8	74.8	26.4	21.1	21.7
C1qbp	76.8	57.4	90.4	102.6	88.7	108.5	97.6	93.5	105.2	109.9	119.8	106	124.2	149.4	97.2	88.9	91.3	92.7
Tfrc	113.4	110.6	110.3	98.3	94.6	94.3	131.6	142.6	142.3	67.2	66.9	66.8	89.6	79.5	79.9	100	105.7	106.4
Ndufb5	83.5	83	82.7	93.4	94.3	94	85.7	93	92.7	108.9	109.6	109.3	130.5	115.4	116	98	104.7	105.3
Ephb2	99.9	101.8	101.4	92.3	77.4	77.1	123.3	132.6	132.1	43.7	26.7	26.6	34.8	24.3	24.4	206	237.1	238.3
Acadl	75.7	74.8	74.5	116.4	118.6	118.2	90.6	90.4	90.1	69.5	71.9	71.7	116.4	112.6	113.1	131.3	131.7	132.4
Prkaca	127.4	97.3	96.9	97.3	111.3	109.8	89.5	95.7	95.1	109.4	129.5	130.5	102.8	97.5	98.4	73.6	68.7	69.4
Mark3	89.7	110.9	117.4	98.6	96.5	88.9	95.9	82.6	80.1	119	126.3	129.9	84.8	86.6	89.2	112	97	94.5
Kcnd2	63.6	71.5	65.6	50.2	60.1	59.4	110.8	109.3	105.5	91.9	91.1	95.1	104.5	105.4	104.9	179	162.7	169.6
Psmd11	111.4	116	111.6	100	98.7	100.6	97.4	95.6	98.4	95	96.3	96.7	114.9	111.8	110.8	81.3	81.6	82
Tbcd	104.6	98.9	101.5	95.5	94.5	92.2	94.6	92.6	97.1	109.4	106.4	102.4	114.3	114.2	114.4	81.6	93.5	92.5
Ganab	114	91.4	91.1	114.8	102.8	102.5	87.3	92	91.7	83.6	118.7	118.5	89.6	84.8	85.3	110.7	110.2	110.9
Dnajc13	98.7	89.7	89.5	100.1	99.5	99.2	91.6	101.2	100.9	99.8	109.3	109	127.6	119	119.6	82.2	81.2	81.7
Ddb1	102.2	117.1	119.3	94.5	101	100.3	100.4	103.3	102.8	100.3	94.6	94.4	95.8	87.1	86.2	106.7	96.8	97
Tjp2	80.5	84.4	84.2	86.2	90.9	90.7	93.4	96.1	96	93.1	90.1	89.9	115.9	110.3	110.2	131	128.2	128.9
Vat1	80.6	98.9	96.4	97.1	97.8	97.8	73.2	73	74.8	141.7	128.7	127.3	135.3	136.8	136.1	71.9	64.8	67.5
Dlgap4	111.7	114.5	114.3	114.5	122.6	122.3	120.8	118	117.7	94.8	88	87.8	93.2	80.7	81.2	65	76.2	76.8
Rimbp2	119.9	122.7	NA	108	111.6	NA	154.7	151.7	NA	134.3	142.8	NA	52.9	48.8	NA	30.3	22.3	NA
Hsdl2	79.8	78.8	83.6	96	87.7	91.7	84.1	73.5	72.7	71.1	70.4	71.1	103.7	111	107.4	165.3	178.6	173.5
Ndufb7	84.7	82	74.7	100.4	100.7	101.9	107.9	101.6	98	104.7	100.9	102.8	107.4	122	134.5	95	92.8	88.2
Anxa7	126	107.1	116	113.8	109.7	113.6	130.8	126.8	124.3	102.6	109.2	104.5	77.6	82.1	78.7	49.2	65	62.8
Hba-a3	92.2	79.4	79.1	75.4	75.5	75.2	78.8	84.1	83.8	73.7	77	76.8	145.9	139.3	139.8	133.9	144.7	145.4
Pcyox1	119	114.1	113.2	137.7	117.5	117.2	100.6	111.9	111.6	93.1	94.9	94.8	69.9	80	80.8	79.7	81.5	82.4
Cd81	98.1	86.5	90.4	119.9	106.8	109.1	105.7	107.4	100.2	107.8	104.2	113.3	55.1	65.4	61.3	113.4	129.7	125.8
Coro1c	102.8	99.6	100.2	105.1	96.6	96.4	136.3	121.9	120.7	63.1	64.3	63.6	112.6	124.8	126.7	80.1	92.8	92.4
Clasp1	95.7	110	104.9	101.9	100.8	96.1	102.9	89.1	85.6	83.4	85.7	100.9	106.8	105.7	114.4	109.3	108.6	98
Lasp1	116.5	115	114.6	116.8	113.7	113.4	85.2	86.8	86.6	95.2	97.8	97.6	100.3	96.5	97	86.1	90.2	90.8
Rasal2	138.3	125.5	124.4	120.5	123.6	122.9	107.8	104.8	103.6	81.5	90.5	91	99	110.5	112.9	53	45.1	45.1
Snd1	100.1	126.5	126.2	101.4	101.9	101.6	103.9	98.6	98.3	81	79	78.8	110.3	94.1	94.5	103.4	99.9	100.5
Rab5a	104.7	114.8	115.7	101.5	104.7	104.5	106.7	100.3	101.4	101.2	101.3	101.1	89.6	89.7	87.1	96.4	89.1	90.2
Snap23	93.9	84.6	84.3	86.9	83.3	82.9	107.1	114.9	114.5	76.6	75.1	74.9	89.7	98.1	98.5	145.9	144	144.8
Trim3	104.8	104.6	99.8	98.2	95.5	97.3	83.9	73.8	70.9	87.7	97.7	104.3	74.2	75.7	80.7	151.2	152.7	147
Mblac2	100.9	87.3	87	104.5	105.4	105.1	121	129.1	128.8	93.6	104.2	104	97.5	89.1	89.6	82.6	85	85.5
Acaca	113.3	103.7	95	97.6	100.2	98.9	104.6	104.3	104.9	98	95.9	93.9	107.6	110.8	113	78.9	85.1	94.3
Prnp	116.8	106.7	106.5	106.1	108.3	108.1	135.3	135.3	135	94.3	96.2	96.1	81.3	87.4	87.9	66.3	66	66.4
Reep5	130.8	123	122.8	102.6	103.8	103.5	80.5	86.4	86.3	105.6	106.4	106.2	96	88.3	88.8	84.5	92.2	92.5
Tpd52l1	104.8	108.9	111.2	93.2	107.4	105.9	50	53.8	52.3	186.7	182.3	185.2	28.9	9.5	11.5	136.4	138.1	133.9
Ppfia2	101.7	89.8	91.8	92.3	87.8	88.8	122.1	108.6	113.5	95	117.9	101	106.1	104.5	111.1	82.8	91.4	93.7
Scfd1	122.6	120.7	117.6	107.2	115.4	116.4	90.9	91.6	93.2	89	90.4	90	81.2	77.3	79.2	109.2	104.6	103.7
Lingo1	134.2	140.3	140.5	126.3	120.9	120.6	120.3	115.9	115.9	110.9	110.6	110.5	73.9	79.1	79.2	34.4	33	33.3
Atp1b3	100	99.4	87.5	77.2	90.7	96.5	94.7	81.7	92.4	78.9	119.4	99.7	82.7	83.7	100.3	166.4	125	123.6
Sfxn5	85.5	74.5	74.4	92.4	87.3	86.7	81.5	77.2	77.1	88.5	87.2	86.9	91.2	102.7	102.8	160.8	171.1	172
L2hgdh	85	96.7	99	106.6	104.5	102.3	101.3	101	101.8	98.7	91.4	95.4	91.5	99	94.5	116.9	107.4	107
H1-4	34.5	28	44.2	18.9	18.3	30.6	15.1	12.2	22.2	32	27.3	32	87.2	80	78.8	412.4	434.1	392.2
Fbxl16	140	132.7	132.1	104.7	106.6	107	92.6	89.4	89	176.1	182.6	185.1	54.4	44.6	48.3	32.2	44	38.6
Hycc2	111.3	88.3	89.8	92.6	85.1	84	114	102.5	101.6	88.9	92.5	92.1	70.9	100.9	101.7	122.3	130.7	130.7
Rab39a	98.5	119.3	119	100.8	117	116.7	112.6	104.6	104.4	100.9	93.1	92.9	98.1	90.7	91.2	89.1	75.3	75.8
Hibadh	83.5	81.2	83.2	103.2	94.2	94.1	88.1	78.8	82.5	86.9	96.9	95.8	119.8	134.7	127.4	118.4	114.2	116.8
Aldh4a1	86.9	NA	75.4	96.3	NA	92.9	88.8	NA	79.1	75.5	NA	78.5	97.9	NA	105.5	154.6	NA	168.6
Fyn	87.6	73.4	86.3	94.5	79.5	85.1	107.1	115.7	113.8	89.8	96.5	90.6	107	119.4	114.9	113.9	115.5	109.3
Psmb5	99.5	97.8	97.8	104.5	109.7	110.6	118.1	117.8	117.7	93.8	92.6	91.5	102.7	103.7	104.2	81.4	78.4	78.2
Rap1gap2	146.4	146.7	146.5	128.8	131.9	131.7	78.6	73.5	73.4	115.6	122.4	122.2	87.7	86.4	86.9	43	39	39.3
Cttnbp2	104.1	111.1	110.9	94	95	94.8	136.4	140.6	140.3	136.2	125.9	125.8	77.9	77.6	78.1	51.4	49.8	50.2
Plcl1	102.8	103.4	103.6	99.6	104.5	104.4	84.5	79.9	79.2	138.5	146.4	147.1	89.7	87.7	87.5	85	78	78.2
Eci2	72.2	67.4	67.1	96.7	97.1	96.7	77.9	82.5	82.2	76.3	77	76.8	116	115.9	116.3	160.9	160.1	161
Acyp1	114.6	103.1	102.8	101.9	97.2	96.9	67.1	74.5	74.2	115.1	118.8	118.5	89	92.8	93.3	112.2	113.6	114.3
Cacng8	78	66.5	65	78.7	80.7	92.3	253.2	208.9	145.9	53.5	63	65.5	111.7	135.3	163.6	25	45.5	67.6
Sec24c	108.3	102.3	105.3	97.6	90.4	91.8	102.3	98.1	95.1	89	96.5	95.4	94.5	98.8	97.4	108.4	113.9	115.1
Nap1l1	90.9	115.8	115.5	98.9	99.8	99.5	90.6	91.5	91.2	113.9	97.5	97.3	127.5	112	112.5	78.2	83.4	83.9
Susd2	104	107.6	107.4	107.1	131.3	131	133.4	162.8	162.5	79.9	73.6	73.5	76.8	46.6	46.9	98.9	78.1	78.7
Psmc5	111.8	98.9	95.6	101.8	95.5	84.8	106	100.8	80.6	95.3	102.5	105.9	103.9	121.4	140.2	81.2	80.8	92.9
Tanc2	135.7	131.2	131	122.1	120.7	120.5	120.4	119.5	119.3	105.2	103.8	103.6	84.7	84.8	85.3	32	40	40.3
Pcdh1	118	129.9	129.7	111.4	108	107.8	186	177.2	177	81.2	76.2	76.2	68.7	73.9	74.3	34.7	34.7	35
Tomm40	79.4	71.8	67.1	96.6	88.4	86.7	88.7	85.9	85.8	105.1	110.8	113.5	132.2	138.1	138.9	98.1	105	107.9
Ppa2	58.6	54.7	56.6	104.3	99.9	100.8	88.2	80.4	78.7	131.7	136.2	136.4	113.7	121.2	126.6	103.5	107.6	100.9
Tprg1l	110.3	109.3	109	100.4	99.7	99.5	140.3	129.7	129.4	111.8	110.5	110.4	73.1	81.3	81.8	64.2	69.4	69.9
Syt7	120.5	111.9	111.7	94.2	98.1	97.2	114	126.6	126.3	96	95.5	96	100.1	76.3	77	75.2	91.6	91.8
Rab33b	81.3	82.2	82	93	93	92.7	130.1	150.2	149.7	85.6	75.4	75.3	78.2	72.8	73.2	131.8	126.4	127.2
Cplx1	116.2	104.3	104	108.7	102.9	102.6	101	98.3	98.1	99.7	97.2	97	85.2	97.9	98.4	89.2	99.3	99.9
Fam81a	129.6	153	152.8	163.7	190.2	189.9	99.2	140.5	140.4	45.9	29.2	29.2	104.9	69.6	70.1	56.7	17.5	17.7
Golgb1	146.2	159.3	116.7	122.5	114.3	101.7	112.7	119.9	121.5	50.1	50.9	71.2	71.9	58.9	77.3	96.7	96.7	111.6
Xpo7	116	119.1	120.3	104.4	99.6	100	100.1	101.1	100.1	109.4	103.6	101.5	88.5	90.4	92.1	81.6	86.1	86
Srgap2	99.9	103.2	103.2	83.7	95.7	95.3	89.6	88.2	87.8	68.1	73.6	73.3	87.2	71.6	72.2	171.6	167.7	168.2
Tecpr1	88.7	113	111.5	98.2	107.5	107.9	144	160.9	161.2	113.7	92.3	89.9	75.5	54.7	55.3	79.9	71.7	74.2
Necab2	65.5	70.7	62.8	86.2	79.1	80.5	181.3	140.8	167.1	150.9	155.6	139.6	84.6	97.4	96.8	31.5	56.3	53.2
Cyb5r1	79.8	92.9	92.6	82.1	92	91.8	102.1	110.9	110.5	91.9	91.5	91.3	139.5	125.2	125.8	104.5	87.6	88.1
Dhrs7	94.2	106.9	97.6	87.8	86.1	87.8	78.9	83.8	79.6	102	95.6	99	112.3	98.3	104.3	124.8	129.3	131.7
Vps51	102.5	106.8	109.7	104.5	101	105.7	115.9	98.2	97.6	107.4	104	107.2	91.9	108.3	96.5	77.7	81.7	83.2
Kcnab1	97.1	102.6	102.4	105	88.1	87.9	129.9	109.9	109.7	160.3	197	196.8	33.8	35.3	35.5	73.9	67.1	67.6
Rps5	93.4	101.7	101.6	91.6	93.1	92.7	103.2	101.7	101.3	74.4	84.4	83.5	122.4	112.7	114.2	115	106.5	106.7
Oga	114	136.5	136.2	109.5	106.3	106.1	79.9	76.2	76	127.6	133.5	133.4	106.8	105.4	106	62.2	42	42.3
Pde1b	95.3	85.7	87.7	57.9	54.5	54.8	33.8	32.3	32.4	358.8	367	364.2	42.6	46.1	46.3	11.7	14.4	14.7
Ahsa1	113.4	109.2	114.7	91.3	111	106.7	103.4	97.5	90.5	97.9	99.6	98.8	106.8	90.9	94.9	87.2	91.9	94.4
Asrgl1	113.1	107.9	107.7	111.8	110.4	109.6	110.2	106.7	105.7	97.6	101.1	101.4	102.7	110.2	111.5	64.6	63.6	64
Git1	123	122.8	122.4	103.3	107.4	106.4	113.2	123.2	122.4	107.4	109	109.2	97.6	88.4	90.4	55.5	49.2	49.1
Akr7a2	93.7	66.7	66.5	94.8	98.3	97.9	86.7	63.8	63.5	87.4	92.5	92.2	103.8	112.9	113.3	133.5	165.8	166.6
Kcna1	113.8	105.1	104.8	86.4	86	85.7	105.7	103.8	103.4	95.6	91.4	91.2	53.9	58.2	58.4	144.6	155.5	156.4
Gsta3	85.7	87.1	86.8	93.9	94.3	93.9	111.2	99.1	98.7	59.1	60.9	60.7	197	208	208.8	53.1	50.7	51
Pgm3	83.7	87.6	87.3	77.3	84	83.7	87.1	92.7	92.4	93.9	87.9	87.7	107.6	109.9	110.4	150.4	137.9	138.6
Actr3b	133.3	124.4	124.2	126	132.5	132.3	136.9	136.5	136.3	102.8	109.4	109.4	68.7	60	60.4	32.3	37.2	37.5
Exoc4	113.9	121.9	120.7	107.2	111.1	112.7	117.3	107.6	108.1	93.5	91.3	90.5	84.7	89.2	89.8	83.3	79	78.2
Eif5	101.8	119.1	116.5	103.4	108.1	109.2	92.2	87.7	85.1	103.8	99.9	99.5	95.6	87.7	91.6	103.2	97.5	98.1
Coq9	76.5	64.1	63.9	98.3	92.9	92.5	93.1	83	82.7	104.1	110.4	110.1	101.9	121.2	121.7	126.2	128.4	129.2
Dagla	86.5	81.3	81	66.2	62.5	62.3	130.1	126.2	125.7	66	61.8	61.6	64.5	56	56.2	186.8	212.1	213.2
Apoe	89.1	96.5	78	81.5	81.6	76.6	111.7	110.8	111.5	99.1	95.3	113.5	135.7	127	141.1	83	88.8	79.3
Lmnb1	65.8	67.9	67.5	50.6	47.1	46.8	35.9	45.9	45.7	55.6	59.4	59.2	111.1	114.6	114.9	281	265.1	266
Sntb1	108.7	103.5	103.1	75	69.1	69	75.4	53.6	53.6	68.8	64.5	64.2	124.6	153.8	154.2	147.5	155.5	156
Pfdn5	111.8	116.5	116.2	106.6	105.6	105.3	93.2	90.1	89.9	97.1	101.8	101.6	103.5	101	101.5	87.7	85	85.6
Scn8a	118.7	113.9	113.6	98.6	92.2	92	105.7	131	130.7	86.7	107.9	107.7	91.3	72.1	72.5	99	82.9	83.5
Sema7a	118	135.2	130.5	88.5	89.4	87.7	109.4	104.7	105.6	123.3	125.4	131.8	55.7	53.2	50.2	105.2	91.9	94.3
KRT6A	49.4	NA	21.9	59.6	NA	90.5	174.3	NA	204	27.6	NA	30.2	63.3	NA	53	225.8	NA	200.4
Ipo9	119.1	116.3	116	93.1	94.3	94	89.5	86.5	86.3	106.9	105	104.8	87.1	95.9	96.4	104.3	102	102.7
Ppib	102.7	105.1	104.7	93.2	88	87.9	110.8	108.9	108.2	81.1	83.4	82.2	80.1	85.9	87.5	132.1	128.7	129.5
Rps2	102.8	80.5	93.3	95.2	89.6	97.6	104.5	97.9	106.4	73	77.5	69.5	124.6	140.5	122.5	99.9	114	110.7
Ptpre	82.8	79.8	75.2	79.2	75.8	76.5	228.8	217.5	219.7	72.3	80.5	81.8	70	71.4	72.8	66.8	75	73.9
Aifm3	100.7	101.5	103.1	83.7	91.3	90.1	99.9	106.9	106.9	84.6	81.5	77.6	96.7	70.8	70.5	134.5	148.1	151.8
Paics	93	75.6	75.3	93.4	84	83.6	85.8	82.4	82.1	86.2	83.4	83.1	118.6	128.2	128.7	123.2	146.4	147.2
Txnrd1	109.4	97.8	107.8	95.4	102.3	89	83.2	86.6	75.8	96.3	92.4	97.1	133.3	137.3	143.4	82.5	83.5	86.9
Timm50	73.9	82.3	72.2	89	90.9	85.9	80.2	80.4	77.1	95.8	91.6	93.2	136.4	132	134.1	124.6	122.7	137.6
Robo2	108.4	119.8	120.1	91.8	97	97.2	129.8	123.5	122.8	103.8	96	95.9	126.7	133.5	133.4	39.5	30.3	30.6
Hmox2	123.4	123.3	122.9	103.6	99.8	99.5	82.8	77.6	77.4	91.8	94.7	94.5	85.4	89.2	89.6	112.9	115.4	116.1
Dpp3	123.2	132.4	132.1	106.3	107.2	106.9	91.2	86	85.8	104.1	102.7	102.6	99.4	97.7	98.2	75.9	73.9	74.4
Gng12	100.9	99.3	98.2	106.2	112.1	111.9	101.4	95.2	95.4	99.7	101.6	101.8	82.9	62.3	62.3	109	129.5	130.4
Tpm4	75.6	52.7	52.5	73.1	77.6	77.3	81.4	81.3	81	81.7	115.9	115.6	121.4	151.9	152.5	166.8	120.6	121.2
Epn2	115.3	117.5	117.2	96.9	104.5	104.2	126.2	124.8	124.6	102.8	100.6	100.4	84.5	73.4	73.8	74.2	79.2	79.7
Arf6	86.8	81.4	81.2	116.6	127.1	126.7	85.8	78.8	78.5	94	93.5	93.3	103.8	109.3	109.8	113	109.8	110.5
Psmb4	108.7	92.9	89.9	94.7	98.2	97.8	96.9	98.1	98.3	90.2	110.2	112.8	127.1	112.5	114.4	82.5	88.1	86.8
Rogdi	109.7	119.9	121	101.1	100.6	100.7	135.8	130.8	127.7	119.7	114.9	110.1	60.1	64.2	67.9	73.5	69.7	72.6
Cops3	103	98.3	98	107.4	101.6	101.3	100.8	99.5	99.2	127.2	111.5	111.3	92.2	106.4	106.9	69.4	82.7	83.2
Mtx3	68.7	77.6	79.2	87.8	82.7	83.1	86.3	82.7	89.7	139.5	130.3	126.4	88.2	99.5	95.4	129.5	127.3	126.3
Relch	119.2	118.3	117.9	109.1	104.6	105.3	100.2	103.1	103.1	113.2	121	120.2	89.4	82.7	82.9	68.9	70.3	70.7
Ddt	111.5	111.7	105.6	100.5	104	105.3	102.7	98.2	103.9	95.7	100.2	90.9	95.7	91.5	78.1	93.9	94.4	116.2
Csnk2a2	108.7	88	115.8	105.8	98.2	119.5	95.4	111	106.6	114.1	116.4	103.4	82.5	96.1	84.2	93.4	90.3	70.5
Pcbp2	106.8	109.3	107.7	92.8	92.8	92.7	88.8	83.7	80.3	90.8	90	91.9	109.6	109.9	116.4	111.2	114.4	111
C2cd2l	139	133.7	135.4	115.3	109.5	108.4	90.6	98.3	98.1	131.2	115.7	113.8	64.8	68.9	69.1	59.1	74	75.1
Snx6	107.1	107.5	103.9	99.7	100.4	99.3	104.4	102.1	105.7	108.7	107.5	105.1	99	100.5	101.1	81	81.9	84.9
Rplp0	128.6	116.5	116.1	94.1	93.9	93.5	97.8	94.9	94.6	68.6	70.7	70.5	110.3	115.1	115.7	100.5	108.9	109.5
Slc6a1	99.6	73.8	73.6	99.7	100.5	100.2	137.5	124.9	124.5	58	65.8	65.6	115	133.3	133.8	90.1	101.7	102.3
Psmc6	110.1	91.6	91.2	99.8	91.4	91	90.1	88	87.7	88.1	80.5	80.2	102	81.4	81.7	109.8	167.2	168.1
Ube2o	117	122.8	122.5	104.7	105.7	105.2	86.3	88.5	88.7	95.9	104.6	103.2	101.5	89.5	90.1	94.6	88.9	90.3
Ephb3	166.2	153.3	153	114.9	105.2	105	105	108.8	108.6	72.2	80.5	80.4	46.2	67.8	68.2	95.5	84.2	84.8
Psmd13	117	114.8	114.4	105.1	100.1	99.8	100.7	101.3	101.1	91.5	94.7	94.5	98.6	108.5	109	87	80.5	81.1
Cpt1a	65.8	66.3	64.2	81.2	84.7	82.1	100.8	91.4	90.3	58.7	65.3	65.7	160.2	169.7	178	133.2	122.5	119.7
Ube2n	104	121.8	122.7	101.8	105.3	104.2	91.2	96.4	94.7	109.1	101.7	101.9	114.8	94	95.5	79	81	80.9
Vps45	120.6	121.2	116.7	110.7	108.5	109.5	107.6	103.7	103.6	86.7	87.9	89.6	80.6	82.2	83	93.9	96.5	97.6
Mapre2	109.9	125.4	125	112.3	92	91.7	80.6	76.5	76.2	94	87.6	87.4	112.3	119.1	119.7	90.8	99.4	100
Enah	94.2	100.7	98.7	108.3	96.9	97	147.2	129	126.3	64	72.4	73.8	115.1	125	126.6	71.2	76	77.6
Kbtbd11	115.4	96.4	96.1	86	88.5	88.2	122.3	112.4	112.1	86.8	97.7	97.4	86.8	95.1	95.6	102.7	109.9	110.6
Slc4a7	123.3	98.1	97.8	93.7	78.8	78.5	130.2	168.8	168.3	76.8	68.3	68.2	104.8	110.1	110.7	71.2	75.9	76.4
Atad1	59.9	70.1	69.5	83.1	92.5	92.2	76.4	83	82	85.8	87.1	87	156	140.8	142	138.8	126.6	127.4
Abcd3	80.2	85.9	85.6	82.1	79.4	79.1	86.5	83.4	83.1	84	85.7	85.4	117.9	120.5	121	149.4	145	145.8
Phf24	154.4	146.7	149.1	145.3	137.5	139.7	80	85.6	84	149.6	143.7	151	53.9	57.4	54.7	16.8	29	21.6
Flna	46.5	68.8	68.5	45.4	43.8	43.5	79.8	71.9	71.6	40.7	36.7	36.5	183	160.6	161	204.6	218.1	218.9
Dnaja1	116	121.9	120.8	102.6	103.7	103.4	111.5	119.7	120.1	106.8	108.5	108.6	93.3	85.3	86	69.8	60.8	61.1
Pdlim5	91.8	88.4	89.4	71.6	71.5	73.3	88.9	85.7	82.6	72.6	82.6	83	156.7	142.1	139.5	118.4	129.6	132.3
Ndufb6	80.8	85.4	85.1	104.3	110.5	110.1	97.3	101.6	101.3	109.4	100.8	100.6	111.5	105	105.5	96.7	96.8	97.4
Aldh1a1	65.6	49	59.3	31.2	61.5	56.9	33.6	74.5	90.3	379.7	279	261.6	27	32.7	39.9	62.9	103.4	92
Otub1	135.8	123.6	125.3	102.6	105	110.4	106.2	96.6	101.9	100.1	103.9	101.5	92.3	106.9	95.5	63	64.1	65.4
Gpm6b	118.8	112.5	112.2	94.4	92.1	91.9	125.2	120.6	120.3	86	89.7	89.5	46.6	47.8	48.1	129	137.2	138.1
Pdk3	81.1	82.9	84.6	93.8	97.7	98.9	114.7	106.8	107.4	111.8	112.4	109.1	102.4	88.7	83.7	96.1	111.7	116.2
Them4	101.4	107.2	107	119.4	112.8	112.5	87.8	84.5	84.3	141	149	148.8	89.6	90	90.5	60.8	56.5	56.9
Rab21	96.4	92.3	93.4	91.3	93.5	92.7	92.6	92.9	92	89.8	91.1	90.6	98.3	97.3	98.1	131.6	133	133.1
Ndrg4	104	107.2	106.9	100.8	95.3	95	127.9	117.5	117.2	100.3	105.2	105	114.4	121.9	122.6	52.6	52.9	53.2
Macroh2a1	37.9	42.1	42.4	21	21	21.1	23.1	21	20.7	51	46.5	47.1	91.4	93.9	84.4	375.5	375.5	384.2
Blmh	87.9	84.8	84.5	106.4	94.4	94	79.9	76.8	76.5	99.9	103.5	103.2	104	108.9	109.3	121.9	131.6	132.3
Ndufa4	74.2	72.1	71.5	86.7	97.8	97.4	78.1	86.6	86.2	102	100.6	100.3	152.5	136.9	137.6	106.5	106	106.9
Rasgrf2	143.9	125.4	125.2	137.3	138.9	138.7	179	180.8	180.5	46.6	47.7	47.7	61.2	73.4	73.9	32	33.8	34
Rps27a	123.5	134.6	134.3	100.6	98.3	98	102.9	115.4	115.2	82.6	77.5	77.3	86.2	76.8	77.1	104.2	97.5	98.1
Pitpnm1	113.6	127.6	126.9	109.5	117.7	118.9	98.2	107.1	107.9	111.9	98	96.6	78.2	68.7	69.9	88.6	81	79.7
Grk2	104.7	128.8	130.8	112.6	110.3	106.3	104.6	105	104.6	60.2	57.5	57	70.3	58	59.2	147.6	140.5	142.1
Gabrb1	114.8	119.9	119.7	121.9	111.7	111.5	160.2	213.7	213.3	56.7	40.8	40.8	75.7	76.4	76.9	70.7	37.6	37.8
Nploc4	107.5	119.7	119.3	94.3	105.6	105.3	88.5	95.3	95.1	110.8	90.9	90.8	107.4	114.9	115.5	91.7	73.6	74
Lypla2	108.6	104.3	105.2	98.2	94.7	94.3	105.1	98.1	97.5	111.2	115	114.9	107.3	115.3	115.1	69.6	72.6	73
Slc2a3	135.6	130.2	131.9	111.8	112.9	113.9	112.9	109.3	108.9	105.9	106.2	108.8	58.7	68.7	66.6	75.2	72.7	70
Iars1	123.9	NA	124.2	102.2	NA	95.9	109.6	NA	106.6	71.6	NA	73.6	101	NA	97.7	91.8	NA	102.1
Kcna2	115.2	114.3	113.9	111.8	113	112.7	83.4	79.7	79.5	103.2	82.5	82.3	77.3	58.2	58.5	109.1	152.2	153.1
Pmpcb	80.1	88.2	86.3	100.1	104	105.2	86.6	80.9	80.2	100	93.4	92.5	102.7	104.3	104.9	130.5	129.2	130.9
Ehd4	117.7	108.8	113.8	95.6	104.7	99.1	88.7	82	78.8	96.6	98.4	99.9	103.2	106.5	110.3	98.2	99.6	98.1
Atp5mg	89	77.8	77.8	101	91.2	90.9	84.6	86.6	86.9	107.8	111.6	111.1	118.4	128.4	128	99.2	104.5	105.3
Gmfb	105.9	121.5	122.4	103.2	107.6	108.5	117.6	120.6	119.3	94.7	94.6	93.3	106.4	87.3	87	72.3	68.4	69.5
Slc25a25	70.6	72.1	71.8	84.5	92.4	92.1	68.2	67	66.7	89.8	92.2	91.9	104.4	96.3	96.6	182.5	180	180.9
Cdc42bpa	102.5	82	81.7	90.2	93.3	93	102.6	99.7	99.4	87.2	93.1	92.9	75	83.8	84.1	142.6	148	148.9
Pabpc1	102.3	106.5	106.3	104.2	98.3	96.7	92.4	90.4	89.6	88.1	82.9	81	111.1	111.7	115.1	101.8	110.2	111.3
6430548M08Rikl	108.6	100.1	100.1	97.4	102.4	101.7	77	80.4	80.6	78.5	86.6	86.2	125.5	123.6	124.1	113	106.9	107.2
Vcam1	122.6	115.9	115.6	103.7	97.8	97.6	127.2	128.5	128.2	81	80.5	80.4	109.7	111.3	111.8	55.9	65.9	66.4
Mapk10	129.9	119.2	96.8	128.5	112.3	103.9	115	104.1	107.4	100.5	97.2	101.1	56.7	88	100.1	69.3	79.2	90.6
Clk2	106	106.9	106.6	85.9	90.7	90.5	123	117	116.7	117.9	120.5	120.3	83.7	81.6	82.1	83.5	83.2	83.8
Csnk1d	88.8	88.8	91.8	111.9	118	113.1	113.9	114.2	112.2	95.1	92.1	91.9	83.7	77.8	83.4	106.5	109.1	107.7
Tomm34	108.7	116.7	121.1	108.1	103.4	106	127.8	126.7	122.8	100.7	99.8	99.7	77.6	84.8	81.8	77.1	68.6	68.7
Hapln1	113	100.4	98.9	127.6	117	116.7	184.7	167.2	167.7	66.8	73.4	73.6	55.7	76.7	76.8	52.1	65.4	66.2
Pycr2	65.9	79.9	79.6	93.1	86.4	86.1	81.5	74.7	74.5	100.3	133.8	133.4	136.9	120.1	120.6	122.4	105.1	105.8
Sacs	120.5	116.1	113.3	116.3	110.5	113.6	130	128.3	118.6	100.1	93.5	107.3	54.3	68.1	59.7	78.8	83.5	87.5
Dab2ip	107.9	125.1	130.6	98.2	84.6	111.5	124.3	85.9	139.7	138.8	155.8	118.5	64.7	54.9	59.2	66.1	93.7	40.5
Acox1	87.2	83.3	82.9	80.6	87.2	86.8	76.9	78.8	78.5	78	73.1	72.8	129.7	139.6	140.2	147.6	138	138.8
Agpat3	110.1	107.3	114.3	91.5	94.1	98.1	86.6	86.7	92.6	79.6	83.2	81.4	103.6	113	100.8	128.6	115.7	112.8
Necap1	112.3	99.3	97.1	104.1	97.9	95.3	121.7	107.4	105.1	124.4	127.6	129.5	82.4	107.5	113.1	55.1	60.4	59.8
Eci1	76.9	53.7	53.5	101.3	84.1	83.7	85.3	78.6	78.3	66.1	63.2	63	138.2	153.8	154.3	132.2	166.5	167.3
Ptges2	64.8	77.2	78.9	87.3	96.7	97.4	79.4	84.4	84.6	86.5	83	83.8	161.2	141.4	139.4	120.9	117.2	116
Rab30	92.9	101.5	101.2	89.5	80.2	79.9	109.2	119.7	119.4	92	97.7	97.5	93.7	94.8	95.3	122.8	106.1	106.8
Rad23b	108.2	119.7	119.3	110.9	106.8	106.5	107.6	89.1	88.9	100.4	103.4	103.2	104.5	109.4	109.9	68.5	71.7	72.1
Pnpt1	82.8	88	87.7	90.1	88.9	88.6	85.2	85.9	85.6	98.5	100.3	100	110	114.1	114.6	133.4	122.9	123.6
Cpne8	135.6	134.5	134.2	141.2	132.6	132.4	112.1	111.9	111.7	96.6	89.6	89.5	80.8	90.7	91.3	33.7	40.7	41
Dnajc5	114.1	126.4	123.8	108.8	102.7	102.5	121.6	113.1	113.1	97.8	104.2	102.6	57.4	61.9	67.5	100.2	91.6	90.5
Rmdn3	70.5	76	75.7	87.5	97.5	97.1	75	95.3	95	72.5	86.4	86.1	92	103.5	103.9	202.5	141.4	142.2
Capn2	108.2	90.7	92.4	89.8	96.5	101.1	98.5	96.3	95.7	95.2	97	97	121.5	122.7	117.9	86.8	96.8	95.9
Grm1	50.1	56.9	57.2	38.2	50.2	52.7	67.7	81.3	78.3	56.1	61.8	60.8	78.2	75.5	80.4	309.7	274.4	270.6
Ccdc51	91.2	83.9	83.9	92.1	93.3	93.1	89.6	85.3	85.4	100.5	103.6	102.2	122.3	127.9	128	104.2	106	107.4
Rab4a	116.6	114.1	113.8	95.6	97.5	97.2	84.8	87.7	87.4	94	97.2	97	85.5	86	86.4	123.5	117.4	118.1
Fsd1	109.3	110.2	109.9	119.8	117.1	116.8	95.9	81.4	81.2	106.9	101.9	101.7	95.2	110.2	110.8	72.9	79.1	79.6
Ndrg1	91	94.7	94.4	111.5	78.4	78.1	96.4	55.5	55.3	114.4	136.3	135.9	88.8	106.7	107.1	97.9	128.5	129.2
Psma4	111.6	134.8	134.5	95.7	102.7	102.4	96.8	91.5	91.3	98.6	94.3	94.1	114.9	93	93.4	82.3	83.8	84.3
Camk1d	112.3	135.7	135.5	99.2	94.4	94.3	119.4	136.7	136.5	115.4	116.3	116.2	99.7	83.3	83.9	54	33.5	33.7
Dbi	61.4	66	65.9	72.6	75.8	72.8	80.2	80.7	82.1	72.2	70.7	70.6	140	140.3	141.2	173.7	166.6	167.4
Grb2	96.3	98.8	98.6	102.5	97.9	97.7	107.9	105.7	105.5	111.7	110.4	110.2	109.5	111.5	112	72.1	75.6	76.1
Slc17a6	144.1	99.3	99.1	103.2	105	104.8	70.2	70.2	70.1	180.1	196.5	196.3	63	80.2	80.6	39.3	48.8	49.1
Ppfia4	62.1	54.1	53.8	64.6	54.8	54.6	120.6	127.6	127.1	80.2	73.7	73.4	72.8	62.5	62.7	199.7	227.3	228.4
Prepl	106.4	118.1	117.8	101.8	105.9	105.6	119.1	122.9	122.6	90.9	88.9	88.7	99.2	91	91.5	82.6	73.2	73.7
Nipsnap2	74.7	82	81.9	74.9	81.3	81.1	78.9	76.5	76	112.5	98.6	98.2	114.7	136.9	137.7	144.4	124.9	125.1
Prex1	114.1	87.3	92.3	95.3	80.6	90.4	101.9	82	88.6	50.9	49.2	58.3	101.3	117.4	102	136.4	183.6	168.4
H2ac4	31	30.4	33	12.2	14.3	12.6	10.7	9.7	10.4	32.3	31.7	32.1	90	88.9	108.6	423.8	425	403.3
Mlc1	74.8	81.8	83.1	63.9	70.3	70.1	93.5	87.1	85.9	60.8	63.1	61.4	97.8	97.6	94.3	209.2	200.1	205.2
Ndufs5	62.7	81.4	81.1	87.6	95.1	94.7	93.7	93.3	93.1	117.6	113.5	113.2	129.5	118.7	119.3	108.9	98.1	98.7
Dmtn	108.7	123.7	123.9	123.9	115.4	114.7	106.5	101.5	101	130.4	113	112.4	94.7	109.9	110.7	35.9	36.5	37.4
Traf3	122.9	108.1	82.7	117.9	103.7	125.4	156.9	153.8	175.8	79.3	83.7	90.7	55.3	69.3	51.8	67.7	81.4	73.7
Lyn	67.6	72.2	71.9	65.4	53.1	52.8	61.3	68	67.7	35	36.4	36.3	183.7	178.5	179	187.1	191.7	192.5
Nedd4l	83.8	113.6	90.8	84.6	84.6	77.7	147.2	134.9	126.1	107.2	99	102.6	43.9	44.7	70.7	133.4	123.2	132.3
Shmt2	82.9	87.2	86.9	102.3	104.8	104.5	86.6	86.9	86.6	91	90.6	90.3	105.5	108.1	108.6	131.7	122.4	123.1
Ube2v2	119.2	NA	120.9	103.4	NA	124.4	102.8	NA	85.9	109.3	NA	105.3	87.4	NA	79.2	77.9	NA	84.4
Tnpo3	107.8	98.1	97.8	100.5	92.1	91.8	102	92	91.8	102.2	116.7	116.5	98.8	101.9	102.4	88.7	99.1	99.7
Scg2	83.3	84.4	84.9	100.2	102	101.8	165.2	166.9	164.3	109.4	110.4	110.7	102	101.3	103.4	39.9	34.9	35
Cdh10	140.5	157.3	156.7	108.2	100.9	100.9	129	126.1	125.8	93.6	83.9	83.9	90.6	98.2	98.5	38.1	33.6	34.2
Dip2c	109.7	106.1	109.6	110.8	100.3	101.4	110.4	108.5	96.8	104.1	106.5	95.5	86.7	86.8	106.2	78.3	91.8	90.5
Cdh13	122.2	162	167	128.7	141.3	144.2	107.4	112.4	116.7	95.5	78.8	76.4	109.7	74.9	68	36.3	30.7	27.6
Cacnb2	84.6	103.8	103.7	79.4	52.8	52.7	209.1	241.5	241.2	134.6	123.7	123.7	57.2	31.3	31.5	35.1	46.9	47.3
Apoo	83.9	90.6	90.3	80.5	93.1	92.8	103.8	84.4	84.1	107.8	104.4	104.1	121.5	120.7	121.2	102.6	106.9	107.5
Cst3	119.7	120.6	120.2	86.1	90.3	90.1	82.3	87.1	86.9	101.1	103	102.8	96.3	92.6	93	114.5	106.4	107.1
Prdx2	83.2	88.9	87.1	91.9	93.9	92.3	83.9	87.3	86.7	105	105.6	105.7	136.5	128.1	130.6	99.5	96.2	97.6
Cox7a2l	79.5	87.7	91.7	99.3	105.6	99.9	92.8	89.4	91.9	97.4	94.2	93	129	126.1	123.6	102	97.1	99.8
Cd200	125.9	132.8	135.2	122.3	138.2	135.6	104	100	99.3	102.8	107.7	107.9	72.9	68.2	70	72	53.1	51.9
Atp5me	68.8	76.6	76.3	103	100.5	100.1	84.8	90.3	90	96.7	103.9	103.7	143.2	127.5	128.1	103.5	101.2	101.8
Rgs14	108.4	123	122.8	98.7	113.3	113.1	216.8	190.5	190.3	76.7	79.2	79.1	83.5	94.1	94.7	15.9	0	0
Tnpo2	84	107.1	112.3	100.5	95.1	101.1	95.3	93.8	108.8	112.6	92.3	92.3	119.2	124.9	108	88.3	86.9	77.6
Sarm1	77	80.3	80	87.9	83.8	83.5	88.4	82.8	82.5	90.5	91.9	91.6	158.1	169.5	170.2	98.2	91.7	92.2
Xpnpep1	107.8	102.5	102.2	94.1	97.6	97.3	101.8	101.9	101.6	101.3	108.5	108.3	105.7	106.2	106.7	89.4	83.3	83.9
Rnf14	101.5	116.9	114.3	105.3	110.3	111.8	127.9	118.3	123.1	104.9	100.7	102.1	82.8	86.8	81.8	77.6	67	66.9
Rftn2	96.2	97.5	97.2	90.8	86.9	87	119.8	111.2	110.1	55.9	70.5	71.4	82.2	88.3	88.7	155	145.5	145.6
Crk	88.7	90.3	93.4	114.5	116.9	115.1	103	99.2	99	122.5	115.3	113.6	97.4	99.6	100.7	73.8	78.6	78.3
Scamp1	93.2	80.6	80.3	75.3	74.4	74.1	110.3	107.2	106.8	103.5	106.8	106.5	113.8	123.8	124.4	104	107.3	108
Arhgef9	107.7	96.9	93.4	84.6	94.4	84.5	125.2	130	130.1	135.5	137.4	138.4	99.9	98.6	98.5	47.1	42.6	55.2
Tbc1d10b	114	102.1	101.9	100.3	137.3	137	102.2	122	121.8	99	80.2	80.1	85.3	78.5	78.9	99.1	79.9	80.4
Actr10	101	107.8	109.8	106	99.2	98.1	106.9	107	106.5	95	94.1	93.4	105	106.6	105.8	86.1	85.3	86.5
Ppp1r21	106.7	114.7	114.3	100.3	113.7	112.8	87.2	100	99.4	94.5	86.5	86	118.7	91.1	91.1	92.7	94	96.5
Ncs1	115.9	103.3	104.8	106.4	102.9	110.9	134.5	132	98.8	89.1	96.5	92.7	96.8	99.1	132.5	57.3	66.2	60.3
Cab39	115.1	95.2	97.6	101.1	91.7	98.9	99.2	90.9	97.4	102.6	108.4	102.5	82	98.7	83.2	100	115	120.4
Cse1l	113.9	94.7	97.4	93.9	85.7	87	96.5	91.2	87.7	95.7	104	109.7	93.4	116.4	110.3	106.4	108.1	107.8
Rhot2	102.7	86.2	76	113.6	97.1	89	89.3	88.2	90.1	94.2	98.4	99.2	112	126.7	140.5	88.1	103.4	105.3
App	110.1	123.4	110.2	110.3	112	107.4	102.6	103.9	102.6	110.1	106.5	112.7	73.9	70.2	70.7	93.1	83.9	96.5
Cacnb3	91.3	128.2	127.9	100	120.2	119.9	110.8	91.6	91.4	106.2	93	92.8	123.4	97.8	98.3	68.3	69.2	69.7
Rnh1	89	89.3	89	79.8	87.1	86.7	85.2	90.1	89.8	96.1	91	90.7	118	114.8	115.3	131.9	127.7	128.4
Wdr44	108.6	69.3	69.1	101.6	87.5	87.2	110.1	132.6	132.3	101.5	121	120.7	94.6	99.8	100.3	83.6	89.8	90.4
Mpc2	80.3	97.9	97.5	98.5	88.9	87.6	93.7	66.9	64.9	91	95.1	96	130.3	104.9	106.1	106.3	146.2	147.9
Syncrip	108.8	102.5	90	97.4	90.7	91.7	104.3	96.6	103.5	80.9	88.8	85.1	106.1	116.5	125.1	102.4	104.9	104.6
Cnrip1	133.5	121.9	121.6	140.5	133.6	133.2	93.5	90	89.8	80.7	82.9	82.8	71.2	88.6	89.1	80.5	83	83.6
Rmnd1	92.1	90.2	89.9	102.1	103.6	103.2	103	87.5	87.3	117.1	124.6	124.3	110.5	113	113.5	75.2	81.2	81.7
Plcb4	72.1	73.8	74.5	43	43.5	42.2	18.8	18.2	18.1	50.6	49.8	49.5	63.5	66.8	66.7	351.9	348	349
Bag5	76.6	84.9	84.7	80.6	91.1	90.8	99.4	108.5	108.2	129.3	121.1	120.8	99.2	86.1	86.6	114.9	108.2	108.9
Oxsr1	103.2	78	72.5	90.7	89.3	95.3	77.2	80.3	71	95.4	103.5	104.2	120.3	119.9	134.1	113.2	128.9	122.8
Rtcb	95.7	90.7	97	84.6	88.5	74.7	84.1	85.1	91.6	86.5	82.6	88.6	117.1	120.4	117.6	132	132.6	130.4
Yme1l1	67.9	69.3	69	87.4	87.4	87.1	80.4	86.8	86.5	101.9	100.5	100.2	158.6	152.7	153.4	103.8	103.3	103.9
Strn3	92.2	106	98.3	100.4	93.6	107.2	115.3	118.9	108.7	82.8	79.7	80.2	102.4	119.2	94.7	107	82.7	111
Hepacam	82.7	80.6	79.9	74.9	70.9	72.1	96.9	97.1	93.5	72.7	72.8	76.2	120.3	123.1	127.6	152.5	155.5	150.7
Ppa1	98.6	76.9	76.7	97.3	97.7	97.4	88.1	85.6	85.3	90	97.1	96.8	149.1	160.5	161.2	76.9	82.2	82.7
Ppme1	152.8	115.7	109.3	112.8	110.7	112.2	83.2	96	101.1	94.5	104.3	104.6	87.2	90.6	87.2	69.5	82.6	85.6
Ociad1	77	80.6	83.9	83.4	84.1	81.6	88	82.8	81.1	97.7	94.5	93	145.6	146.9	149.7	108.2	111	110.6
Ethe1	83.2	79.9	79.6	96.5	107	106.6	76.8	74.7	74.4	103.1	96.1	95.8	97.9	92.9	93.3	142.5	149.5	150.3
Mlycd	87.3	79.9	79.6	110.7	95.9	95.6	87.1	85.6	85.3	97.1	122.5	122.2	103.3	98	98.5	114.6	118	118.8
Tars1	105.6	111.3	110.8	87.8	86.6	87.2	96.3	98	96	100.8	93.4	93.4	110.5	114.6	116.5	99	96.1	96.2
Cpne7	71.6	67.5	68.2	94.9	89.4	86.8	244.8	267.1	259.1	88.5	88.9	95.4	75.3	69.6	70.6	24.8	17.5	19.9
Pepd	123.6	106.8	106.5	93.1	92.1	91.8	92.4	82.8	82.5	82.6	85.5	85.3	105.8	120.3	120.9	102.5	112.4	113.1
Ndufa6	81.4	81.1	80.8	93.2	101.6	101.3	92.6	92.7	92.4	106.8	105.4	105.1	119.1	119.4	119.9	106.9	99.8	100.4
Yars1	101.3	114.8	114.1	86.8	90.9	91.3	95.3	92.1	91.9	96.1	95.7	95.8	104.3	102.3	102.2	116.1	104.2	104.8
Tpd52	104.5	89.3	89.2	94.3	93.7	93.1	95.3	88.8	87.9	115.4	113.3	112.3	85.5	95.1	96.1	105.1	119.9	121.4
Sirt5	105.9	95.7	95.4	105.1	103.8	103.5	92	94.4	94.1	111.2	116.2	116	102.3	93.7	94.2	83.6	96.2	96.8
Emc8	139.4	138.1	137.7	98.5	99.9	99.6	99.2	94.2	93.9	66.6	72.9	72.7	74	70.1	70.5	122.4	124.8	125.6
Coasy	98.8	101	100.7	102.9	102.5	102.2	96.4	91.3	91.1	116.7	114.6	114.3	102.5	105.7	106.3	82.8	84.9	85.4
Llgl1	78.9	84.5	84.2	88.9	91	90.7	95.2	91.3	91	93.6	94.3	94	113.2	107.9	108.4	130.2	131	131.7
Slc9a1	101.8	108.5	108.2	87.9	94.9	94.7	105.9	100.7	100.4	124.7	127.5	127.3	84.7	78.7	79.2	95	89.7	90.3
Slc30a9	89.6	76.7	72.6	97.3	111.9	99.1	88	88	87.5	91.7	86.6	86.6	111.1	120.5	137.5	122.3	116.3	116.6
Atp9a	124	123.3	123.1	110.9	113	112.8	109.2	107.6	107.4	104.3	106.7	106.5	64.9	67.1	67.4	86.7	82.2	82.8
Prkacb	98.4	144.4	144.1	117.2	126.7	126.5	96.1	63.3	63.1	130.6	135.4	135.2	91.7	74.3	74.7	66	55.9	56.3
Eif5a	85	100.5	100.2	107.7	97.9	97.6	103.9	96.5	96.3	106.6	100.8	100.6	107.5	111.9	112.5	89.3	92.2	92.8
Vamp1	103.4	68.6	100.8	81.2	80.8	80	120.6	137.4	130.2	82.6	106.5	73.2	41.1	74.9	31.9	171.1	131.8	184
Mapre1	85.4	98.3	98	95	100.3	100	76	116.3	116	114.8	103.2	103	163.9	121.6	122.2	64.8	60.3	60.7
Abhd12	104.6	94.1	92.1	113.3	108	108.2	102.9	102.8	103.3	89.4	90.6	91	85.9	92.8	93.5	103.8	111.7	112
Pdpr	94.9	92.9	92.6	110	103.9	103.6	111.9	96.7	96.4	112.7	117.7	117.4	96.1	113.7	114.2	74.4	75.1	75.6
Bcat1	98.4	107.8	108.8	91.7	100.8	95.8	104.4	102.9	105.9	133.7	123.7	124.9	103.8	94	95.9	68.1	70.9	68.7
Zdhhc5	102.3	125.6	125.3	97.8	100.1	99.8	99.4	111	110.7	96	80.2	80.1	102.2	73.3	73.7	102.4	109.7	110.4
Atp6v1f	102.5	100.6	91.5	104.4	100.4	95.1	129.7	114.8	105.4	119.9	117.7	121.1	74.8	96.7	120.1	68.6	69.7	66.8
Ptpa	104.2	123.9	123.6	104.5	108.2	107.9	91.6	91.9	91.6	103.5	99.7	99.6	100.4	95.7	96.2	95.9	80.6	81.1
Ensa	114.7	131.8	132.4	108.7	122.6	121.3	97.5	105.1	105.5	145.8	124.5	122.9	79.9	68.9	69.8	53.3	47.1	48.1
Cdc42ep4	59.7	73.5	73.2	58.3	65	64.6	71.1	66.1	65.8	79.9	75.2	74.9	45.3	69.5	69.7	285.6	250.8	251.9
Timm13	84.3	88.1	89.4	108.7	118.9	123	94.4	140.6	89.4	105.8	73.2	92.1	106.9	89.2	105.1	99.8	90.1	101
Ndufb4	89.4	75.8	75.9	90.3	101.8	101.6	78.4	98.3	97.9	107.1	109.7	109.5	126.4	115.5	115.8	108.4	98.9	99.3
Fermt2	90.3	96.9	96.6	84.1	87.5	87.2	88.3	88.6	88.3	100.8	93	92.8	128.5	118.3	118.8	108	115.7	116.4
Pdxk	88.6	84	83.8	89.9	88.6	88.3	65.4	58.9	58.7	146.5	150.6	150.2	118.9	127.3	127.9	90.7	90.4	91
Fnbp1	98.2	73.2	72.9	93.7	84.3	84	77.8	73.5	73.2	95.9	105.4	105.1	65.6	73.9	74.2	168.8	189.7	190.7
Myo1b	174.8	159.4	158.2	125.2	120.3	101.4	81.4	91.5	91.3	91.9	96	103.5	68.4	77.4	79.4	58.3	55.3	66.2
Agap3	102.5	113.5	113.2	111.2	111.3	111	147.2	129.2	128.9	111.2	94.4	94.2	64.7	76.7	77.1	63.2	74.9	75.5
Ddx5	107	86.9	87.5	85	78	79.4	66.3	63.2	61.5	79.6	79.5	79.4	102.9	97.3	97.2	159.2	195.1	195
Cisd2	135.5	125.2	124.8	100.1	99.6	99.3	88.2	89.5	89.3	81.2	87.2	87	66.9	70.9	71.3	128.1	127.5	128.3
Prps2	139.7	84.6	84.4	121.1	119.6	119.3	87.1	85	84.8	94.2	122	121.7	103.3	128	128.7	54.6	60.7	61.1
Dock3	104	109.6	109.4	112.3	109.7	109.4	98	95.6	95.4	118.3	114.4	114.2	109.6	114.3	114.9	57.9	56.3	56.6
Hars1	96.2	104.2	93.3	89.5	87.4	91.8	106.7	107.7	105.6	88.4	89.4	85	121.3	111.7	121.8	98	99.6	102.5
Strap	121.2	111.5	111.2	97.7	113.9	113.5	95.6	97.1	96.8	95	95.2	95	105.2	85.3	85.8	85.3	97	97.6
Stx16	107	101.2	111.9	107.7	102.2	101.6	99.9	101.6	102.2	90.5	94.6	89.8	82.4	80.6	77.7	112.6	119.9	116.7
Adap1	130.4	114.1	93.1	129.1	119.5	128.8	98.3	97.1	87.6	105.3	112	121	66.2	77.6	73.1	70.7	79.7	96.4
Pcdh9	111.1	NA	128.6	147.2	NA	130.9	113.8	NA	127.4	82.5	NA	80.7	80.3	NA	76	65.2	NA	56.4
Cadm2	149.9	164	163.8	102.5	106.5	106.3	120.7	112.1	111.9	105.7	104.4	104.3	81.5	76.9	77.3	39.7	36.1	36.4
Sugt1	124.4	114.9	114.6	103.3	106.9	106.6	108.1	109.5	109.3	98.8	98.8	98.6	88.8	91.2	91.7	76.5	78.7	79.2
Serpinb6a	95.2	105.2	104.9	97.8	101	100.7	95.5	95.9	95.7	125.7	123.9	123.7	108.2	102	102.5	77.6	72	72.5
Fam171a2	119.9	105.6	105.4	107.2	115.9	115.6	123.2	134.2	134	91.1	98.3	98.2	75.7	81.5	82	82.8	64.5	64.9
Hcn2	104.2	92.2	0	95.8	103.4	0	89.6	85.1	145.3	95.2	113.9	135.2	92.6	91.8	0	122.6	113.7	319.4
Ruvbl2	90.9	107.7	69.7	93.9	98.8	81.2	105.1	118.9	112.2	99.3	112	117.3	108.9	85.2	108.9	101.9	77.5	110.6
Cnksr2	106.7	105.8	105.6	104.4	111.9	111.7	171.8	184.9	184.6	89.1	86.6	86.5	60.6	49.1	49.4	67.3	61.8	62.2
Maip1	65.5	77.2	76.9	105.5	100.8	100.4	81.1	85.5	85.2	113.7	109	108.7	130.9	126.9	127.5	103.3	100.6	101.2
Hint2	85.1	91.2	90.9	100.5	101.9	101.6	103.4	85.5	85.3	104.4	106.7	106.4	95.1	104.7	105.2	111.4	110	110.7
Mprip	92.4	83.2	79	91.4	87.3	86.9	102.4	96.9	101.9	78	76.3	77.1	90.7	112.3	106.9	145.1	144	148.1
Dnaja4	99.8	104.5	104.3	93.5	97	96.8	121.3	118.8	118.6	120.8	123.6	123.4	79.1	81.5	81.9	85.6	74.6	75.1
Mtx2	85.9	70	69.8	96.6	92.1	91.8	88.2	87.7	87.5	101.5	115.7	115.4	124.1	139.5	140.1	103.7	94.9	95.5
Atg7	118.2	132.6	181.6	114.9	113.4	225.8	107.6	112.4	192.6	88.7	92.9	0	80.1	74.8	0	90.6	73.9	0
Fmnl2	97.5	92.8	105.1	104.2	97.9	103.4	106.7	94.6	95.8	85.7	88.6	82	109.2	121.9	112.4	96.8	104.1	101.2
Ablim3	61.5	58.6	53.5	55	47.8	45	62.6	63.6	48.5	67.9	58.8	64.7	122.2	128.3	119.6	230.8	243	268.7
Gpc1	97.3	99.3	100.7	82.3	79.1	79.7	185.6	180.9	178.2	89.1	91.1	90.2	98.5	102.2	102.4	47.2	47.4	48.8
Hagh	103.8	85.6	84.8	103.8	102.6	102.8	86.2	81.3	81.7	102.7	115.6	114.1	90.8	95.1	95.8	112.7	119.7	120.9
Ppp2r2a	126.4	94.8	94.7	101.9	89	88.6	98	91.4	91.3	130.6	168.6	168.1	64	87.1	87.7	79	69	69.6
Cdh11	133.8	128.3	128	107.4	103.2	103	151.3	149.4	149.1	107.8	116.7	116.6	51.6	53.7	54	48.1	48.8	49.2
Dnaja3	84.1	81.4	80.1	101.1	98.7	94.8	96	103.2	99.1	109.2	104.5	106.4	96.4	101.6	105.7	113.2	110.7	114
Acsf3	85.8	NA	76.6	102.4	NA	89.9	79.4	NA	61.5	106.4	NA	114.9	115.5	NA	150.9	110.6	NA	106.2
Ap1m1	130.7	101.8	101.5	109.4	100.5	100.2	98.2	98.8	98.6	95.7	110.2	109.9	83.7	94.6	95.1	82.3	94.2	94.8
Sik3	105.6	123.1	122.8	101.6	106	105.7	110.8	111.6	111.4	131.3	117.8	117.6	82.4	79.8	80.2	68.2	61.7	62.2
Lrrc4b	88.2	63.5	63.4	93.7	87.1	86.8	149.7	158.7	158.2	90	100.3	100.1	114.3	125.8	126.4	64.2	64.6	65.1
Slc7a14	69.1	108.1	107.8	84.2	95.8	95.6	172.4	152.2	152	127.1	122.5	122.4	51.2	39.7	40	96	81.7	82.3
Sec31a	116.2	111.4	111.1	94.3	106.5	106.2	100.1	97.8	97.5	93.7	96.2	96	105.3	102.4	102.9	90.4	85.7	86.3
Cdc37	114.2	110.6	108.2	99.9	104.1	100.7	97.1	97.9	96.6	102.5	109.2	111.2	95.7	91.3	94.3	90.7	86.8	89
Arhgap39	112	107.7	104.3	98.6	87.3	92.2	187.9	138.9	219.8	73.3	72.1	65	63.8	88.5	56.7	64.4	105.5	62
Rars1	122.9	113.4	114.1	93.8	96.8	96.7	106	96.7	96.4	78.8	85.1	85	96.1	107.2	107.1	102.4	100.8	100.8
Sars1	119.4	110	111.5	95.7	100.4	102.9	95.1	98.7	99.2	100.9	96.9	96.9	102.4	105.9	102.7	86.6	88.1	86.7
KRT14	42.9	NA	39.5	87	NA	96.6	211.3	NA	227.6	30.9	NA	35	45.1	NA	36.9	182.8	NA	164.4
Dnpep	101.9	109.6	109.3	91.1	92.1	91.8	90.6	84.3	84.1	123.9	120.4	120.1	110.3	111.9	112.4	82.1	81.7	82.2
Csnk1g3	96.8	99.5	99.3	95.4	96.6	96.1	121.6	115.5	113.7	81.9	81.5	82.1	96.4	95.2	96	107.9	111.7	112.7
Anxa3	117.5	115	114.7	93.9	104.8	104.5	89.5	90.9	90.7	80.8	84.8	84.6	144.3	155.7	156.5	74.1	48.8	49.1
Trappc3	106.5	112.4	113.8	93.6	99.6	99.3	111.4	110.5	108.3	98.4	99.4	99.5	101.4	95.8	97.6	88.6	82.3	81.6
Tsg101	98.1	101.2	100.9	105.8	99.1	98.8	95.7	98.5	98.2	103.9	103.3	103.1	103	102.6	103.1	93.6	95.3	95.9
Gabra3	173.3	161.6	171.9	133.4	136.9	135.3	73.1	67.2	68.4	39.1	42.4	43.3	145.1	163.5	152.4	36	28.5	28.6
Arhgap1	95.6	102.7	102.5	113.3	95.3	95.1	131.2	102.9	102.7	113.6	118.9	118.4	105.4	118	118.7	40.9	62.1	62.5
Gps1	125.5	106.1	105.8	106	97.1	96.8	100.7	98.3	98.1	105.3	110.3	110.1	88.7	105.2	105.7	73.9	82.9	83.5
Cd9	79.2	62.2	77	110.6	105	115.2	80	80.3	80.2	113.6	122.3	109.5	66.3	68.9	67.6	150.3	161.3	150.4
Ndufb8	78.5	66.1	67.8	95.3	88.3	90.2	91.3	86.9	87	103.5	117.6	117.1	124.9	137	129.5	106.5	104.2	108.3
Lactb	49.8	68.4	68.2	65	69.5	69.2	74.6	71.1	70.9	147.5	133.1	132.7	166.7	168.2	168.9	96.5	89.6	90.1
D430041D05Rikl	142.7	111.5	111.2	131.1	125.8	125.4	105.4	89.2	89	91.8	96	95.8	56.9	58.8	59.1	72.1	118.7	119.5
Fbxo41	151.1	147.6	146.2	128.9	129.9	125.7	127.9	122	120.1	81.9	80.6	80.6	64.5	64	67.6	45.7	55.9	59.7
Dynll2	113.6	109.9	108.4	112.4	115.5	116.1	103.5	105.1	104.2	107	107.8	107.5	70.9	70.3	72	92.5	91.5	91.8
Cacnb1	110.8	111.4	111.3	94	98.1	98	152.7	171.1	170.8	110.1	125.9	125.8	75.3	63.1	63.5	57	30.3	30.6
Faah	120.9	124	123.7	98.9	122.1	121.7	118.1	113.9	113.6	67.6	55.7	55.6	89.9	79.8	80.2	104.6	104.5	105.2
Sel1l	172.1	155	143.7	111.9	124.2	119.8	120.2	90.8	87.5	52.2	53.8	54.2	55	66.6	78.6	88.5	109.5	116.2
Akap7	191	148.6	148.3	121.1	128.4	128.1	73	91.2	91	91.4	86.6	86.5	57.4	71.8	72.2	66.1	73.4	73.9
Rab3gap1	100.1	126.2	126	115.7	115.8	115.5	104	101.3	101	104.4	101.9	101.7	91.8	80.4	80.9	84	74.4	74.9
Abhd6	105.1	NA	81.2	101.8	NA	87.7	121.2	NA	91.4	78.5	NA	80.8	94.3	NA	95.4	99.1	NA	163.5
Mapk8ip3	89.2	99	98.7	105.7	100.9	100.6	95.7	95.5	95.3	99.3	100.5	100.3	129.6	136	136.7	80.5	68	68.5
Plxnc1	101.8	125.1	131.6	121.8	124.9	126	125.3	125.6	124.6	92.6	84	80.6	99.6	88.3	86.6	58.8	52.2	50.6
Stk39	92.8	106.4	106.1	87.2	89	88.7	73.7	82.6	82.4	112	106.8	106.6	137.2	127.6	128.2	97	87.6	88.1
Brsk1	102.3	151.7	121.5	113.4	93	105.8	105	72.5	93.5	109.7	120.2	118	97.5	90	89.5	72	72.5	71.7
Mras	103	121.3	121	114.4	112.1	111.8	131.6	117.8	117.5	86.1	82.2	82.1	75.4	69.2	69.5	89.5	97.5	98.1
Efr3a	116	89.5	78.3	109.1	98	96.4	141.6	130.9	133.8	53.8	62.8	62.7	71.2	87.6	93	108.4	131.2	135.8
Sv2c	66.9	78.2	78.4	64.9	52.4	53.7	55.6	54.3	55.7	232.3	241.6	239.2	127.5	127.9	127.4	52.9	45.5	45.6
Ttc7b	122.8	114.3	114	103.9	93.6	93.4	101.1	111	110.7	91	87.2	87.1	71.1	78.9	79.3	110.2	114.8	115.6
Ctsd	90.5	113	114.5	103	103.9	103.3	86	84.1	85.5	100.8	94.2	92.7	121.8	109.8	109.1	97.9	95	94.9
Gsr	97.4	100.4	100.2	100.6	97.3	97	98.7	98.7	98.4	108.8	114.1	113.8	109	110	110.5	85.5	79.6	80.1
Nebl	85.4	78.5	78.7	95.7	91.6	87.4	163	166.4	165.7	107.1	108.1	104.9	99.7	107.5	112.2	49.1	47.9	51.2
Dip2a	91.4	85.2	84.7	105.2	61.4	61	115.9	59.3	59	88.2	46	45.8	101.5	97.9	98.2	97.9	250.2	251.2
Nceh1	132.3	117.8	117.5	115.4	120.2	119.9	114.7	108.2	107.9	76.5	84.1	84	59.4	64.7	65	101.6	105	105.7
Pmpca	49.4	71.1	70.9	87.2	80.2	79.9	84.4	79.8	79.5	127.1	137.4	137	122.2	103	103.5	129.7	128.5	129.2
Zc2hc1a	118	115.2	106.5	102.3	103.7	100.9	73.2	66	61.5	94.1	95.5	94.1	134.7	151.8	167	77.7	67.8	70
Snx3	100.2	78.7	78.5	97.9	189.3	188.8	101.4	85.7	85.6	104.6	89.5	89.4	105	88.7	89.2	90.8	68.1	68.5
Clpp	83	78.9	62.7	95.5	94.3	93.2	96.2	94.9	96.3	119.5	116.4	122.5	91.4	94	98.4	114.4	121.6	126.9
Ncan	120.8	122.2	120.8	126.7	126.4	126.8	188.1	183.8	184.3	65.7	63.1	63.1	69.8	64.2	63.2	28.8	40.2	41.8
Tm9sf2	124	135.9	135.6	110	110	109.8	113.5	129.7	129.5	63.9	84.7	84.6	79.3	55.5	55.8	109.3	84.1	84.7
Ppm1e	93.4	70.5	70.3	77.1	67.4	67.2	177.8	183.4	182.9	45	49.6	49.5	168.2	183.9	184.8	38.6	45.2	45.5
Cotl1	65.3	71.4	71.2	59.5	63.9	63.6	164.7	164.3	163.7	50.5	54.3	54.1	163.5	146.5	147.2	96.4	99.6	100.2
Atp6v1g2	118.8	118	117.7	111	95.1	94.8	125.7	108.7	108.5	109.1	108.8	108.6	74.3	83.6	84.1	61	85.8	86.4
Gucy1a2	127.3	115.3	115	110.1	112	111.7	88.7	94.2	93.9	103	107.6	107.4	60.4	60.9	61.2	110.4	110.1	110.8
Rhot1	79.6	77	72.6	91.8	89.7	86.9	92.4	85.9	83.1	91.4	94.7	95.4	134.3	143.8	149.6	110.5	108.8	112.5
Bcap31	100.4	92.8	92.4	93.9	94.5	94.2	91.1	93.6	93.2	84.6	88.3	88	99.7	94.3	94.7	130.3	136.6	137.6
Ghitm	77.1	82.9	82.2	83.3	83.7	83.4	68.1	72.7	73	81.8	76.5	76.2	178.1	172.3	172.5	111.6	111.9	112.6
Hadh	91.5	99.6	100	102.5	105.4	105.3	80.7	94.8	94.8	69.1	62.2	61.6	157.4	142.8	142.7	98.7	95.2	95.6
Decr1	86.3	86.7	80.2	111	111.6	113.6	90	92.3	97.2	72	71.5	72	127.7	128.3	127.6	113	109.5	109.5
Prpsap2	104.8	111.9	111.6	95.1	103.3	103	99.2	93.5	93.3	102.9	101.4	101.2	118.6	118.8	119.4	79.4	71	71.5
Inpp5a	71.2	71.6	71.2	51.5	54.5	54.1	45.3	38.1	37.9	62	65.5	65.2	50.2	66.1	66.2	319.8	304.1	305.2
Rac3	119.7	140.3	140.1	139.1	188	187.6	87.4	84.3	84.1	91.5	70.5	70.5	83.8	93.6	94.1	78.5	23.4	23.6
Elfn1	134.6	131.3	131.1	151.6	111.8	111.6	82.9	180.3	180	57.3	66.7	66.6	137.4	92.5	93	36.2	17.4	17.6
Ly6h	128.2	114.2	114	143.1	139.8	139.6	175.6	155.8	155.6	68.8	79.2	79.1	60.3	83.5	84	24.1	27.6	27.8
Anp32e	65.9	63.4	63.1	64	75.9	75.6	78.3	71.9	71.5	66.1	66.3	66	224.3	196.5	197.2	101.4	126	126.6
Rida	62.4	41.4	41.2	68.1	54.1	53.8	78.9	73.4	73.1	76.1	83.9	83.5	102.9	113.8	114.1	211.7	233.3	234.3
Psip1	63.9	70.1	78.6	35.2	42.7	45.6	28.9	40.4	42.7	65.4	75.9	80.1	120.9	119.9	116.7	285.7	250.9	236.3
Mcts1	108.6	106.4	106.1	111	113.9	113.6	90.1	87.5	87.3	107.8	114	113.8	100.2	96.4	96.9	82.4	81.7	82.3
Prep	114.1	104.9	104.5	99.2	89.3	88.9	96.7	98.9	98.5	101.3	109.7	109.3	108.9	125.4	126.5	79.9	71.8	72.2
Oat	108.6	81.7	81	127	134.1	133	96.4	105.2	91.9	91.6	100.2	106	87.9	87.2	92.7	88.5	91.6	95.5
Sorcs2	101.3	108.7	108.4	97.7	96.9	96.7	121.1	117.6	117.3	98.2	98.9	98.7	125.2	115.9	116.5	56.6	62	62.4
Mri1	85.5	62.8	65.7	84	77.6	78.2	94.8	88.7	91.9	91.3	93.7	92.1	109.7	127.9	124.3	134.6	149.3	147.7
Letmd1	73.9	75.4	86.2	106.8	84.7	101.3	94.1	83.7	92.5	114.4	93	104.5	129.6	116.4	115.9	81.2	146.9	99.6
Mt-nd5	85.1	77.2	70.7	85.5	88.9	87.8	84.9	85.1	80	104.3	106.1	107.4	142.9	143.3	153.5	97.4	99.5	100.6
Rdh13	82.7	91.6	102.9	111.2	111.8	111.7	90.6	87.4	90	100.1	99.2	93.8	129.1	130.4	129.1	86.3	79.5	72.5
Psmc4	113.4	114.6	114.7	98.8	90.4	90.5	91.9	84.3	81.9	100.6	100.3	100.5	114.1	114.7	115.7	81.3	95.7	96.7
Pfn2	93.6	76.1	74.7	104.7	116.5	115.1	125	126	125.7	125.2	128.4	129.2	93.2	93.3	94.5	58.3	59.8	60.8
Erp29	100.5	90	92.6	93.9	94.4	92.4	88.8	83.4	81.2	80.8	85.6	85.1	67.1	73.5	75	168.9	173.1	173.5
Fam131b	89.7	98.4	98	78.7	79.1	78.9	99.5	97.3	97	113.2	113.2	112.9	82.5	80.7	81	136.4	131.3	132.1
Cyld	100.6	97.3	94.6	85.5	84.6	85.8	87.8	95	96.2	259	256.2	256.3	39.5	42.5	42.5	27.6	24.4	24.6
Mtx1	82	69.9	69.1	101.1	96.6	95	86.6	88.2	87.7	98.6	96.7	96.8	135.9	148.7	150.4	95.8	99.9	100.9
Ist1	114.7	98.8	98.5	98.9	88.6	88.4	104.6	106.6	106.4	100.1	114.3	114	106.7	122.5	123.1	75	69.2	69.6
Map1s	107	113.3	112.9	86.2	84.6	84.3	88	81.9	81.6	88.5	93	92.8	113	117.9	118.4	117.2	109.3	110
Lrrc59	166.8	166.4	160.6	104.9	106.2	104.9	106.7	107.9	108.9	52.3	50.3	51.4	62.8	63.6	64.5	106.5	105.7	109.6
Pvalb	57.9	41.8	57.6	42.2	36.3	40.2	35.6	34.6	36	30.8	31.7	49.7	7.8	6	33.2	425.6	449.5	383.3
Kiaa1549	173.5	153.7	153.5	138.4	131.4	131.2	143.5	158	157.8	73.4	77.9	77.8	46.2	48.4	48.7	25	30.7	31
Cd59	110.3	108.4	108.5	106.3	98.3	98.7	122.4	124.1	123.5	74.8	75.2	74.7	79.9	83.1	83.4	106.3	110.9	111.2
Kcnq2	126.2	104.6	104.4	109.2	110.8	110.6	155.8	128.8	128.5	96.7	108.7	108.5	55.9	81.8	82.2	56.2	65.3	65.7
Tfam	81.7	77.2	76.9	82.6	77.4	77.1	71.7	68.7	68.4	94.7	100.9	100.6	157.2	164.9	165.6	112.1	110.9	111.5
Atl2	104	102.3	101.9	94.6	82.8	82.4	83.4	75.7	75.4	92.7	88.7	88.4	63.4	66.5	66.7	161.9	184.1	185.1
Lzts1	143	151.1	150.7	125.8	109.1	108.9	61.1	65.3	65.2	129.7	112.7	112.5	113.2	127.5	128.2	27.2	34.3	34.5
Ccdc93	104.1	93.7	66.6	90.9	94.3	79.7	109.5	106.8	85.1	92.1	101.7	114.3	111.4	113.3	136	92.1	90.2	118.3
Vps11	126	112.3	125.8	107.6	97.8	111.5	103	95.1	100.1	89	90.7	86.3	93.1	119.9	98.3	81.4	84.1	78
Eps15	97.7	71.7	71.5	90.3	93	92.7	108.8	113.8	113.4	89.1	88.2	88	94.5	102.9	103.4	119.5	130.3	131.1
Tenm4	105.8	112.4	112.2	108.4	115.1	114.9	151.7	149.8	149.5	69.8	74.8	74.7	121.2	110.4	111	43.1	37.5	37.7
Atp5f1d	80.3	79.8	80.7	96.6	96.6	89.8	89.5	81.9	83	108.7	106.7	107.9	120.9	133.1	135.8	104	101.8	102.8
Exoc8	115.7	121.6	121.3	111.2	101.3	101.1	110.9	109.5	109.2	94.1	92.2	92	82.5	94	94.5	85.6	81.5	82
Arl6	103.3	92.4	92.2	107.3	105.3	105	102	107.2	107	111.4	103.7	103.4	104.6	100	100.5	71.5	91.3	91.9
Hnrnpk	91.5	81.4	81	72	67.8	67.5	82	74.2	73.9	87.1	89.3	89	134.1	149.5	150	133.4	137.9	138.6
Padi2	72.2	81.6	81.3	81.3	85.5	85.1	79.5	78.2	78	93.8	99.1	98.8	79.9	102.3	102.7	193.3	153.3	154.1
Stam	100.3	126.1	120.9	110.7	107.8	105.8	99.4	99.4	104.2	106.5	103.5	105.7	90.4	82.9	83.6	92.7	80.3	79.8
Cops6	124.7	122.2	106.9	102.3	105	107.3	95.9	102.5	99.4	108.7	111	117.2	94	84.4	92.9	74.4	74.9	76.3
Arhgap23	121.1	100.4	104.8	104.2	103.2	100.5	123.3	110.7	119.1	103.2	112.1	111.9	76	83.7	84.8	72.3	89.9	78.8
Trappc10	119	108.9	92	105.9	93.6	99.4	111.7	115.5	109.6	92.7	104.3	113.9	99	94.4	97.8	71.7	83.3	87.3
Serbp1	101.1	104.8	106.5	78.5	81	81.3	71.6	81	80.9	75.1	73.3	72	118.7	113.4	114.5	154.9	146.6	144.8
Nfs1	51.5	64.4	64.2	181	93.7	93.4	64.3	87	86.7	92.7	124.6	124.3	84.5	99.6	100	126.1	130.6	131.4
Gabrb3	366.5	106.8	106.5	0	107.2	106.9	0	114.2	114	0	85.3	85.1	233.5	111.8	112.4	0	74.6	75.1
Ak5	152.6	161.2	160.1	149.5	148.5	147.7	147.1	139.6	140.1	68.5	61.6	61.8	59.4	69.3	71.1	22.9	19.7	19.2
Cnn3	85.3	82.9	82.6	77.7	75.3	75	95.5	92.9	92.5	55.5	54.3	54.1	207.9	220.1	220.9	78	74.4	74.8
Psmd6	103.6	84	75.2	102	82.5	81.5	105.1	96.6	96.9	95.9	110.1	112.8	105.2	121.8	119.3	88.1	105.1	114.3
Lin7b	123.1	111.7	111.5	119.7	110.7	110.5	113.6	111.8	111.7	146.9	171.1	171	60	62	62.4	36.8	32.6	32.9
Gpc4	102.4	91.8	91.6	119.2	122.9	122.6	193.1	202.1	201.8	69.9	58.7	58.6	64.2	62.6	63	51.2	61.9	62.4
Abcb10	72	83.6	83.3	92	103.3	103	89	93.9	93.6	72.7	76.4	76.2	164.5	139.2	139.8	109.8	103.6	104.2
Flnb	69.2	45.2	44.9	61.8	53.9	53.6	103.2	89.7	89.2	38.3	37	36.8	220	213.3	213.9	107.4	160.9	161.6
Cdk5	115.6	134.4	134.1	110.6	111.9	111.7	100.5	107.8	107.6	104.6	105.6	105.5	96.3	74.9	75.4	72.4	65.3	65.8
Evl	111	106.4	106.8	114.9	111	109.2	85.2	87.8	87.1	101	109.1	109	122.8	128.9	131.8	65.2	56.8	56.2
GLTP	112.4	103.4	103.5	99.9	96.3	97	80.9	79.9	80.5	139.2	140	137.7	84.3	89.1	88	83.3	91.3	93.3
Anp32a	73.4	87.1	86.7	72.4	75.7	75.3	88.9	77.4	77.1	85.1	77.5	77.2	152.7	168.4	169	127.5	114	114.6
Vps4a	122.4	127.6	127.3	94.3	93.9	93.6	102.1	97.1	96.9	94.4	93.5	93.3	101.1	103.7	104.3	85.7	84.2	84.7
Tspan7	111.7	128.7	128.4	126	112.3	112	130.6	131.5	131.2	90.8	83.1	83	43.4	39.5	39.7	97.5	105	105.8
Strn4	115.9	114.1	113.9	104.7	106.3	106	145.1	148.7	148.4	80.4	79.7	79.6	108.3	109.7	110.3	45.8	41.5	41.8
H1-0	21.6	22.9	22.7	12.1	11.8	11.7	8.6	10.4	10.3	26.4	27.8	27.6	58	52	52	473.4	475.1	475.6
Cbs	96.8	97.7	96.6	111.6	97.3	97	120	101	101.1	86.2	79.3	77.9	92.5	117.4	119.2	92.9	107.3	108
Mmut	100.1	102.5	103.6	109.5	110.5	110.3	88.8	86.2	86	87.3	106.3	107	89.7	89.1	88.2	124.5	105.3	104.9
Gipc1	99	105	104.8	89.8	117.8	117.4	103.6	102.3	102	91.8	91.3	91.1	120.7	99.9	100.4	95.1	83.8	84.3
Vta1	111.1	94.7	104.6	102.6	94.7	100.7	86.7	83.6	85.6	101.4	114.1	104.6	107.4	118.6	117.8	90.7	94.3	86.7
Cox15	74.2	71	76.7	98.3	87	86.3	94.1	86.9	91.7	93.4	98.6	98.8	140.4	148	133	99.5	108.6	113.4
Naxe	101.4	85.8	85.6	105.1	97.1	96.8	93.6	89.2	88.9	111.4	103.7	103.5	102.8	132.4	133	85.7	91.7	92.3
Mobp	66.5	79.9	79.7	142.7	112.2	111.8	80.9	75.3	75	117.9	118	117.7	63.8	70.4	70.7	128.2	144.1	145
St13	98.5	97.3	97	93.2	97	96.7	105.9	104.7	104.4	104.7	107.7	107.4	101.7	98.4	98.9	96	94.9	95.5
Ubqln1	120.3	96.6	96.4	110.4	117	116.7	82.6	103.7	103.5	109.3	144.7	144.5	88	66.6	67	89.4	71.3	71.8
Ak2	56.7	66	65.7	72.3	78.7	78.3	69.6	70	69.7	71	72.4	72.1	167.5	169.1	169.7	162.9	143.8	144.5
Acyp2	111.4	98.8	98.5	94.4	94.6	94.3	117.2	116.5	116.1	96	103.3	103.1	77.3	81.2	81.6	103.6	105.6	106.3
Cul1	120.7	104.3	107.1	106.1	98.7	101	94.8	100.6	101.5	99	105	101.9	98.9	98.9	93.4	80.6	92.4	95.1
Atxn10	101.8	107.7	107	88.6	90.6	90.6	107.6	110.5	109.7	83.1	71.2	70.4	128.6	130.7	132.7	90.4	89.3	89.6
Nptxr	155.2	149.3	159.1	153	154.7	149.2	147.4	150.7	148.5	53.7	55.9	60.1	58.1	57.5	52.1	32.7	32	31.1
H2az2	40.5	23.6	33.5	19.7	15.4	22.1	17.8	13.1	21.3	38.4	36.3	39.8	96	84.5	87.8	387.5	427	395.6
Rps23l1	104.6	101.3	100.9	93.9	96.9	96.6	107.5	95.8	95.5	65.9	73.5	73.4	125.4	126.5	127.1	102.7	105.9	106.5
Jph3	140.6	149.6	149.3	105.1	98.5	98.2	149	143.7	143.5	78.8	77.9	77.8	52.6	54.9	55.2	73.8	75.5	76
Tnks1bp1	138.4	130.5	130.2	109.8	113.7	113.4	167.8	160.2	159.9	57.6	53.7	53.6	73.2	87.1	87.6	53.1	54.9	55.3
Gapvd1	107.3	126.4	104.9	88.4	107.3	104.9	106.9	100	102.7	103.6	93	107.1	103	96.3	83.6	90.8	77	96.9
Sh3kbp1	119.4	118.2	118	109.5	118.3	118.1	90.6	103.2	103.1	147.4	157.1	157	92.7	54.7	55	40.3	48.5	48.8
Dbnl	116.6	83.5	83.2	97.8	94.5	94.2	138.1	122.8	122.5	95.1	96.4	96.2	82.5	84.1	84.5	70	118.6	119.3
Wdr37	123.1	124.3	123.9	113.6	109.7	109.3	95.1	89.5	89.3	105.2	82.1	81.9	70.2	85.7	86.1	92.8	108.7	109.4
Camsap2	113.6	127.2	127.2	98.6	93.5	99.4	107.3	108.2	104.4	108.6	103.5	104.1	70.6	73.1	73.1	101.3	94.5	91.7
Psma3	93.7	86	85.7	107.1	97.3	96.9	101.9	99.3	99	93.5	102.2	102	126.1	127.4	128	77.7	87.9	88.4
Homer2	62.6	76.6	76.3	75.2	81.9	81.6	143.3	149.1	148.6	40.9	36.6	36.5	238.1	213.7	214.6	40	42.2	42.4
Esd	87.8	110.4	110.1	120.9	92.8	92.5	97	97.5	97.3	101.8	107.9	107.7	109.6	115.6	116.2	82.8	75.7	76.2
Arpc4	111	112	110.8	102.5	105.8	106	145.2	144.3	139.9	90.1	92.9	94.4	90.2	81.5	84.7	61.1	63.5	64.2
Pls3	99.5	102.3	101	95.5	96.1	95.8	103.4	102.8	103	104.8	107.2	108.4	88.3	82.7	82.1	108.5	108.9	109.7
Rdh14	86.8	82.3	68.5	100.4	93.8	103.7	95.2	99	97.1	102.2	102.1	102.1	121.6	129.3	138.3	93.8	93.6	90.3
Ociad2	109.5	103.6	101.4	97.2	100.2	100	70.1	64.5	64.3	125.4	128.1	128.9	155.5	162.1	164.7	42.3	41.4	40.7
Rpl23	118.7	127.6	127.3	105.3	110.2	109.9	104.3	101.6	101.3	75.4	70.8	70.7	91.8	94.2	94.7	104.5	95.5	96.1
Rps6ka1	71.7	40.3	40.1	64.2	48.4	48.1	58.3	50.1	49.8	76.5	64.1	63.8	48.4	52	52.1	281	344.9	346
Vps29	110.7	117.8	117.5	98.7	105.2	104.9	109	106	105.8	100.5	99.9	99.7	93.3	88.6	89	87.9	82.5	83
Emc1	131	143.6	141.7	96.2	97.7	100.4	100.9	106.4	95.1	71.4	69.5	72.7	78.3	64.9	66.7	122.2	118	123.4
Sri	103.3	92.5	112.1	91	92.6	98	102.8	113.7	105	91	88.3	89.2	108.1	100	97	103.7	112.9	98.8
Mogs	144.7	162.8	164.4	124.1	124.4	124	112.2	109	108.6	60.4	55	54.1	76.8	63.4	63.7	81.7	85.5	85.2
Ccdc127	76	106.6	82.8	93.7	102.3	148.5	85.3	77.3	163.9	106.3	86.9	61.2	129.5	123.9	143.7	109.2	103	0
Tcp11l1	114	NA	105.4	107.6	NA	86.7	113.3	NA	106	110.4	NA	121.7	77	NA	103.5	77.7	NA	76.8
Trappc11	78.6	108.4	107	80.6	84.4	76.9	107.5	103.6	102.3	110.8	99.4	97.1	114.4	110.8	123.1	108	93.3	93.6
Ptrh2	111.3	105.5	105.1	88.7	89.6	89.3	82.5	82.6	82.3	71.2	74.8	74.6	158.6	161.5	162.2	87.7	85.9	86.4
Nectin1	112.5	117.9	115.7	93.7	85.1	93.5	87.7	67.4	75.6	97.7	91.6	87.1	122.7	141.8	138.7	85.6	96.3	89.4
Sec22b	122.1	135	134.5	94.3	93.6	93.3	91	83.4	83.1	74.6	73.6	73.4	76.4	74.5	74.9	141.6	139.9	140.7
Cacna1c	113.4	70.5	70.3	82.1	82.2	81.9	136.6	130.8	130.3	73.6	60.8	60.7	151.6	179.1	179.9	42.8	76.5	76.9
Vps52	116.9	105.9	106.8	101.1	106.5	105.6	101.9	114.8	113.8	105.4	125.3	121.1	93.5	71.5	73.8	81.2	76	78.9
Capns1	83.2	94.4	94.1	86.9	94.9	94.6	98.6	104.1	103.8	88.3	88.6	88.4	138.4	117.5	118.1	104.6	100.3	100.9
Slc25a51	96.7	84.8	84.2	112.4	107.1	100.5	105.7	95.5	95.8	96.5	112.1	108.1	116.2	130.1	140.9	72.7	70.3	70.4
Slc6a9	59.5	56.4	55.6	54.4	49.4	52.1	50.6	39.5	34.7	87.5	84.1	81.6	157.2	147.2	154.7	190.8	223.4	221.4
Itgb1	91	96.6	97.1	76.8	74.8	72.6	114.9	115.2	116.9	68.3	71.1	70.5	104.2	105.2	107	144.8	137.1	135.9
Cplx2	114	96.3	96	102.2	111.9	111.5	107.2	84.4	84.1	105.9	108.1	107.8	60.3	66.8	67.1	110.3	132.6	133.4
Ppp2r5e	104.8	112.1	112.7	103.3	104.7	104.6	124.5	123	122.8	100.7	102	101.5	77.9	76	76.3	88.9	82.2	82.2
Tpd52l2	79.1	108.6	75.3	85.3	82	67.4	81.3	86.3	87.8	104.8	94.4	84.1	155.6	135.9	177.1	93.9	92.9	108.4
Sms	78.7	79.5	79.1	77	83.3	83	51.2	59	58.7	90.4	77.9	77.6	70.8	75.7	76	231.8	224.6	225.7
Ehbp1	103	101	100.6	101.4	114	113.6	111.9	90.9	90.6	87	84.3	84.1	89.4	91.5	92	107.2	118.4	119.1
Cnnm2	103.5	92.1	91.8	93.7	80.3	80	100.6	114	113.6	81.5	106.4	106.1	90.1	114.7	115.2	130.6	92.6	93.2
Mpst	84.4	79.6	79.3	97.3	84.8	84.5	82.3	73.9	73.6	74.1	67.9	67.7	109.1	151.2	151.8	152.9	142.5	143.2
Pex5l	132.3	131.2	130.9	119.2	112.6	112.4	136	133.6	133.3	97.5	93.5	93.4	62	71.9	72.3	53	57.3	57.7
Cdkl5	145.2	NA	133.7	133.7	NA	141.3	111.2	NA	124.8	96.4	NA	103.3	68.6	NA	71.6	44.9	NA	25.3
Psma2	109.3	107.6	107.3	97	104.9	104.6	87.5	93.3	93.1	97.9	101.8	101.6	125	115.4	116	83.3	76.9	77.4
Bckdhb	87.2	88.9	88.6	108.1	116	115.6	86.6	85.4	85.2	82.2	77.6	77.4	98	99.3	99.8	137.8	132.7	133.5
Gna12	79.4	83.9	79	82.2	65.1	63.9	64.7	77.5	77.5	71.6	69.6	70	119.5	110.8	109.7	182.6	193	199.8
Copb1	77.6	97.1	96.7	73.7	81	80.7	84	87.9	87.6	95.6	85.7	85.5	153.3	154.3	154.9	115.8	94.1	94.6
Vcan	91.6	109.1	NA	121.3	131	NA	96.3	72.8	NA	105.3	115.5	NA	66.6	59.2	NA	118.9	112.3	NA
Gpx1	91.1	78	75.4	83	83.4	76.5	77.5	81.9	72.8	124.8	112	127.4	118.7	126	118.3	104.9	118.7	129.6
Micu3	72.4	80.6	79.3	83.3	80.4	77.4	97.7	94.8	92.7	103.2	101.7	103.3	133.8	134.8	140.2	109.7	107.7	107.2
Pycr3	106.8	105.3	105	106.5	102.3	102	89.2	92.4	92.1	90.3	98.9	98.6	110.9	107.5	108.1	96.3	93.7	94.3
Acad8	71.3	68	67.8	87.2	100.2	99.8	102	111.7	111.4	98	88.3	88.1	126.5	131.7	132.3	115.1	100.1	100.7
Ndrg3	117.7	125.9	125.6	98.9	95.8	95.5	99.8	97.7	97.4	83.4	72.7	72.5	99.4	105.5	106	100.8	102.4	103
Rplp2l2	121.4	126.3	NA	84.1	94.8	NA	108.2	95.6	NA	66.2	69.3	NA	102.4	111.2	NA	117.8	102.8	NA
Get3	117.7	115.8	115.9	111.2	109.8	110.8	95.8	100	100.9	96.3	115	116.6	93.3	79.7	76.9	85.7	79.8	78.9
Tmem33	125.1	118.9	118.5	90.2	91.1	90.7	85.1	93	92.7	71.2	69.7	69.6	96.5	89.7	90.1	131.9	137.6	138.4
Ube2m	115	122.4	122	102.5	101.1	100.8	90.4	85.8	85.5	111	108.4	108.2	99.9	104.8	105.4	81.2	77.5	78
Rps7	96.7	NA	69	87	NA	74.4	100	NA	71.8	77.7	NA	77.9	133.9	NA	182.1	104.6	NA	124.8
Slc25a1	90.1	79.3	79	90.6	80	79.7	92.6	87.5	87.3	112.1	115.5	115.2	124.8	142	142.5	89.8	95.7	96.3
Fkbp1a	111.4	120.7	120.5	102.6	103.8	103.6	113.1	112.4	112.2	140.2	143	142.8	82.7	78.8	79.2	49.9	41.4	41.7
Tars2	93.1	97.5	97.2	99.7	107.3	106.9	108.1	107.1	106.8	99.7	96.8	96.6	106	102.2	102.7	93.2	89.2	89.8
Clybl	87.7	77.2	77.8	104.5	106.3	106	93.9	101	96.8	85.3	84.2	83.6	102.1	99.5	101.9	126.5	131.7	133.9
Stim1	103.2	103.5	103.1	86	80.1	79.8	91.1	87.9	87.6	86.4	86.3	86	90	85.1	85.4	143.2	157.1	157.9
Mob4	122	94.6	95.9	93.3	102.2	102.4	115.2	125.4	124.8	116.1	132.3	130.9	82.1	78.1	78.8	71.3	67.4	67.2
Gabarapl2	74.5	74.1	73.8	92.4	89.4	89.1	91.9	84.9	84.6	117.9	117.8	117.5	97.2	106.4	106.8	126.1	127.4	128.1
Hibch	77.4	86.9	86.6	99.7	100.9	100.6	83.9	95.8	95.5	96	94.4	94.1	122.8	105	105.4	120.1	117	117.7
Syngr3	124.6	140.4	112.1	125.7	128.7	120	144.6	197.8	159.6	111.8	110.7	118.8	50.7	22.5	50.8	42.6	0	38.7
Hccs	73.2	67	71.9	66.3	71.8	82.7	70.6	65.8	73.3	95.4	91.3	102.7	188.8	137.3	162.8	105.8	166.8	106.6
Cep170	112.6	97.2	101.5	90.7	94.2	95.7	83	91.6	78.9	90.9	86.8	100.1	107.1	114.6	106.8	115.6	115.6	116.9
Psmd4	118.2	123.3	122.9	101.5	102.7	102.4	94.9	95.5	95.3	92.5	95	94.8	111.3	107.2	107.7	81.7	76.4	76.9
Scamp5	120.2	115.4	118.6	108.7	110	109	130.6	129.5	130.9	106.4	109.1	107	78.1	79.9	78.5	56	56	56.1
Dhrs7b	92.6	101.9	96.2	107.2	102.5	102.9	96.5	95.2	95	116.6	117.5	118.4	100	96.4	101.3	87.1	86.6	86.3
Eif4g3	124.6	123.4	123.1	96.9	105.8	105.5	107	113.4	113.1	93.3	82.7	82.6	74.8	68.5	68.9	103.3	106.1	106.8
Ednrb	45.8	53.1	52.8	36.2	33.4	33.2	48.7	39.2	39	65.3	66.4	66	83.8	92.3	92.4	320.1	315.7	316.7
Nap1l4	107.1	99.6	99.3	95.2	95.9	95.6	84.8	85.9	85.6	90	90.1	89.9	125.4	135.3	135.9	97.4	93.2	93.7
Rpl15	137.4	132.1	139.6	91.6	96.9	93.9	100.2	105.7	106.8	62.7	68.2	65.3	108.9	100.3	97.7	99.3	96.7	96.6
Dag1	105.2	89.3	89	85.2	81.9	81.6	97.4	95.2	94.8	68.7	71.4	71.2	144.6	155.8	156.4	99.1	106.4	107
Eps8	88.1	79.7	79.5	93.3	87.4	87.1	117.8	124	123.7	94.8	83.7	83.5	90.8	95.6	96.1	115.1	129.5	130.2
Rpl10a	87	110.8	110.4	86.2	87	86.7	80	90.8	90.5	97.4	72.2	72	135.6	127.8	128.4	113.8	111.3	112
Abce1	113.9	107.1	106.8	94.1	88.5	88.2	113.1	111.2	110.8	78.2	67.1	67	110.7	120.4	120.9	89.9	105.6	106.3
Acsl4	141.9	154.6	154.2	119.4	115.1	114.8	107.5	107.9	107.7	86.6	80.1	80	77.6	79.5	80	66.9	62.9	63.3
Pdcd6	107.6	107.4	107.1	108.2	97.3	97	101.3	99	98.7	104	100.6	100.4	99.2	103.6	104.1	79.8	92.1	92.7
Dgki	109.1	95.5	95.2	78.7	91.7	91.4	95.7	78.4	78.2	152.3	159.1	158.8	84.1	122.6	123.2	80.1	52.8	53.1
Nav1	116	111.9	112.3	99.8	95.8	95.9	144.3	132.8	131.9	72	80	79.4	128.1	135	135.8	39.8	44.4	44.7
Micu1	77.2	76	77.9	86.4	86.3	88.2	101.8	98	99.5	92.5	95.9	95.3	144.1	147.7	143.3	98.1	96	95.8
Naxd	113.6	100.1	97.8	113.7	115.7	122.5	100.6	91.5	91.1	78.2	91.7	97.8	109.3	120.1	112.1	84.5	80.9	78.6
Fn3krp	98.5	98.5	98.2	100	103.4	103.1	93.3	96.2	96	99.9	96.3	96.1	91.5	91	91.4	116.7	114.6	115.3
Gabrg2	128.6	106	105.7	108.1	112.8	112.4	125.7	121.5	121.2	52.3	57	56.9	105.8	118.3	118.9	79.4	84.5	85
Marchf5	100.5	86.3	88	86.7	89.6	91.4	76.3	91.8	93.6	102.3	89.4	88	132.8	119.4	117.8	101.4	123.5	121.2
Mtdh	210	171.9	169.4	102.5	115	113.8	106.7	98.9	98.9	53.4	54.4	55	46.7	69.9	71.2	80.8	89.9	91.7
Supv3l1	75.7	81.2	78.9	84	88.4	88.7	86.7	87.5	86.9	103.1	99.5	99	127.7	122.8	124.4	122.8	120.6	122
Cryab	87.9	108.9	108.7	118.7	114.5	114.3	79.3	86.3	86.2	185.1	157.6	157.4	25	39.8	40.1	104.2	92.8	93.5
Gnl1	125.1	122.7	122.4	104.5	114.9	114.6	94.2	90.5	90.3	107.2	106.5	106.3	98.4	98.2	98.7	70.5	67.3	67.7
Bcl2l13	85.9	93.3	58.1	97.8	102.2	85.3	105.1	106.6	144.8	91.9	89.8	103.4	121.9	132.9	129.7	97.3	75.1	78.7
Calcoco1	102.6	104.5	105.2	80.2	96	97.9	104.4	113.8	108.9	157.4	134	132.3	103.1	94.4	98.5	52.3	57.2	57.3
Psmb6l1	113.4	100.9	100.6	106.7	96.9	96.6	92.1	94	93.8	92.8	105	104.8	108.9	113	113.6	86.1	90.1	90.7
Dync1i1	114	121.3	121.5	108.1	103.7	103.5	103.3	101.8	101.1	98.2	96	95.6	103.5	110.2	110.7	72.9	66.9	67.7
Ak4	67.5	80.1	79.8	85.7	91.8	91.4	110.4	111.3	110.9	63	62.9	62.7	49.6	52	52.2	223.8	202	203
Arpc5	85	101.9	101.7	100.7	91.8	91.6	183.9	209	208.6	79	71	70.9	96.2	79.7	80.1	55.3	46.7	47.1
Rasgrf1	96.7	107.4	107.7	105.2	107.1	104.3	149.1	151.8	152.2	82.3	72.2	72.5	95.8	103.4	104.4	70.9	58.2	58.9
Ptpmt1	93.5	71	70.7	91.8	89.1	88.8	78.7	77.5	77.2	88.3	110.5	110.2	107.6	119.5	120	140.2	132.4	133.1
Rps12l1	93.3	86	85.6	88.7	80.6	80.3	89	81.1	80.8	75.3	77.5	77.2	143.7	163.7	164.3	110	111.2	111.8
Txnrd2	89.6	92.4	93.4	99.6	104.9	106.7	79.3	80.6	76.7	96.9	96.2	94.9	100.2	99.7	100.4	134.4	126.3	127.8
Epb41	67.7	63.3	NA	35.5	46.8	NA	40.1	40.1	NA	49.4	56.5	NA	66.6	72.1	NA	340.7	321.2	NA
Apmap	106.7	120.6	120.2	89.7	94.1	93.8	90.5	81	80.7	70.1	64.1	64	109.8	123.3	123.9	133.2	116.8	117.5
Tmx4	117.8	107	106.7	113.3	113.5	113.1	92.5	96.4	96.2	76	74.3	74.1	77.1	79.1	79.5	123.3	129.6	130.4
Txnl1	121.9	112.8	111.5	107	114.7	116	105.7	111.4	111.8	93	100	101	95.7	87.1	87.6	76.8	74.1	72
Elp1	98.4	108.3	116.1	104.1	96.7	94.8	105.3	98.2	100.9	90.3	97.5	92	112.9	113.2	107.5	88.9	86.1	88.7
Epn1	118	114.3	119.4	116.5	111.9	113.2	102.7	103.9	100.9	110.6	111.9	113.3	78.9	79.7	78.1	73.2	78.2	75
Sestd1	126.9	118.6	125.6	108.7	118.7	117.6	112.2	104.2	116.4	93.1	77.2	88.8	94.4	82.2	86.6	64.7	99.1	65.1
Gga3	119.3	135.7	135.4	114.3	107.2	107	106.2	105.1	104.9	110.4	113.8	113.6	79.6	81.7	82.2	70.2	56.5	56.9
AABR07007121.1	108.7	NA	107.2	94.4	NA	97.8	103.1	NA	103.5	70.8	NA	69.3	108.1	NA	110.1	114.9	NA	112.1
Comtd1	99.5	97.8	97.5	97.6	99.9	99.6	112.1	105.3	105	77.2	79.2	79	106.5	107.2	107.7	107.1	110.6	111.3
Mia3	180.5	161.5	157.4	106.9	116.4	113.1	94.4	95.2	97.4	47.8	66.5	70.7	63.1	55.1	57.1	107.2	105.3	104.3
Itpa	79	106	109.5	83.1	100	100.5	110.1	125.4	118.4	179.3	145.1	142.6	102.9	81.1	81.2	45.7	42.4	47.8
Coro1b	103.7	108	107.7	93.2	100.2	99.9	108.6	115.8	115.5	93.3	97.7	97.5	111.1	95.5	96	90.1	82.8	83.3
Rack1	88.8	86.4	86.2	86.8	84.8	84.3	77.6	69.9	69.1	87.1	87.6	86.9	137.3	150.4	151.5	122.4	120.9	122
Ano10	132.4	122.5	140	135	116.4	114.2	91.3	110.4	102.9	80.5	83.8	84.8	78	88.6	73	82.7	78.3	85.1
Rpl18a	124.2	126.3	125.9	91.9	104	103.7	101.7	104.9	104.6	65.2	66.9	66.7	108.5	96.6	97.1	108.6	101.3	101.9
Arpc3	111.6	109.4	109.2	111.1	106.5	106.3	155.5	149.6	149.3	86.4	92.2	92.1	76.7	79.9	80.3	58.7	62.4	62.8
Gart	112.6	109.3	109.1	94.4	89.3	89.5	94.2	96.3	95.4	101.3	102.4	102.1	110.8	109.7	111.1	86.7	93	92.8
Itfg1	104.2	130.6	116.9	109.2	87.1	123	108.3	97	129.5	99.8	93.9	63	85.4	98.3	88.4	93.2	93.2	79.1
Copg1	97.5	111.6	161.4	86	79.5	0	96.2	104.4	205.1	84.2	75.4	0	142	118.6	113.1	94.1	110.5	120.5
Atp6ap2	130.6	136.3	136	108	115.7	115.5	113.7	138.9	138.7	71.3	88.5	88.4	77.5	49.2	49.5	98.9	71.4	71.9
Exoc7	112.8	121.4	121.1	101.9	102.7	102.4	111.8	118.8	118.6	96.8	94.3	94.1	93.9	84.4	84.8	82.9	78.5	79
Fdxr	96.3	91.3	91.8	98.6	102.3	101.4	91.2	84.3	84.8	82.4	89.3	89	84.3	90.9	91	147.1	141.9	142
Nme3	88.6	59.3	37.4	88.5	96.7	90.9	83	85.1	62.2	83.6	93.2	67.7	168.5	159.6	207.5	87.9	106.1	134.4
Slc25a46	98	95.3	95.1	103	104.2	104.3	109.8	106.9	106.4	108.8	106.6	106.6	96.4	94.4	94	84	92.5	93.6
Ccdc88a	107.1	62.1	0	98.1	91.5	166.8	96.3	110.7	141.7	74.4	76.9	67	125.2	161.1	224.5	98.8	97.7	0
Mtmr1	114.9	82.5	82.3	113.3	115.9	115.6	143.8	134	133.7	88.3	101.2	101	74.8	76.1	76.5	65	90.3	90.9
Gspt1	109.2	102.7	93.5	100.2	104.9	103.6	102.7	100.9	96.5	106.5	104.1	111.4	101.3	96.6	106.8	80.1	90.8	88.2
Ccdc177	143.3	140.8	132.3	133.9	133.7	142.7	106.1	112.5	105.2	92.4	95.3	100	65.4	57.4	60	58.8	60.2	59.8
Fam210a	95.1	92.1	91.8	98.6	97	96.6	83.5	88.4	88.1	109.5	109	108.7	110.6	113.7	114.3	102.5	99.9	100.6
Skp1	113.6	104.7	104.4	110.7	104.4	104.1	115.2	108.2	107.9	99.9	105	104.8	94.2	99.3	99.8	66.3	78.4	78.9
Fam136a	100.9	109.6	103.8	131	115.9	120.2	99.7	102.2	107.8	103.7	105.2	98.9	98.6	103.4	106.3	66	63.7	63
Hapln4	18.2	81.5	96.7	98.9	92.3	101.6	224.8	183	144.9	65.6	70	79.2	59	64.7	73.9	133.6	108.5	103.6
Scrn3	87.2	0	0	92.4	85.7	85.4	113.6	162	161.5	117.1	151.9	151.5	94.6	117.7	118.2	95.1	82.8	83.3
Cmpk2	98.3	0	0	100.7	0	0	90.3	0	0	116.2	0	0	138.5	600	600	56	0	0
Clu	141.5	118.6	118.4	120.6	127.1	126.8	127.8	117.6	117.4	99.1	108.7	108.6	65.5	79	79.5	45.4	48.9	49.3
Pgm2l1	146.3	174.2	173.1	124.9	121	121.9	133.7	130.7	130.5	80.6	70.9	69.7	60.9	48.7	49.5	53.5	54.5	55.4
Ddah2	81.3	99.7	87.6	86.6	94.2	87.1	108.7	95.2	105	86.3	91.8	78.8	135.1	139.5	136.5	102.1	79.6	105.1
Ssbp1	63.3	108.5	108.2	88.4	116.9	116.6	93.5	68.4	68.2	89.1	108	107.7	130.2	99.8	100.3	135.5	98.4	99
Eif4g2	109.5	94.8	87.2	97.9	82.5	87.9	102.4	90.2	93.5	86.9	80.7	87.1	108.2	134.7	116	94.9	117.1	128.2
Exoc3	108	90	89.7	113.8	94.8	94.5	108.1	109.6	109.3	97.9	110.1	109.9	85.5	103.7	104.2	86.7	91.8	92.4
Pcsk1n	94	80.2	80.1	125	110.9	110.6	156.2	148.7	148.4	96.4	103.8	103.6	79.7	93.6	94.1	48.7	62.8	63.2
Capn5	128.8	108.3	108	125.3	129.1	128.8	129.4	151.8	151.5	71.7	69.3	69.2	64.9	68.2	68.6	80	73.3	73.8
Atp6v0c	120.4	128.6	128.3	104.7	110.2	110	146.5	142.9	142.6	88.6	87.8	87.7	69.3	62.4	62.8	70.6	68.2	68.7
Pip4k2a	121.3	122	121.7	110.2	115.4	115.2	87	98.8	98.6	108.7	112.5	112.3	90.3	69	69.4	82.5	82.3	82.9
Mrpl12	77.7	81.6	85.5	102.3	102.4	107.4	87.4	74.9	78.7	96.9	101.1	100.7	142.5	140.9	127	93.2	99.1	100.6
Map2k4	101.8	123.7	123.4	114	113.5	113.3	96.8	98	97.8	116.6	120.3	120.1	71.4	77.2	77.7	99.4	67.3	67.8
Ttyh1	106.1	65.7	65.3	104.4	86.8	87.1	117.8	114.5	112.6	81.2	110.4	110.2	87	93.7	96.9	103.5	128.9	128
Rims2	81	80	79.7	84.2	79.9	79.7	105	102.1	101.8	117.7	112.1	111.8	97.5	103.7	104.1	114.6	122.3	123
Scyl2	110.8	0	0	112.1	0	0	94.6	0	0	111.8	600	600	107.7	0	0	63	0	0
Grhpr	56	89.1	88.9	84.2	99	98.7	128	134.7	134.3	92.3	90.7	90.5	114.2	91.4	91.8	125.2	95.2	95.8
Cdk17	128.7	112.7	112.4	99.7	85.4	85.2	96.3	102.2	101.9	129.8	141.8	141.6	87.5	103.3	103.9	57.9	54.6	55
Arsb	109.4	103.5	103.2	111.8	114.1	113.7	95.2	90.6	90.3	92.1	93.2	93	104.6	112.9	113.4	86.9	85.7	86.3
Ermn	99	77.1	76.9	106.1	108.4	108	93.6	87	86.8	126.1	149.1	148.8	68.2	62.1	62.4	107.1	116.4	117.1
Camk1	92.1	118.9	118.5	87.3	101	100.7	71.4	73.4	73.2	107.8	89.3	89.1	156.9	150.9	151.6	84.5	66.5	66.9
Uqcc1	69.1	76.6	73.6	97.7	97.4	93.4	95.7	89.6	86.6	95.8	92.3	91.9	120.6	129.9	136.7	121.1	114.2	117.8
Prpsap1	93.2	89.2	88.9	109.6	116.6	116.2	88.6	79.1	78.8	104.2	104.8	104.6	114.9	113.5	114	89.5	96.9	97.5
Eef1g	118.5	111.3	110.9	90.6	96.5	96.1	84.2	91.5	91.2	74	71.3	71.1	85.4	81.2	81.6	147.3	148.3	149.1
Eif4b	111.3	79.9	79.6	102.4	101	100.7	101.5	109.5	109.2	101	101.8	101.5	101.1	128.1	128.7	82.8	79.8	80.2
Kpna4	87.5	63.6	63.4	82.5	76	75.7	116.9	107.5	107.1	94.1	100.5	100.2	107.6	130.1	130.6	111.5	122.4	123
Hsbp1	135.6	112.2	115.6	127.3	133.8	131.8	112.8	126.8	125.7	96.6	103.8	101.3	51.9	59	58.7	75.9	64.3	66.9
Timm10	0	82.7	82.4	85.5	110.5	110.2	89.5	99.2	98.9	148.9	113.7	113.4	168.4	101.7	102.2	107.8	92.2	92.8
S100b	46.3	39.6	39.5	90.5	154.8	154.3	84.8	70.7	70.5	123.8	120.1	119.8	115	98.3	98.8	139.5	116.5	117.2
Ephx1	74.4	66.6	66.3	61.2	72.1	71.9	123.7	139.4	139	79.3	81.3	81.1	166.8	135.8	136.4	94.5	104.8	105.4
Nipsnap3b	87.9	87.7	87.6	120.5	135.9	135.6	146.2	123.7	123.5	112.1	119.6	119.4	92.7	95.4	95.9	40.5	37.7	38
Psmd7	117.7	133.2	132.8	97	103.1	102.9	96.7	96.2	96	92.3	97.4	97.2	114.5	98.7	99.3	81.7	71.4	71.8
Sult4a1	97.1	102.5	115.9	103.5	114.2	112.3	92	89.3	96.5	106.7	105.2	97.8	119.7	117.3	101.7	80.9	71.5	75.8
Rpl3	122.8	124.4	124.1	99.5	106	105.8	101.2	97.2	96.7	78	71.9	72.2	96.5	96.6	96.4	102	103.8	104.8
Gdpd1	123.1	120.9	120.6	102.3	106.9	106.6	89.3	94.2	94	105.8	102.1	101.9	79	76.8	77.1	100.6	99.2	99.8
Anxa2	98.7	87.8	87.4	68.3	47.2	47	117.2	123.1	122.6	46.5	30	29.9	165.8	187.2	187.8	103.5	124.6	125.2
Surf1	64.1	98.7	93.7	85	107.7	144.6	81.3	104.7	103.4	96	111.9	112.1	153.9	43.1	0	119.7	133.8	146.2
Ddx1	78.7	98.4	98.4	85.9	86	84.8	80.2	82.6	81.8	82.5	78.8	78.7	138.9	122.7	123.3	133.9	131.6	133
Eef1b2	114.5	108.9	108.5	92.7	87.5	87.1	79.9	81.1	80.8	68.9	73.7	73.5	88	95.1	95.5	156.1	153.8	154.6
Begain	109.8	110.1	111.4	102.8	103.4	99	163.5	166	168.8	127.4	129.7	125	66.2	61.8	60.7	30.3	29.1	35
Blvrb	111.5	95.6	95.3	110.4	112.5	112.2	114.5	115.2	115	116.6	117.6	117.4	79.2	88.8	89.3	67.9	70.2	70.7
Srp54	80.1	84.2	83.9	84.6	94.3	94	107	101.6	101.3	97.9	97.5	97.2	114.1	107.3	107.8	116.3	115.2	115.9
Ntrk3	84.5	110.9	110.6	109.1	97.2	97	132.2	180.4	180	101.4	71.3	71.2	76.8	65.6	66	96	74.6	75.2
Nrn1	162.8	157.5	157.3	130.5	141.1	140.9	116.2	115.9	115.8	94.4	103.9	103.8	48.1	42.2	42.5	48.1	39.4	39.7
Plxnd1	132.6	NA	155	155.8	NA	111.7	109.3	NA	79.3	86.2	NA	86.7	73.5	NA	121.6	42.5	NA	45.7
Vars1	106.5	93.6	93.3	98.6	89.9	89.5	78	90.2	89.9	84.6	81.1	80.9	94.2	101.6	102.1	138.2	143.5	144.3
Fbxl20	117.5	115.5	110	101.2	95.2	92.3	93.6	96.8	92.4	82.3	84.7	82.3	100.1	107.1	116.1	105.2	100.6	106.9
Psmd12	115.5	109.3	95.5	106.8	96.2	104.6	94.6	95.7	100.8	100.8	93.2	101.7	106.4	124.3	100.5	75.9	81.3	96.9
Arvcf	106.3	107.7	107.4	103.9	89.9	89.7	87.4	119.7	119.3	87	87.8	87.6	108.8	114.5	115	106.7	80.5	81
Vps39	93.7	95.9	95.6	107.1	102.5	102.1	97.9	98.4	98.1	83.7	91.6	91.3	111.7	116.2	116.8	105.8	95.5	96.1
Hacd3	116.7	110.4	100.7	88.2	91	90.6	113.3	102.5	102.8	83	86.1	88.8	86.8	83.9	75.3	112	126.2	141.9
Atrn	121.1	113.1	112.8	106.9	102.2	101.9	128.1	127.6	127.3	65.4	78.8	78.6	79.7	75.7	76.1	98.8	102.7	103.3
Magi1	102	NA	127.1	107.4	NA	108.6	83.8	NA	91	81.3	NA	82	157.8	NA	123	67.7	NA	68.3
Cyria	117.4	117.3	117	108.1	104.6	104.4	103.6	110.4	110.1	125.7	123.9	123.7	75.4	76	76.4	69.8	67.9	68.4
Eif3a	102.5	104.8	104.5	81.8	96	95.7	102.4	99.6	99.3	74.9	74.4	74.2	127.2	114	114.5	111.2	111.2	111.9
Hdhd5	71.3	68.5	68.2	89.2	97.1	96.8	82.6	90.7	90.4	97.3	91.9	91.7	132.3	132.7	133.3	127.3	119	119.7
Hdac11	68.5	86.5	86.9	116.4	111.5	110.6	76.6	82.4	81.3	144.9	123.9	124.1	80	87.2	88.2	113.7	108.6	108.9
Gsta4	77.7	83.9	83.6	68.2	77	76.6	76.9	75.3	75	77.7	76.5	76.3	218.6	203.2	203.9	81	84.2	84.6
Brinp1	130.2	132.8	132.5	119.9	130.7	130.4	129.4	114.7	114.5	85.9	72.5	72.4	82.9	88.6	89.1	51.7	60.7	61.2
Tmod1	112.6	112	NA	89.4	110.6	NA	66.3	76.7	NA	125.3	110.3	NA	118.6	99.9	NA	87.7	90.5	NA
Anlnl1	55.9	62.6	NA	109.3	110.8	NA	65.7	62.6	NA	111.2	114.8	NA	76.1	83.9	NA	181.7	165.3	NA
Armc1	72.4	86.1	85	94.7	106.3	104.9	92.9	84.7	84.2	92.4	93.5	93.6	133.2	127.2	129	114.5	102.2	103.3
Snx12	119.5	111.2	110.9	104	98.9	98.6	93.9	102	101.8	104.3	103.7	103.5	94.2	101.3	101.8	84.1	82.8	83.3
Ssr1	184.5	167.3	166.9	100.2	101.2	100.9	101.2	105.8	105.5	45.4	49	48.9	69.3	60.9	61.2	99.5	115.7	116.5
Isca2	81.7	107	106.7	101.5	123.2	122.9	76.3	85.6	85.3	118.5	90	89.8	116	83	83.4	106	111.3	112
Plcxd3	61.2	26.2	26.1	134.2	154.3	153.7	69.1	46	45.8	96.3	115.3	114.9	141.4	182.1	182.8	97.8	76.3	76.7
LOC100365839	96.3	113.1	112.5	97.2	95.6	92.2	108.2	97.9	97.8	72.4	71.9	68.4	114.8	123.5	129.7	111.2	98.1	99.4
Sema4d	78.3	104.3	86.4	92.8	96.4	96.8	93.8	90.8	92.2	120.2	100.2	104.8	85.7	74	77.3	129.3	134.3	142.6
Ap3m1	101.8	114.3	114	89.1	96.6	96.3	110.9	116.4	116.1	93.8	89.4	89.3	109.2	92.5	93	95.1	90.8	91.4
Lrrc47	96.1	113.9	113.6	87	84	83.7	87.9	85.2	84.9	93.4	91.1	90.8	138.6	128.5	129.1	97	97.4	97.9
Fkbp4	105.3	103.5	103.1	82.5	85.9	85.6	86.8	88.6	88.3	87.7	84.5	84.3	94.1	99.6	100	143.6	137.9	138.7
Phactr1	140.2	138.5	138.4	99.1	107.2	107.1	75.9	74.9	74.8	240.4	239.1	239.1	31	26.9	27.1	13.4	13.3	13.5
Eri3	128.7	123.6	123.3	117.4	131.5	131.2	117.6	98.8	98.6	102.4	104.8	104.6	78.5	87.3	87.8	55.4	54.1	54.4
Scn2b	118.9	114.9	114.7	101.3	102.3	102.1	133.3	135.3	135	99.2	100.8	100.6	45.3	46.9	47.3	102	99.8	100.4
Bltp1	110.2	84.8	121.6	93.7	89.4	100	113.1	96.9	100.4	90.8	107.4	99.2	82.5	98.1	80	109.6	123.5	98.9
Plpbp	185.6	102	101.7	84.4	104.5	104.2	84.8	99.1	98.9	85	132.2	132	84.8	78.7	79.1	75.3	83.4	84
Isyna1	109.4	125.2	124.9	106.6	112.1	111.9	87.6	85.2	85.1	138.4	144.6	144.5	99.3	80.3	80.7	58.7	52.5	52.9
Ak3	104.1	107	107	113.5	117.8	117	107	103.1	103.1	80.2	83.9	84.5	107	99.1	99.3	88.2	89.1	89.1
Slc25a42	79	54.8	45.2	109.9	97.6	93.9	97.2	84.3	84.1	113.2	129.8	131.2	104.8	131.8	141.2	95.9	101.7	104.4
Synj2bp	93	88.7	99.8	109.7	104.2	114.6	91.7	92	92.5	117.7	113	112.9	109.6	109.3	107.5	78.4	92.8	72.7
Pin1	140.5	148.6	120.2	122.2	118.5	121	101.4	98.4	106.4	106.1	112.5	111	76.5	75.8	83.8	53.2	46.3	57.6
Slc20a2	63	NA	49.6	85.4	NA	51.9	92.5	NA	63.2	86.4	NA	55.8	79.3	NA	152.1	193.4	NA	227.3
Eml2	109.8	83.2	83	86.4	91	90.7	107.1	106.1	105.8	93.1	106.9	106.6	121.3	121.1	121.7	82.3	91.7	92.3
Rps25	118.4	93.6	82.8	89.5	91.2	95.1	90.8	103.2	98.9	70	64	62.5	121.9	136.1	144.2	109.4	111.9	116.4
H1-5	35.2	14.2	0	19.2	5	0	16.3	9.7	8	30.1	19.7	21.6	61.9	69.6	68.1	437.3	481.8	502.3
Nmt2	121.5	103.3	103	109.1	116.7	116.4	106.5	106.2	105.9	86	81.3	81.1	104.2	106	106.5	72.7	86.5	87.1
Specc1	87.2	111.9	111.5	78.1	101.8	101.4	91.1	95.7	95.4	76.5	79	78.8	100.1	86.4	86.8	167	125.3	126.1
Oxsm	109.8	110.8	110.5	122	111.6	111.3	91.4	96.6	96.4	99.9	107.4	107.2	82.9	74.4	74.8	94	99.2	99.8
Uqcrh	76.1	78.3	78	97.1	91.5	91.2	91.7	89.5	89.3	102.8	106.5	106.2	131.5	132.4	132.9	100.8	101.8	102.4
Abi1	101.6	97.5	97.3	92.8	97.8	97.5	135.5	125.6	125.3	105.4	102	101.8	76.1	81.7	82.1	88.7	95.4	96
Lgi3	66.8	59.1	58.5	85.5	86.4	84	43.3	41	38.5	97.4	102.3	103.1	50.8	54.7	55.6	256.2	256.5	260.3
Wdfy3	106.2	100.9	100.6	98.6	99.4	99.1	120.7	92	91.7	85.7	103.4	103.2	92	108.4	109	96.8	95.9	96.4
Wdr48	109.9	108.4	105.3	96.8	97	95.1	100.2	95.5	94.7	94.4	100.2	99.4	97.9	108.6	113.7	100.7	90.3	91.8
Cul2	131.3	125.6	124.4	99.2	100.6	103.5	110.9	102	105	113.4	115.2	113.2	83.4	94.9	94.6	61.8	61.6	59.3
Grik2	97.7	90.5	90.2	92.8	97.4	97.1	94.2	83.6	83.4	143.9	127.7	127.4	79.1	85.7	86.1	92.2	115.2	115.9
Chp1	122.1	110.5	110.2	99.4	120.4	120	83.4	91.1	90.8	99.7	80.6	80.5	99.5	108.8	109.3	95.9	88.7	89.2
Rab27b	101.7	99.4	99.3	106.3	103.1	102.9	126.6	149.9	149.7	130.8	122.3	122.2	77.4	77.4	77.9	57.2	47.7	48.1
Syt3	102	104.2	108.8	88.2	98.6	94.3	165.2	153.8	186.3	82.2	83.9	77.9	57.3	54.2	47.3	105.2	105.3	85.5
Asns	121.5	87.9	87.6	89.2	101.4	101.1	138.3	136.4	136	83.9	87.5	87.3	96.1	98.4	98.9	70.9	88.5	89.1
Fabp3	126.7	126.7	126.4	123.7	122.6	122.3	56.8	52.6	52.5	118.8	116.9	116.7	92.2	96.2	96.7	81.7	84.9	85.4
Ppif	75.4	66.3	58.2	101.4	83.1	80.2	92.1	87.6	87.3	103	104.7	106.8	126.7	151.9	158.5	101.3	106.4	109
Brk1	99.8	116.4	116.2	98.9	106.1	105.9	133.8	124.8	124.5	101.3	108.3	108.1	76.6	69.3	69.7	89.5	75.1	75.6
Csnk2b	96.2	124.5	127.5	98.6	106.3	106.3	118.3	105.2	107.2	114.3	107	105.9	84.5	84.7	79	88.2	72.3	74.1
Vps26a	115.6	94.1	92.1	93.7	98.1	95.3	121.6	113.2	151.8	95.3	114.3	99.2	99.7	97	90.1	74.2	83.4	71.5
Hebp1	135.5	NA	88.6	157.3	NA	145.5	103.7	NA	110.5	129.1	NA	162.7	56.3	NA	63.6	18.1	NA	29
Diras1	151.6	77.5	77.3	108.4	87.5	87.3	98.1	107.8	107.5	104.5	131	130.7	61.4	113.6	114.2	76	82.6	83.1
Adam10	94.4	99.4	143.6	103	106.2	86.7	102.4	129.6	144.9	87.3	83.4	65.7	111.3	81.1	98.8	101.5	100.3	60.4
Zwint	108.4	109.9	109.5	101	95.6	95.2	111.9	115.9	115.6	67.7	63	62.8	111.9	113.8	114.3	99.2	101.9	102.5
Slc2a13	125.7	212	211.9	110.5	109.7	109.6	130.4	123.5	123.4	108.9	127.1	127.1	57.9	27.7	27.9	66.5	0	0
Adgrb2	118.8	111.4	111.2	102.5	105.9	105.7	151.2	165.2	165	103	102.2	102.1	89.3	88.5	89	35.1	26.8	27
Acap2	125.9	125.1	124.8	115.7	110.3	110.1	110.5	106.7	106.5	102.3	103.8	103.6	90.3	100.4	100.9	55.3	53.6	54
Prkar1b	159.2	118.7	89.2	122.9	137.7	150.2	105.9	107.2	115.9	56.9	65.2	73.3	81.6	103.1	104	73.5	68.2	67.4
Slc22a23	128.1	85.9	85.7	118.1	110	109.7	102.4	108.4	108.2	105.7	131.6	131.4	76.6	71.1	71.5	69.1	93	93.6
Slc7a8	96.8	118.5	118.3	125.7	135.9	135.6	129.8	126.5	126.3	93.6	91.4	91.3	60.7	54.1	54.4	93.3	73.6	74.1
Kcnj10	79.7	55.1	49.6	68	45.2	44.3	87.7	78.7	77.4	74	46.4	46	193.8	267.9	277.7	96.8	106.8	105
Rab23	80.9	105.7	101.4	102.5	103.1	100.1	89.9	95.8	93.1	100.9	89.4	86.6	118	108.2	109.1	107.8	97.8	109.7
Agpat1	105.5	113.8	113.5	104.6	124.2	123.9	86.8	136.1	135.9	84	85.7	85.6	59.7	50.8	51.1	159.5	89.3	89.9
Ckap4	205.1	188.3	203.7	102.6	105.6	102.9	78.1	72.8	71.8	22	24.3	23.1	37.2	47	40.9	155	161.9	157.4
Tnc	32.5	42.5	42.3	30.7	45.7	45.5	31.3	88.1	87.6	48.3	57.8	57.5	142.3	155.4	155.7	314.8	210.5	211.3
Cpt2	93.1	110.1	109.7	98.6	115.7	115.2	61.4	68.4	68.2	79.2	74.1	73.9	105.9	92.6	93	161.9	139	139.9
Pik3r4	104.1	114.6	113.1	108.7	89.7	92.5	108.6	105.1	104.3	93.5	93.3	96.2	77	106.8	99.8	108.1	90.5	94.2
Vps53	91.5	95.7	101.8	103.1	101.3	110.3	108.8	105.3	103.6	106.6	112.8	107.7	86.8	91.1	85.4	103.1	93.9	91.2
Ruvbl1	108.2	98.9	98.6	88.3	99.3	99	100.1	90.1	89.8	95.8	104.1	103.9	108.3	107.5	108	99.3	100.1	100.7
Cnr1	99	69.8	69.6	60.9	56.2	56	158.4	133.1	132.7	91.7	112.8	112.5	60.1	85.2	85.6	130	142.8	143.6
Spock2	95.8	102.3	102	99.7	112.5	112.2	97.5	83.4	83.1	84	91.8	91.6	59.5	66.5	66.8	163.4	143.5	144.3
Marcks	83.1	95.5	89.9	86.4	95.7	90.2	59.8	64.5	62.7	69.3	75.4	82.7	149.8	127.8	131.1	151.5	141	143.4
Olfm2	207.8	173.6	174.4	184.3	169.2	171.3	57	62.3	53.8	105.2	120.4	140.6	31.5	44.5	34.4	14.2	30	25.4
Abca1	80.3	64.1	62.4	75.2	62.6	62.1	105.2	95.8	95.1	74.3	56.7	57.4	187.6	236.9	237.3	77.4	83.9	85.7
Arpc5l	116.1	123.8	124.1	103	112.7	116.9	108.5	110.4	111.7	98.7	96.4	99.1	93.1	81	77.9	80.5	75.8	70.2
Bckdha	89.8	94.9	94.5	104.6	106	105.1	83.8	78.8	78.7	85.1	83.6	84.6	113	116.4	118.4	123.8	120.4	118.6
Ero1a	88.4	103.7	103.4	136.3	137.4	137	94.7	91.1	90.9	112.1	101.1	100.9	74.1	86.5	87	94.5	80.2	80.8
Ndufaf4	90.3	78	77.7	91.3	99.1	98.8	97.1	89.3	89	101.4	109.2	108.9	122.9	123.2	123.8	97.1	101.1	101.7
Prkag2	115.1	91.7	91.5	94.1	110.8	110.5	161.3	160.5	160.2	83	104.8	104.6	65.7	62.1	62.4	80.8	70.2	70.7
Tollip	103	113.1	113.2	97.1	97.9	101.4	102.8	95.5	100.5	90.1	86.8	86.8	119.1	126.9	119	87.9	79.9	79.1
Snap29	99.4	82.9	76	104.9	117.7	119.3	114.1	93	95.1	118.8	101.3	110.3	114.6	128.4	132.9	48.2	76.7	66.4
Cxadr	84.7	95.5	99.5	82.3	80.4	83.8	90.3	93.4	95.1	63.3	73.2	73.5	184.6	163.3	155.4	94.8	94.1	92.8
Grm7	108.9	110.3	110.1	106.1	102.4	102.2	184.9	184.4	184.1	101.6	99.7	99.6	63.9	70.9	71.3	34.6	32.3	32.6
Ripor2	53	65.7	65.4	67.4	66.1	65.8	60	55	54.7	98.4	83.7	83.4	216.3	235.8	236.5	104.8	93.6	94.1
Tmt1a	97	101.9	100.7	94	104.6	105.5	87.8	100.2	100	103.4	102.8	101.6	89.3	85.1	85.2	128.4	105.4	107
Clta	124.3	127.4	128.6	110	114	114	109.7	110.2	110.5	110.1	108.1	107.7	79.9	78	77	66	62.3	62
Tmcc1	105.7	113.1	112.8	88.2	96	95.8	125.7	117.1	116.8	90.6	80.7	80.6	77	137.2	137.9	112.9	55.8	56.1
Cul4b	105	74.1	73.7	87.6	56.6	56.3	83.8	55.6	55.3	92.5	67.1	66.8	104.6	97.9	98.1	126.4	248.8	249.8
Syn3	76.5	92.3	83.7	151.8	151.2	150.1	77.1	106.8	112.9	155	127.4	130.8	83.1	68	67	56.7	54.3	55.4
Tmed10	156.3	128.9	163	123.7	126.9	121.8	106.7	110.3	102.7	57.2	62.3	55.3	65.2	71.2	69.8	90.9	100.5	87.4
Pi4k2a	110.6	96.7	96.4	103.5	117.4	117.1	106.1	122.5	122.3	113.6	101.5	101.3	91.8	99	99.6	74.4	62.9	63.3
Prrt3	139.4	168.7	168.5	126.9	137.5	137.3	145.7	126.6	126.5	95.3	86.4	86.4	54.6	50.8	51.1	38.1	30	30.3
Hp1bp3	59.5	56.7	58	31.7	41.3	42.5	28.2	33.4	34.1	54.8	62.2	62.3	111.5	113.9	113.5	314.4	292.5	289.6
Shisa7	152.7	143.2	143	101.9	108.7	108.6	110.1	140.1	139.9	145.3	140.9	140.8	67.6	59.2	59.6	22.4	7.9	8
Cox6a1	45.5	69.4	69.1	100.9	83.2	82.9	71.6	53.3	53.1	135.1	90	89.7	151.5	225.8	226.6	95.3	78.2	78.6
Nomo1	170.4	197.4	197	111.8	108.7	108.4	113.6	106.6	106.4	50.6	53.5	53.4	50.5	46.8	47.1	103.1	87.1	87.7
Dgkz	95.6	107.6	107.2	76.1	68.5	68.2	115.4	118.8	118.4	90	73.6	73.4	72.2	70.2	70.5	150.6	161.3	162.2
Acss1	77.5	84.1	83.8	130.2	135.5	135	75.9	76.7	76.4	57.7	58.1	57.9	149.6	142.3	142.9	109.1	103.3	103.9
Cops5	111.9	127	126.7	95.3	102.3	102.1	97.9	109.8	109.5	111.9	103.7	103.5	106.1	85.5	86	76.8	71.7	72.2
Exoc6b	111.7	94.4	94.1	101.5	91.8	91.5	113.7	115.2	114.9	86	95.6	95.4	88.3	87.3	87.8	98.8	115.7	116.4
Stx6	88.8	99.7	99.5	86.8	102.5	102.1	116.9	106.7	106.4	105.1	101.3	101.1	97.4	71.7	72	105	118.2	118.9
Hnrnpm	50.1	59.1	58.8	42.6	36.9	36.7	65.3	47	46.7	101.6	93	92.6	144.7	142.5	142.8	195.6	221.5	222.4
Psmb1	99.9	78.3	78.1	99.1	94.3	94	98.6	91.7	91.4	98.4	107.4	107.1	120.2	140.4	141	83.7	87.9	88.4
Dock7	89.9	105.8	105.4	83.5	86.8	86.1	101.6	99.9	101.1	71.9	72.6	71.9	123.7	119.1	119.7	129.4	115.8	115.9
Asap2	119.7	125.8	127.7	112.1	108.6	107.5	91	110.3	111.6	85.6	91.2	91.3	65.4	63	62.9	126.2	101.1	98.9
Gmps	92.2	127.2	126.9	98.7	119.4	119.1	106	98.2	98	116.2	98.6	98.4	103	86.7	87.2	83.9	69.9	70.4
Cldn11	68.2	80.8	74.9	125.1	129.6	122.2	69.8	84	76.9	122.4	119.1	118.1	86.6	73.9	89.3	127.9	112.6	118.6
Chid1	145	164.3	164	132.7	121.7	121.4	119.8	119	118.8	61.9	56.6	56.6	51.4	52.3	52.6	89.2	86	86.6
Cd82	78.8	69.3	69.1	115.5	103	102.7	96.6	94.4	94.2	133.2	143.2	142.9	63.2	66.8	67.2	112.8	123.2	124
Slc15a2	117.8	118.1	117.9	99.4	101	100.8	136.2	139.2	138.9	67.8	73.7	73.8	114.4	111.3	111.9	64.4	56.7	56.8
Asah1	114.9	123.7	123.4	107.7	117.9	117.5	73.9	71.2	71	83.8	87.9	87.7	113	91.7	92.2	106.7	107.5	108.2
Acy1a	118.7	107.7	107.4	101.6	98.2	97.9	74.1	80.5	80.2	99.2	103.2	103	113.9	117	117.5	92.5	93.5	94
Slc25a27	84.1	81.9	112	102.7	107.3	119.8	100.6	92.2	87.9	106.8	114.4	100.2	103.1	127.6	98.1	102.6	76.5	82
Ptprf	78.2	110.8	NA	86.1	102.5	NA	77.2	115	NA	94.5	103.2	NA	163.9	118.3	NA	100	50.2	NA
Trim9	126.7	100.7	100.4	93.4	95.2	94.9	99.3	101.4	101.1	99	95.7	95.5	101.4	111.6	112.1	80.3	95.3	95.9
Ndufa3	75.7	77.5	78.9	93.6	95.9	93.2	91.1	81.2	79.3	109.7	112.7	113	132.5	129.9	131.2	97.5	102.8	104.4
Cldn10	125.9	101.9	101.8	108.7	146.1	145.9	167.9	150.7	150.5	105	105.3	105.2	63.8	55.3	55.7	28.7	40.7	41
Trappc8	106.1	65.9	65.7	96.6	85.2	84.8	105.2	95.5	95.2	108.6	111.2	110.9	89.4	142.6	143.2	94	99.6	100.2
Ptk2	131.9	141	140.7	125.6	130	129.7	97.3	90	89.8	105.5	96.5	96.4	88	93.8	94.3	51.7	48.7	49
Bzw1	119.6	99	98.6	104.8	89.7	89.4	86.3	80	79.8	87.8	89.1	88.9	109.7	140	140.6	91.7	102.2	102.8
Pdxp	113.8	106.9	106.6	113.4	113.8	113.5	94.1	76.2	76	113.3	134.1	133.8	95.9	104.6	105.2	69.5	64.4	64.9
Gprin3	100.4	89.6	89.5	50.1	62.5	62.4	60.3	70.1	70.1	315.8	320.4	320.3	37.9	36.5	36.8	35.5	20.8	21
Wdr11	81.4	119	118.5	90.2	96.2	95.9	97.5	107.2	106.9	90.9	85.7	85.9	113.6	92.8	92.9	126.4	99	99.9
Coro7	82.1	107.7	109.7	74.1	75.1	63.9	117.3	123	128.7	158.2	139.9	150.4	103.9	100.4	102.7	64.4	53.8	44.5
Cbr4	71.4	82.8	82.5	98.2	90.2	89.8	109.9	112.4	112	94.2	89.1	88.8	100.3	103.8	104.3	126	121.8	122.5
Inf2	60.5	98.2	97.9	45.1	75.9	75.7	33.3	77.5	77.2	109.8	109.4	109.1	35.6	130.2	130.8	315.8	108.8	109.4
Hgs	107.4	125.3	122.8	109.1	105.3	106.5	94.3	91.7	87.9	108.8	106.4	106.8	90.7	88.3	90.9	89.7	83	85.1
Strip2	100.5	86.7	86.5	80.5	48.5	48.4	109.2	118.7	118.5	137.5	213.8	213.5	88.5	61.5	61.8	83.8	70.8	71.3
Ppp6r3	102.4	93.9	93.6	89.5	106.8	106.5	108.1	111.6	111.3	93.5	102.6	102.4	108.5	102.8	103.3	98	82.3	82.8
Coro2a	108.2	96.1	97	113.5	108.2	106.4	95.7	98.3	100.1	117.6	121.7	124.2	55.1	42.9	31.8	109.9	132.9	140.5
Sco1	78.5	87.9	87.6	84.4	91.1	90.8	87.1	87.7	87.4	106.9	112	111.7	141.8	126.6	127.1	101.2	94.8	95.3
Cuta	111.9	39.6	39.5	79.2	145.8	145.4	54.3	92.2	92	151.5	121.8	121.5	83.3	130.9	131.6	119.6	69.7	70.2
Sdr39u1	70	81.9	72.3	84.9	98	100.9	82.3	84.5	88.9	111.3	114.5	116.7	124.2	90.8	84.7	127.3	130.4	136.5
Ppp1r1b	93.4	69.7	69.6	42.2	44.3	44.2	18.9	0	0	405.5	437.9	437.7	8.2	11.9	12	31.8	36.1	36.4
Gba1	116.3	110.6	110.3	117.4	121.4	121.1	110.9	99.6	99.3	77.7	83.9	83.7	96.2	105.6	106.1	81.5	78.9	79.5
Rab31	116.3	113	NA	110	100.5	NA	82.3	68.3	NA	79.4	72.6	NA	123.4	165.1	NA	88.8	80.5	NA
Vps13a	108.8	92.5	92.3	120.3	123.6	123.2	109.7	109	108.8	99.9	100.7	100.6	78.1	99.5	100.1	83.2	74.6	75.1
Iba57	92	NA	65.3	94.2	NA	82.2	79.6	NA	108.2	121.6	NA	130.7	117	NA	96.9	95.6	NA	116.7
Tenm2	76.2	101.7	101.5	194.1	121	120.7	158.8	162.1	161.8	62.6	71.4	71.3	67.6	99.6	100.1	40.8	44.2	44.5
Slc25a36	84	77.2	76.9	104.5	90.2	89.9	96.1	97.9	97.5	77.4	90.6	90.3	135.9	139	139.6	102.1	105.1	105.7
Slc25a19	95.1	82.3	82	104.8	90.1	89.8	92.2	92.3	92	96.9	96.3	96.1	123.2	140.7	141.3	87.7	98.3	98.9
Mpi	113	113	112.7	107.9	110.5	110.2	97.6	94.8	94.5	109.5	111.5	111.3	96.5	91.7	92.2	75.4	78.6	79.1
Rps8	106.1	110.5	110.7	93.2	99.9	100.1	98.1	87.4	87.7	70.9	66.6	66.8	126.2	130	127.8	105.4	105.6	106.9
Apbb1	113.8	127.2	111	101.4	130.7	97.5	108.5	100.1	114.2	106.5	119.3	136.1	76.2	56.1	64.5	93.4	66.6	76.6
Ndufb9	82.2	88	87.7	88.9	87.9	87.6	87.7	85.5	85.3	104.1	99.6	99.3	138.9	146.3	146.9	98.1	92.7	93.2
Ralb	0	0	0	0	136.2	135.6	0	152.7	152	0	0	0	0	0	0	0	311.1	312.4
Hnrnph1	117.4	114.9	114.5	87.3	81.4	81.1	80.8	89.5	89.2	87.4	86.5	86.3	103.1	101	101.5	124	126.7	127.4
Rtn4ip1	79.5	62.8	62.6	110	92.4	92.1	112.3	92.8	92.5	113.4	125.3	125	87.1	122	122.5	97.6	104.8	105.4
Prrt1	95.2	98.5	98.4	78.6	74.3	74.2	233.6	249.7	249.4	72	68	67.9	74.1	65.6	66	46.6	43.8	44.2
Itga6	99.4	89.9	89.6	88.6	84.2	83.9	111.8	114.5	114.2	71.4	87.3	87.1	127.3	117.7	118.2	101.5	106.3	107
Ppp1r16b	85.7	81.1	80.8	80.9	76.5	76.3	98.3	95.3	94.9	115	112.1	111.8	38.7	50.3	50.5	181.4	184.7	185.7
Kyat3	96.5	76.3	73.4	103	103.4	103.8	125.5	112.1	111.2	90	104.2	105.4	103	112.4	113.1	81.9	91.5	93.1
Isoc1	71.9	83.7	83.4	70.1	69.3	69	78.2	77.4	77.1	90.8	85.9	85.6	195.6	186.6	187.3	93.3	97.1	97.6
Atp5pf	76.2	63.8	61.7	90.2	98.2	93.2	95.3	100.5	92.4	107.5	102.6	101.6	115.7	135.7	148.1	115.1	99.2	103
Clmn	85.7	83.7	83.5	90.3	98.8	98.4	124.9	130.4	130	96.1	89.4	89.2	31.6	37.1	37.3	171.4	160.6	161.6
Stub1	109.7	116.7	114.6	99.4	102.9	103.3	99.3	95.6	96.1	94.7	91.8	91.8	108.6	106.5	106.2	88.2	86.5	88
Adk	91.5	85.2	84.9	78.7	80.2	79.9	91.4	93.4	93.1	92.3	91.6	91.3	156.9	156.4	157.1	89.3	93.3	93.9
Pdcd5	103.2	110.6	110.3	103.4	115.1	114.8	91.4	80.8	80.6	113.2	112.4	112.2	98.6	101.1	101.6	90.3	80	80.5
Ube2d3	110.9	121.2	119.9	97.4	94.1	92.7	90.1	81.3	81.3	110.6	112.3	113.1	120.1	119.3	122	70.9	71.8	71
Mrpl11	90	77.6	76.6	94.6	84.9	86.4	77.9	69.2	71.7	101.6	97.7	94	124.8	153.9	154.4	111.1	116.8	116.9
Wbp2	118.5	127.2	126.9	100.6	109.7	109.4	96.1	102.1	101.8	77.8	69.7	69.6	100.7	89.8	90.3	106.2	101.4	102.1
Ccdc47	140.9	128.7	128.3	110.3	105.1	104.8	117.2	97.2	97	68.6	77.6	77.5	57.8	93	93.5	105.1	98.3	99
Chmp4b	120.8	110	109.7	92.3	90.3	90	94	88.2	88	105	108.2	107.9	107.6	121.6	122.2	80.2	81.7	82.2
Inpp1	85.6	96.1	93.2	64.9	82	77.5	92.9	87.7	77.5	80.6	98.2	96.2	97.8	76.1	77.7	178.2	160	177.8
Lrrtm1	118	127.2	127	125.3	110.7	110.5	195.1	160.6	160.4	103.6	104.5	104.4	36.9	49.4	49.7	20.9	47.6	47.9
Arpp19	109.5	100.7	100.6	77.2	134.6	134.4	49.5	62.6	62.5	236.4	216.6	216.4	73.3	48.6	48.9	54.1	36.9	37.2
Slc9a6	87.6	109.3	101.5	90.2	89.9	82.5	89.7	109.7	112.5	100.4	91.1	105.8	135.8	81.4	75.6	96.3	118.6	122.2
Tdrkh	104.5	59.8	58.8	88.3	82.6	80.8	63.3	73.8	73.5	62.9	107.2	106.9	148.3	142.1	145	132.7	134.5	135
Ddx17	65.9	98.3	NA	88.3	86.1	NA	84.2	52.3	NA	59.7	58.6	NA	149.2	101.7	NA	152.8	203	NA
Sgtb	135.6	132.1	131.8	134.1	128.7	128.4	90	78.2	78	115	114	113.9	83.6	109.1	109.7	41.7	37.9	38.2
Rgs7bp	154.6	0	0	168.1	284.3	284.2	156.6	315.7	315.8	120.7	0	0	0	0	0	0	0	0
D2hgdh	47.7	81.7	81.4	67	95.6	95.3	59.9	113	112.6	78.6	106.3	106.1	193	110.6	111.1	153.8	92.9	93.5
Eif4h	128.3	115.7	115.4	115.4	112.8	112.5	97.8	96.2	96	94.3	113	112.8	72.7	76.5	76.9	91.5	85.9	86.5
Limch1	88.6	83.6	83.3	81.8	96.8	96.4	114.4	109.2	108.8	69.4	76.3	76.1	123.7	113.7	114.2	122.1	120.5	121.2
Homer3	17.2	17	17.3	7.9	12.4	11.2	118.5	112.8	105.5	15.7	19.3	19.5	10.6	13.4	12.7	430.2	425.1	433.8
Creld1	166.3	176.2	175.8	98.5	111.1	110.8	97.6	99	98.8	80	73.9	73.8	56.1	52.4	52.7	101.5	87.5	88.1
Nenf	100.9	117.6	116.1	107	114.8	114.3	95.1	93.1	95.5	76.1	75.1	76.2	108.3	103.4	104.4	112.6	96.1	93.5
Ctsb	84.7	107	117	121.6	122.4	119.8	84.6	89	89.5	111.5	84.6	83.1	95.2	76.6	78.4	102.4	120.4	112.3
Slc30a1	109.4	118	117.2	100.8	103.9	102.9	109.5	144.1	140.4	105.9	98.3	98.8	94.8	74.3	76	79.6	61.4	64.8
Prune1	109.8	120	119.7	93	95.5	95.3	98.3	97.9	97.7	106.1	99.9	99.7	102.5	88.7	89.1	90.1	97.9	98.5
Rmdn1	81.8	78.6	78.4	99.5	102.7	102.3	83.7	89.2	88.9	93.4	99.8	99.5	126.8	125.7	126.2	114.8	104	104.6
Ptprn2	113.7	118.6	116.9	106.1	119.8	119.1	114.4	123.6	124.9	90.3	106.5	106.3	106.9	79.9	78.6	68.7	51.4	54.2
Ptgfrn	149.8	171.5	164.4	114.2	120.1	119.8	61.5	58.4	58.1	109	115.3	119.4	64.5	52.7	55.9	101	82.2	82.4
Rpl14	123.2	127.6	127.2	91.2	95.1	94.8	100.9	99.1	98.8	70.8	63.2	63	107.1	110.6	111.1	106.9	104.5	105.1
Kcnb1	190.6	164.9	164.6	153.2	144.3	144	78.5	90.2	90	60.8	68.1	68.1	77.8	81.9	82.4	39.1	50.5	50.9
Arrb1	120.3	116.1	115.7	97.3	79.1	78.9	100.6	109	108.7	90.4	89.4	89.2	130.4	142.3	142.9	61	64.1	64.5
Ndufa11	113.8	99.2	98.9	99.6	90.3	90	118.7	117.3	116.9	66.9	68.5	68.3	111.7	132.6	133.2	89.4	92.2	92.8
Uqcr11	81.9	66	70.2	113	88.5	96.9	93.6	87.9	89	99.7	129	117.8	105.9	104	108	106	124.5	118.1
Adprh	125.9	98.1	106	117.5	94.1	93.2	106.4	106.7	106.7	92.4	113	109.8	96.3	123.7	127.9	61.5	64.4	56.4
Vps33b	106.9	107.2	106.9	99.3	95.3	95	107.6	102.8	102.5	99.9	108.7	108.5	110.4	91.9	92.3	76	94.2	94.8
Ccdc136	108.1	108	107.7	110	105.1	104.8	77.9	68	67.8	117	132.6	132.3	53.9	44.1	44.3	133	142.1	143
Vps36	149.8	NA	67.1	117.3	NA	109.2	93.7	NA	93	87.2	NA	84.7	90.9	NA	110.6	61.1	NA	135.3
Stk24	103	86.6	86.4	108.5	95.8	95.5	88.3	90.1	89.9	131.1	128.7	128.5	107.2	126.5	127.1	61.9	72.2	72.7
Gprc5b	84.1	NA	87.8	83.5	NA	91.4	112	NA	111.5	74	NA	76	93.8	NA	99.7	152.5	NA	133.6
Daam2	103.1	78.8	78.6	102.7	97.5	97.2	110.8	114.5	114.1	83.4	86.4	86.2	73.9	80.5	80.9	126.1	142.2	143.1
Chm	132.2	135.7	135.4	98	103.2	103	108.6	107.5	107.2	99.1	92.2	92.1	82.3	81.9	82.3	79.6	79.6	80.1
Stmn3	133.4	123.6	128.3	119.1	117	119.4	111.2	112.6	112.9	105.7	111.9	108.9	76.6	82.9	79.7	54	52	50.9
Nfu1	86.7	92.7	92.4	98.9	105.6	105.3	83.5	79.9	79.6	103.5	105.8	105.5	108	102.4	102.8	119.5	113.6	114.3
Fnbp1l	141.4	161.7	151	143.9	140.2	140.7	44.7	51.1	56	161.2	142.7	141.9	75.6	78.3	77.1	33.2	26	33.4
Sqor	75	81.8	81.5	68	63.7	63.4	88.1	89	88.6	70.8	68.2	68	158.5	153.2	153.8	139.7	144.1	144.8
Epha5	95.4	105	104.7	95.8	105.3	105	120.6	133.6	133.2	66.9	57.8	57.7	149	142.1	142.8	72.4	56.3	56.7
Reps2	98.9	130	129.7	104.2	110.7	110.4	108.8	102.7	102.5	106.8	99.9	99.7	94.7	69.3	69.7	86.6	87.4	88
Cetn2	95.3	113.3	113.1	106.7	108	107.7	109.2	103.7	103.4	114.2	109.1	108.9	92	97.5	98	82.6	68.4	68.8
Elob	111.7	110.8	110.5	89.3	99.2	98.9	108.1	112.6	112.3	104.5	98.2	98	93.6	88.1	88.5	92.8	91.1	91.7
Grpel1	88.2	104.9	104.6	101.4	106.7	106.3	86.9	83.9	83.7	106.6	106.7	106.4	105.8	90.5	91	111.2	107.3	108
Hmgcl	93.6	79.2	79	96.6	98.1	97.7	96.1	105.7	105.4	87.3	83.1	82.8	121.7	126.2	126.7	104.7	107.7	108.4
Abhd11	100.5	95.5	95.2	123.9	114.4	114	88.4	95.7	95.4	80.8	95.3	95.1	103.5	101.5	102	103	97.6	98.3
Preb	147.2	162.1	161.6	100	102	101.7	102.7	103.3	103.1	71.1	61.5	61.4	70	71.1	71.5	108.9	100	100.7
Fam120b	100.3	99.7	98.2	102.3	113.1	122.1	121.8	122.3	116.2	97	93.8	94.4	101.4	80.5	77.7	77.2	90.6	91.4
Mark4	110.7	118	117.7	107.1	116.3	116	150.5	123.8	123.6	98.4	89.8	89.7	61.1	71.5	71.9	72.1	80.5	81
Psmb2	86.1	75.9	50.1	99.6	90.9	97.9	105.8	115	122	113.8	118.7	145.2	107	108.9	90.4	87.6	90.7	94.4
Hmgcs1	153	132	131.7	114	102	101.7	117.2	121.6	121.3	74.6	95.3	95.1	63.6	75.8	76.2	77.7	73.4	73.9
Entpd2	76.9	87.1	86.9	84.5	92.6	92.3	167.6	162.4	162	98.4	96.4	96.2	86.7	90.1	90.6	85.9	71.3	71.8
Slc39a6	120	120.8	120.4	97.3	90.6	90.3	115.7	117.3	117	82.1	73	72.8	105.8	122.9	123.5	79.1	75.5	76
S100a5	12.6	9.6	NA	5.6	6.9	NA	5.7	5.9	NA	12.6	0	NA	517.4	545	NA	46.1	32.7	NA
Acadm	47.2	75.7	77.1	63.8	83.6	81.1	64.8	109.3	116.2	64.7	71.2	72.5	163.1	123.5	120.7	196.4	136.7	132.4
Eef1d	89.5	91.9	91.6	86	82	81.7	86.7	87.1	86.8	83.2	84.9	84.7	107	106.7	107.1	147.7	147.4	148.2
Abhd10	63.8	71.8	66.9	78.2	75.5	67.2	67.7	62.3	63.8	88	80.3	83.4	161.9	174.6	177.8	140.3	135.6	141
Esyt2	102.4	100.5	100.1	65.8	91.1	90.8	83.7	89.1	88.9	138.4	116.5	116.2	75.1	76	76.3	134.4	126.8	127.6
Cars1	130.1	143	142.7	108.3	101.8	101.5	91.6	92.2	92	87.6	79.3	79.1	102.9	120.9	121.5	79.5	62.9	63.3
Setd7	107.3	98.2	114.7	85.3	82.1	94.3	98.9	99	101.8	100.1	90.4	88.2	85.4	92.7	88	123	137.5	113.1
Nt5c3a	99.6	96.6	96.3	100.9	93.8	93.4	85.2	82.8	82.5	95.1	94.8	94.5	135.9	129.2	129.8	83.3	102.8	103.4
Cmas	90.2	83.9	83.5	59.7	46.9	46.7	61	56	55.7	98.2	121.9	121.4	90.6	96.6	96.9	200.2	194.8	195.7
Hip1	70.5	78.9	78.5	78.3	82.9	82.5	72.4	82.9	82.6	86.4	72.1	71.8	131.2	126.6	127.1	161.3	156.7	157.5
Isca1	101.5	NA	88.7	101	NA	106.1	95.7	NA	97.5	91.6	NA	87.6	94.1	NA	101.8	116.1	NA	118.3
Iscu	102.5	91	93.1	108.1	97.3	95.7	89.1	93.9	93.6	101.1	107.6	108	95.9	105.1	104.2	103.3	105.1	105.4
Apod	97.2	78.9	69.1	90.2	88.3	109.5	70.9	67.9	60.7	123	136.5	161	74	73.6	74.2	144.6	154.7	125.5
Scrib	58.4	83.7	83.4	55.1	73	72.7	71.6	77	76.7	111	95.4	95.1	142.9	120.4	120.9	160.9	150.5	151.3
Ctnna3	28.9	37.9	37.6	55.5	40.3	40.1	36.5	52.8	52.4	51.5	58.5	58.2	105.3	87.9	88.1	322.2	322.6	323.6
Elmod1	110.2	96.9	96.6	103.8	92.2	92	83.6	84.8	84.6	166.4	174.2	173.9	67.4	82.3	82.8	68.6	69.6	70.1
Bphl	85.2	86.6	86.4	97	102	101.7	99.7	94.7	94.4	142	144.6	144.3	113.3	108.5	109.1	62.9	63.6	64.1
Slc30a3	125.6	160.2	160	190.1	158.5	158.3	98.5	106.2	106.1	126.5	105.7	105.6	54.1	54.4	54.8	5.2	15	15.1
Fkbp8	120.5	109.5	108.5	102.8	101.4	97.8	90.5	93.8	94.8	80.4	88	81.3	115.3	110.8	118.9	90.4	96.7	98.8
Trappc9	110.4	92.6	92.4	101.2	97.8	97.5	111	119.5	119.2	102.6	108	107.8	99.1	101.2	101.7	75.7	80.9	81.4
Fbxo2	119.9	NA	71.2	101	NA	103	97.4	NA	85.8	110.9	NA	132.4	115.4	NA	147.2	55.3	NA	60.4
Dcakd	50.1	58.6	58.4	70.1	52.4	52.2	118.2	128.9	128.4	82.5	77.8	77.5	162.8	159.9	160.5	116.3	122.4	123
Nans	90.7	NA	124.4	92.8	NA	99.2	98.9	NA	109.2	108.5	NA	104.7	133	NA	89.3	76.1	NA	73.3
Eif4g1	108.2	102	100.1	94.1	91.3	89.8	96.6	98.5	99.9	82.6	89.5	89.2	107.9	99.7	100.7	110.6	119.1	120.3
Wasl	112.1	106.3	106	89.9	94.3	94.1	134.2	127.3	127	92	100.6	100.4	86.5	85.5	85.9	85.3	86	86.6
Coq6	79.3	87	86.7	87.6	94.9	94.6	90.7	82.2	81.9	105.1	107	106.8	116.3	118.8	119.3	121	110.1	110.8
Rpl32	114.7	124.9	124.5	89.2	97.8	97.5	108.1	102.8	102.5	67.6	66.9	66.8	116.8	106.2	106.7	103.6	101.4	102
Ppp2r5b	82.8	115.2	114.9	95.9	99.3	98.9	101.4	99.5	99.2	98.5	84.9	84.7	92.1	71.9	72.2	129.3	129.2	130
Ndufaf5	79.1	104.3	NA	110.6	98.4	NA	104.6	97.2	NA	102.7	93.1	NA	103.7	110.9	NA	99.3	96.1	NA
Wdr41	103.3	94.2	93.9	118.8	95.1	94.8	89.8	107.8	107.5	112.5	93.6	93.4	98.8	120.9	121.5	76.9	88.4	89
Rdh11	83.3	88.6	85.5	88.8	89.3	87.4	81.2	88.5	92.2	104.7	99.8	101.4	117.8	118.8	114.8	124.2	115	118.7
Ttyh3	107.5	113	112.8	104.5	107.7	106.2	145.8	154.8	155.1	89.7	90.5	91.2	87.9	77.7	77.3	64.5	56.2	57.3
Tmem11	87.9	87.1	89	98.6	107.5	108	88.5	86.8	86.6	99.4	101.5	100.9	114	109.3	108.9	111.6	107.8	106.7
Slc4a3	124.1	90.7	90.5	96.9	84.4	84.2	106.4	100.7	100.5	121.9	149.2	148.9	71.4	97	97.5	79.4	77.9	78.4
Fbxo7	118.4	111.9	111.6	102.1	137	136.7	83.8	87.1	86.9	116.4	93.5	93.3	103.1	107.1	107.7	76.3	63.3	63.8
Smpdl3b	111.7	106.1	105.8	83	69.4	69.2	174.9	169.2	168.9	103.2	102.1	102	69.5	65.3	65.6	57.7	87.9	88.5
Mcee	61.6	80.8	80.6	112.6	96.6	96.3	99.4	76.8	76.6	112.5	114.8	114.5	115.2	130	130.6	98.6	100.9	101.5
Aplp2	113.2	116.2	115.8	100	92.8	92.5	86	74.5	74.3	89.5	101.5	101.2	96.6	101.1	101.5	114.7	114	114.7
Sar1a	119.7	NA	41.6	100.9	NA	93.6	93.7	NA	144	104.4	NA	109.1	113.1	NA	125.3	68.2	NA	86.4
Emc2	105.1	133.9	130	116.5	112	102.8	108.9	96.1	89.6	72.1	68.1	57.2	87	84.8	110.6	110.5	105.1	109.8
Ildr2	124.4	123.9	122.3	122.7	142.3	141.2	152.6	151.8	146.8	79.6	53.2	58.2	105.2	114	115.2	15.5	14.7	16.3
Hdlbp	115.7	108.4	114.1	95.3	95.6	103.5	114	96.3	84	87.6	88.9	86.7	95.1	119.2	134.3	92.3	91.7	77.4
Hmgcs2	28	38.1	30.5	31.8	33.5	31.2	59.4	45.3	40.7	31.4	81.2	96.9	225.8	220.2	221.9	223.6	181.7	178.8
Sparc	28	49.2	48.9	46.1	50.2	49.9	50.4	53.4	53.1	55.2	50.5	50.2	61.3	57.5	57.6	359	339.1	340.2
Ilvbl	98.6	82.8	82.3	83.9	90	89.6	89.7	87	86.4	84.7	80.9	78.6	106.8	120.7	124.5	136.5	138.5	138.5
Ppt1	80.1	77.2	76.9	126.2	119.2	118.8	77.4	75.4	75.2	106.2	108.3	108.1	114.4	123.4	124	95.7	96.5	97
Aprt	102.6	100.8	100.5	88.4	80.5	80.3	91.8	98.2	97.9	105.1	104.3	104	118.7	119.6	120.1	93.4	96.6	97.2
Rpl22	116.9	123.6	123.3	92	105.7	105.3	102.3	93.6	93.4	65.5	77.6	77.4	123.1	111.1	111.6	100.1	88.4	89
Luzp1	94.4	89.4	89	79.3	86.7	86.3	107.7	105.8	105.4	78.4	81.1	80.9	70.4	56.6	56.9	169.8	180.4	181.4
Rpl30	132.4	122.6	113.3	98.3	104.8	107.8	87.9	108.4	113.1	68.6	63.2	64.4	110.2	100.6	104.7	102.5	100.3	96.8
Grid1	109	106.8	106.6	97.1	110.1	109.9	147.9	149.1	148.9	102.3	106.2	106	78	71	71.4	65.8	56.9	57.3
Slc38a3	102.9	108.9	108.5	72.5	66	65.7	84.8	82.2	81.9	62.8	57	56.8	167.6	176.9	177.5	109.4	109	109.5
Ocrl	104.6	64.1	73.1	109.8	101	115.2	145.4	139	126.7	94.1	138.9	135.3	76.9	88.3	70.4	69.2	68.8	79.2
Rcn2	99.4	43.3	43.1	96.7	89.3	88.9	93.7	67.7	67.4	81.4	88.6	88.2	124.9	186	186.6	103.9	125.2	125.8
Kcnip4	63.2	56.2	56	74.4	81.4	81.1	118.8	123.5	123	61.5	58.9	58.6	29.7	35.9	36	252.3	244.1	245.3
Sort1	155.3	126.5	121.2	124.2	120.8	109.6	104.5	106.4	88.7	77.3	91.4	99.4	78.2	86.6	107.5	60.5	68.3	73.5
Pgls	90.8	108.2	107.8	98.7	88.5	88.2	90.7	93.5	93.3	104.4	99.8	99.6	133.7	128.3	128.9	81.7	81.7	82.2
Thsd7a	101.7	92.9	113	110.8	103.6	107.2	112.4	117.7	110	80.4	80.2	79.9	92	97	82.4	102.7	108.6	107.5
Stx4	73.4	110	109.7	74.2	95	94.7	85.9	101.9	101.6	88.7	98	97.8	148.8	85.8	86.3	129	109.3	110
Dgke	148.7	134.1	133.8	100.4	117	116.7	93.9	92.5	92.3	77.5	72.6	72.5	74.2	71.3	71.6	105.3	112.4	113.2
Psma7	95.3	96.9	96.6	90.6	91.4	91.1	92.6	92.3	92	103.3	105.3	105.1	132.2	126.1	126.7	85.9	88	88.5
Stxbp3	77.5	93.1	91.7	99.1	86	85.8	100.1	99.4	97	93.3	90.4	89.5	107.1	105.9	107.4	123	125.1	128.6
Txn2	83.6	83.7	84.4	99.8	109.9	107.3	94.4	93	93	102.5	90.6	91.2	84.7	89	89.6	134.9	133.8	134.5
Pld3	154.4	146.1	146	155.4	159.1	158.1	108.6	113.2	114.4	77.3	79.1	79.4	61.4	60.4	60.6	42.9	42.1	41.5
Pcyox1l	148.8	149.5	149.1	106.1	101	100.8	108.9	112.6	112.4	82.1	94.6	94.5	63.6	59.5	59.8	90.6	82.9	83.4
Abhd3	81.8	81	80.7	103.5	103.7	103.3	93.1	85.4	85.1	68.8	66.7	66.5	105	110.9	111.3	147.9	152.3	153.1
Timm8a	79.9	76.3	76	111.8	108.8	108.5	96.9	93.4	93.1	107	113.6	113.3	106	109.5	110	98.4	98.5	99.1
Lrpap1	115.5	116.2	111.6	107.2	109	109	96.7	92.7	92.8	71.4	73.6	74.5	103.8	108.2	103.9	105.5	100.3	108.2
Sema4a	162.7	241.6	241.1	118.2	73.4	73.3	116.4	62.9	62.8	108.1	80.4	80.3	55	90.9	91.5	39.6	50.7	51.1
Tmx3	138.6	115.6	115.2	95.6	90.2	89.9	77.8	90.6	90.4	86.3	80.6	80.4	84.6	87	87.4	117.2	135.9	136.7
Dhrs1	63.1	58.7	58.4	82.3	84.5	84.1	80.4	68.4	68.1	75.4	77.3	77	172.6	185.3	185.9	126.2	125.8	126.4
Cops7a	117.1	122.7	122.4	98.1	105.8	105.5	103.6	95.2	94.9	110.7	98.8	98.6	84.7	90.5	91	85.8	86.9	87.5
Dmxl1	109.7	80.5	80.3	109.6	110.1	109.8	114.8	102	101.7	103.6	130.2	129.9	85.4	92.1	92.6	76.8	85.2	85.7
Tstd3	86.8	79.9	79.6	105.4	106.9	106.6	110.4	115.8	115.5	88	86.7	86.5	90.6	81.4	81.8	118.9	129.3	130.1
Cyb5a	89.7	88.8	88.5	81	74.4	74.1	87.3	75.6	75.4	103.4	95.4	95.1	138.8	159.6	160.3	99.8	106.1	106.7
Tpt1	123.1	106.2	104.6	106.5	95.9	95.8	86.8	90.1	88.5	109.5	110.4	111.2	89.5	123.8	125.3	84.6	73.6	74.5
Drg2	111.9	121.5	121.1	101.5	103.2	102.9	155.1	94.6	94.3	65.2	81.1	80.9	75.3	101.6	102.1	91.1	98.1	98.7
Arl1	116.5	102.8	102.5	112.7	104.3	104	103.3	100.8	100.6	109.3	122.1	121.9	75.9	96.6	97.1	82.2	73.4	73.9
Tomm40l	91.1	86.8	86.5	101.9	101.1	100.8	92.8	91.4	91.2	122.6	128.7	128.4	97.1	100.3	100.8	94.6	91.6	92.2
Rab11fip5	125.6	100	99.7	103.2	105.8	105.5	92	103.3	103	86.8	88.5	88.3	88.9	99.9	100.4	103.5	102.5	103.2
Ppp2r5a	113.3	NA	82.7	125.3	NA	100.6	60.7	NA	77.7	114.8	NA	118.5	144.4	NA	151.5	41.4	NA	69
Dynlrb1	117.6	108.5	108.1	108	98	97.7	81.3	88.6	88.4	101.1	107.7	107.4	116.7	112.9	113.4	75.2	84.4	84.9
Echdc1	81.6	109.6	109.3	89.8	92.5	101.2	102	100.7	96.5	96.3	96.3	97.4	95.7	91	99.8	134.6	109.9	95.8
Eipr1	128.3	106.6	107.4	107.9	110	108.8	106.2	100.7	101.3	103.5	115.4	116.1	84.4	89.2	90.8	69.7	78.2	75.6
Tbc1d24	135.8	122.7	100.5	105.7	127.7	115.7	108.3	111.4	118.4	108.1	111.7	123.2	72.3	71.6	83.3	69.8	54.8	58.8
Elmo1	110.2	99.3	99	98.3	96.6	96.3	81.6	80.5	80.3	121	122.2	122	89.2	110.8	111.3	99.8	90.6	91.1
Plcl2	146.2	119.9	119.6	119.4	130.1	129.8	78.1	108.7	108.4	96.3	81	80.9	44	49.8	50	115.9	110.6	111.4
Vwa8	93.4	86.8	89.5	94.8	103.1	98.5	74.2	81.2	64.6	93.4	89.4	93.6	119.4	107.3	122.2	124.7	132.1	131.6
Arhgap26	70.1	67.8	62.6	62.4	68.1	65	72.4	64.6	63	68.4	90	94.9	43.6	51	54.1	283.2	258.3	260.4
Myadm	125.8	97.4	87.8	104	108.3	109.9	131.5	136.3	145.3	92.1	104.6	106.6	52.5	49	44.1	94	104.4	106.2
Efnb2	121.8	135.7	135.3	149	138.4	138	96.1	93.3	93.1	65.1	69.8	69.7	76.7	79	79.4	91.2	83.8	84.4
Adpgk	110.3	90	89.7	100.6	101.7	101.4	84.5	89.4	89.1	120.9	129.8	129.5	78.4	84.8	85.2	105.3	104.4	105.1
Map2k6	117.2	132.7	128.7	107.8	108.8	106.1	91.4	92.2	92.3	114.5	107.5	126.6	84.5	75.7	77.5	84.5	83.1	68.8
Rpl13a	132.1	134.4	134	99.1	98.6	98.3	103	105.4	105.1	60.1	63.9	63.7	106.5	92.6	93.1	99.3	105.1	105.7
Mtmr9	107.9	128.4	146.5	100	86.9	65.5	94.8	96.6	101.9	107.1	99.6	98.1	112.6	118.9	128.9	77.7	69.6	59.3
Prkcsh	111.5	108.3	107.9	99	98.7	98.4	101.3	97.9	97.6	87.9	82.6	82.4	86.6	92.8	93.2	113.7	119.8	120.6
Wdfy1	108.2	78.7	78.4	91.1	75.1	74.8	91.5	98.5	98.2	101.1	105.3	105.1	122.1	151.4	152.1	86.2	90.9	91.5
Ncln	166.6	181.1	180.7	117.1	115.2	114.9	110.6	104.1	103.9	52.1	52	51.9	53.7	48.1	48.4	100	99.4	100.1
Ablim2	89.8	96.7	96.4	110.7	102.1	101.8	122.2	118.7	118.3	77.8	83.5	83.3	76.1	75.3	75.7	123.4	123.8	124.5
Oxa1l	81	84.2	83.9	96	89	88.7	89.3	80	79.7	84.6	107.6	107.3	145.8	144.2	144.8	103.4	95.1	95.6
Lamp1	110.4	118.1	116.8	93.7	96.3	95.4	93	87.6	86	79.6	78	78.5	115.4	112.2	113.2	107.9	107.8	110
Fabp7	61.2	28.4	28.2	51.7	33.4	33.2	75	67.3	67	45.1	48.4	48.2	298.1	347.8	348.5	68.9	74.7	74.9
Ermp1	106.7	101.8	102.6	72.5	92.4	90.7	116.6	101.2	102	62.1	73.5	71.7	96.4	111.7	112.1	145.8	119.3	120.9
Ccdc22	65.4	78.8	56.7	121.9	98	106.7	98	101.9	95.3	100.8	110	116.1	119.8	126.6	139.5	94.1	84.7	85.6
Svop	99.3	102.7	102.4	100.5	100.4	100.1	101	98.9	98.6	104.2	95.3	95.1	94.4	100.9	101.4	100.6	101.8	102.4
Scgn	21.3	33.7	33.5	12.7	25.1	24.9	12.7	24.6	24.4	18.7	31.3	31.1	478.4	429.8	430.3	56.1	55.6	55.7
Cstb	106.7	117.1	56.2	88.4	96.3	59.5	94.1	96	70.6	107.8	104.5	144.5	104.8	97.7	192.5	98.2	88.4	76.7
Ndel1	95.5	111.5	111.2	102.5	89.4	89.1	114.8	110.5	110.2	108.5	118.4	118.2	102.5	106.1	106.7	76.3	64.2	64.6
Comt	115.8	103.8	103.4	96.6	92.3	92	99	105.7	105.4	90.8	68	67.8	95.4	114.4	114.9	102.4	115.9	116.6
Camsap1	108.8	NA	132.1	108.1	NA	106.3	97.5	NA	89.9	106.2	NA	87.4	90.3	NA	90.1	89.1	NA	94.2
Wipf3	96.2	95.2	95.1	67.6	100.7	100.5	225.6	200.6	200.3	122.3	110	109.9	64.8	66.1	66.5	23.6	27.5	27.7
Slc4a1	156.6	134.6	133.9	43.7	36.2	36	70.3	76.6	76.2	23.4	23.3	23.2	43	37	37.1	263	292.4	293.6
Csde1	130.5	112.8	112.5	106.2	100.6	100.4	102.2	110.8	110.5	92.6	97.6	97.4	88.6	95.8	96.3	79.9	82.4	82.9
Penk	48.5	65.9	65.7	31.7	40.1	40	19.5	24	23.9	391.3	358.6	358.2	87	90.6	91.1	21.9	20.9	21
Stk25	68.1	86.2	81.2	93.1	93.7	94.2	101.1	99.5	99.7	129.9	119.3	114.5	114.9	98.9	100.9	92.8	102.3	109.5
Snta1	99.2	84.3	79.1	85.4	74	76.2	135.3	125.8	128.2	79.5	83.7	83.1	90.2	107.2	103.3	110.5	125.1	130.1
Glo1	112.1	98	97.7	95.2	94.4	94.2	113.9	120.6	120.3	93	105.2	105	93.2	101.3	101.8	92.6	80.5	81.1
Ppm1a	85.2	118.3	115.5	124.8	110.5	110.8	114.7	88.3	87.5	101.5	107.3	107.8	84.1	96.4	98.7	89.6	79.2	79.6
Pgp	121	123.2	130.8	103.6	93.1	98.2	102.5	91	100.9	99.3	102.3	100.2	68	88.3	77	105.6	102.2	92.9
Tmpo	76.8	80.6	80.2	41.1	48.2	47.9	39.8	58.1	57.8	51	50.1	49.9	78.4	76.7	76.9	312.9	286.2	287.3
Usp7	108.7	128.5	128.2	111.7	111.8	111.5	112.4	97.7	97.5	103.6	113.8	113.6	83.4	80.1	80.5	80.1	68.2	68.6
Rpsa	81	90.6	90.3	63.2	100	99.7	95.1	93.3	93	108.6	62.8	62.6	136.5	146.4	147	115.6	106.9	107.5
Arfgef3	132.9	99.8	135.8	109.4	122.9	107.8	85.6	96.3	74.1	106.7	97.8	91.3	95.3	96.3	103.1	70	86.8	87.9
Prickle2	129.5	123.1	122.9	124.6	108.8	108.6	167	173.8	173.5	93.4	87.5	87.4	72.4	81	81.5	13.1	26	26.2
Gyg1	83.2	74.1	73.9	82.3	87.5	87.2	127.8	121.1	120.7	80.5	82.1	81.9	125.9	140.1	140.7	100.3	95.1	95.6
Chdh	57.6	69.8	69.5	72.7	80.5	80.2	66.4	62.6	62.3	59.3	48.8	48.6	268.6	268.4	269.2	75.3	69.9	70.2
Rps24l7	112.5	98.7	98.4	95.1	101.6	101.3	102.1	112.5	112.2	73.1	85.5	85.3	106.2	100.9	101.4	111	100.8	101.4
Lamp5	100.6	98.2	98	67.1	57	56.9	69.9	61.2	61.1	239.6	259.1	258.8	98.2	98.7	99.3	24.6	25.7	25.9
Gpsm1	74.3	30.3	32.6	61.5	69	66.3	50.2	66.5	63	84.3	102.3	99.2	216.2	193.3	208.7	113.5	138.6	130.1
Mrps22	79.2	NA	92.5	89.9	NA	96.8	105.5	NA	87.4	91.8	NA	89.2	114.1	NA	118.6	119.5	NA	115.5
Armcx3	0	123.9	123.6	185.8	97.4	97.2	141.2	89.6	89.4	133.7	135.1	134.9	139.3	64.9	65.3	0	89.2	89.8
Tmem35a	125.4	143.3	142.9	121.3	124.5	124.2	126.2	120.8	120.5	48.1	50.2	50.1	64.2	58	58.4	114.8	103.2	103.9
Gstz1	82.2	105	108.5	114	113.2	109.1	94.4	100.7	95	85.5	78.2	79.5	114.3	109.1	114	109.7	93.7	93.8
Omp	6.7	10	14.4	3.4	5	8.7	1.2	2.9	7.8	4.2	2.7	7.8	547.4	532.8	513	37	46.5	48.3
Gmpr	107.2	104.9	104.6	79.9	90.5	90.2	92.5	92.5	92.3	133.6	132.8	132.6	120.8	107.4	107.9	66	71.8	72.3
Kif3a	92.2	94.3	94	100.9	98.9	98.7	90.5	114.1	113.9	106.5	119.4	119.2	125.4	97.9	98.4	84.5	75.3	75.8
Gstt3	109.8	93.1	92.8	94.3	95.3	95	84	83.4	83.1	100.2	111.2	111	135.7	141.7	142.3	76	75.2	75.7
Rab33a	96.8	83.6	83.3	106.5	84.2	84	127.4	177.3	176.8	85.2	63	62.9	88.5	86.7	87.1	95.6	105.2	105.9
Kyat1	83.7	86.1	85.7	90.7	77.7	77.3	84	59.6	59.4	83	65	64.7	115.1	102.3	102.7	143.5	209.2	210.2
Uqcrq	33.8	79.4	79.1	58.9	91.3	91	77.7	76.2	75.9	113.7	96.3	96.1	187.4	151.7	152.3	128.4	105	105.6
Rb1cc1	105.5	105.7	105.4	97.7	92	91.7	115.7	94.1	93.9	102.3	104.7	104.5	92.8	118.4	118.9	85.9	85	85.6
Trim32	91.4	94.8	94.5	93.6	145	144.5	77.1	59.2	59	113	75.2	75	83	74.5	74.9	142	151.2	152.1
Txn	99.1	97	102.3	94.6	93.1	97.8	98.3	86.4	89.7	98.5	102.1	102.8	112.3	135	121.2	97.2	86.3	86.2
Hdhd2	105.6	95.3	96.9	106.9	97.8	97.7	88.4	85.8	86.5	102.5	109	107.8	90.4	100.7	100.5	106.2	111.4	110.6
Il1rapl1	78	89.7	95.5	72.3	108.7	117	56.5	76.4	77.6	134.8	101.5	101.8	225.8	170.5	156.9	32.6	53.1	51.2
Ppp1r12a	108.3	122.8	133.3	103.5	107.3	100	103.8	107	113.1	98.1	89.3	92	108.1	93.8	83.6	78.2	79.8	78
Tyro3	130.3	NA	92.5	133.5	NA	164.9	117.4	NA	55.7	85.5	NA	74.3	57.6	NA	88.5	75.6	NA	124.2
Glrx2	103.5	98.3	98	109.4	112.5	112.2	123.7	126.5	126.2	89	89	88.8	95.2	102.3	102.9	79.3	71.4	71.9
Mtpn	127.7	124.6	124.4	114	122.3	122	118.8	109.1	108.9	113	111.5	111.4	69.2	80	80.4	57.4	52.6	52.9
Spr	109	121.1	120.8	101.1	113.5	113.2	129.6	99.3	99.1	96.9	107.3	107.2	77.6	65.5	65.8	85.8	93.3	94
Smap1	126.7	124	122.3	97.1	112.5	115.1	81	77	75.8	119.6	113.9	109.8	116.9	124.8	125.3	58.8	47.7	51.6
Reep2	131.5	124.9	124.7	105.7	96.1	95.8	96.8	108.1	107.9	98.1	123.8	123.6	73.6	67	67.4	94.3	80	80.6
Mt-nd1	68.5	83.1	82.9	82.6	107.9	107.6	74.2	95.8	95.5	115.2	119.2	119	161.4	97	97.4	98.2	97	97.6
Kidins220	72.6	101.5	101.3	111.4	88.7	88.5	96.5	126.3	126	125.5	95.5	95.3	119.3	105.1	105.7	74.7	82.8	83.3
Fmnl1	118.9	132.8	132.5	109.7	100.5	100.3	127.5	119.1	118.8	103.3	90.6	90.4	60.2	69.7	70.1	80.4	87.3	87.9
Acsl5	0	118.2	118	0	121.3	121	0	165.5	165.2	0	80.5	80.4	0	60.6	61	600	54	54.4
Ppm1b	92.1	79.4	79	92.2	0	0	75.6	0	0	105.4	165.5	164.8	113.9	185.4	185.9	120.7	169.7	170.3
Eml4	109.5	115	114.7	89.3	100.7	100.4	108.3	107.5	107.3	81.9	92.7	92.6	143.6	106.4	106.9	67.4	77.6	78.1
Pde4b	116.1	126.2	116.6	102.1	108.4	104.5	80.4	91.9	87.4	113.6	112.9	117.9	61.5	64.6	63.8	126.2	96	109.8
Sdhc	87.2	100.1	98.7	97.2	107	107.4	90.3	100.3	99.5	86.9	91.4	92.1	138	97.2	98.1	100.5	103.9	104.2
Ppp2r2c	97.7	108.1	107.8	99.3	97.1	96.8	122.1	135.3	135	101.4	96.4	96.2	93.9	85.1	85.6	85.7	78	78.6
Mrpl41l1	67.3	77.7	77.4	96	96.5	96.2	76.5	72.9	72.7	102.6	104.4	104.1	154.5	141.2	141.8	103.1	107.2	107.8
Kars1	99.7	96.2	97.9	90.3	89.6	95	91.9	90.4	82.6	77.8	79.5	79.4	112	119.5	116.9	128.2	124.8	128.2
Lrrc8b	150	105.7	105.5	117.2	108.9	108.7	145.1	159.7	159.5	107.5	111.4	111.3	57	70.1	70.5	23.2	44.3	44.6
Cds2	120.4	122	121.6	84.2	99.1	98.8	79.8	96.9	96.6	146.8	102.7	102.5	53.3	58.4	58.7	115.6	121	121.7
Pdcd10	118.3	101.1	100.8	88.6	95.4	95.1	98.8	88.2	88	115.9	123	122.8	106	109.4	109.9	72.3	83	83.5
Synpr	125.6	99.1	98.8	141.3	127	126.7	135.9	130.5	130.2	68	73.2	73.1	98.5	135.9	136.7	30.7	34.2	34.5
Sirt3	97.4	95.2	94.9	100.4	100.4	100.1	108.1	112.8	112.5	114.4	115.5	115.2	78.7	78.7	79.1	100.9	97.5	98.1
Camkk2	158.5	146.8	103.5	101.1	107.9	90.2	100.5	85.2	96	104.8	102.3	111.3	53.5	58.7	101.3	81.6	99.1	97.8
Ptpn23	125.2	70.5	59.5	79.5	64.6	56.2	60	53	48.1	116.9	65.3	59.1	99.6	124.2	129.6	118.8	222.3	247.5
Uchl3	108.5	101.2	97.4	92.9	104.7	108.4	82.1	106.5	98.4	152.2	121.9	128.4	94.2	89.1	86.2	70.1	76.6	81.2
Usp24	102.5	106.7	97	111.9	103.8	99.1	72.8	88.1	89.9	75.1	88.9	90	85.7	90.1	98.3	152.1	122.4	125.6
Slc39a10	122.6	126.3	125.9	98.5	120.5	120.2	120.6	100.3	100.1	88.2	86.1	86	91.2	101	101.6	79	65.7	66.2
Tsn	78.5	88.2	87.9	83.7	87.5	87.2	89.8	77.1	76.8	95.9	92.5	92.3	129.3	132.2	132.7	122.7	122.4	123.1
Scg3	101.1	105	104.7	108	107.6	107.3	100.2	103.9	103.6	74.3	78.2	78	138.8	125	125.7	77.7	80.3	80.8
Ddx6	111.8	105.1	112.8	97.5	85.5	129.8	86.8	45.3	0	82.9	97.6	121.5	103.2	140.1	83.1	117.8	126.4	152.8
Isoc2b	79.6	87.2	86.9	92.6	96.9	96.6	69.5	76.3	76.1	113.4	110.1	109.9	120.8	117.1	117.6	124.1	112.3	113
Atp5mf	71.9	86.6	77.7	94.2	98	93.9	94	90.8	86	103.4	104.8	107.5	124.7	127	133.4	111.7	92.8	101.5
Cox6c2	60.8	70.8	70.5	83.7	83.4	83	80.6	79.4	79.1	103.9	102.8	102.5	158.3	151.2	151.8	112.7	112.5	113.1
Vps50	118.7	95.6	95.7	116.2	105.3	103.1	111.5	102	101.6	106	121.1	121.5	74.9	86.8	88	72.7	89.3	90
Cryzl1	123.8	127.2	126.8	108.5	113.3	113	102.7	99.8	99.6	80.1	84.3	84.1	99.3	101.1	101.6	85.6	74.3	74.8
Arfip2	115.8	118.7	118.5	118.3	117.2	117	129	123.9	123.7	105.4	112.1	111.9	74.6	64.5	64.9	56.9	63.6	64.1
Cd38	83.7	NA	81.1	78.1	NA	78.9	129.2	NA	136.1	72.6	NA	70.5	111	NA	109	125.4	NA	124.4
Mtarc1	98.8	95.6	93.8	112.3	110.3	107.3	96	97	96.4	81.9	82.4	84.1	110.8	116.5	119.3	100.2	98.2	99.1
Igg-2a	70.9	56	64.8	54.9	60.2	60.7	75.5	59	58.8	58.5	68.4	65.2	230.5	228.9	222.5	109.7	127.6	128
Rabl6	124.7	109.7	110.7	75.2	102.5	100.8	94.9	93.7	97.6	110.1	110.8	107.2	72.2	72.1	74.1	122.9	111.1	109.6
Nutf2	112.7	120	119.7	108	124.4	124.1	96.9	101.4	101.2	124.7	108.7	108.5	96.4	101.7	102.2	61.3	43.8	44.1
Pls1	69.8	74.4	74.1	77.3	87.8	87.4	74	64.5	64.3	117.5	117.7	117.3	157	165.2	165.9	104.5	90.4	91
Banf1	67.6	27.1	27	53.3	72.1	71.7	61.9	44.3	44	58.1	69.8	69.5	132.3	178	178.4	226.8	208.7	209.5
Rpl24	125.6	118.5	118.2	98.6	93.6	93.3	93	98	97.7	66.8	71.6	71.4	113.1	112.3	112.9	102.9	105.9	106.6
Acp6	106.4	99.9	102.1	119.4	116.1	113.9	121.9	119.2	117.7	93.7	98.1	97.9	94.2	99.4	99.4	64.4	67.4	69
Ass1	106	138.3	127.8	117	134.1	122.5	81	93.5	93.9	155.5	125.4	133.8	88.7	76.8	80.9	51.8	32.1	41.2
Raph1	159.7	142.1	141.8	126	120.4	120	75	86.1	86	83.3	86.1	86	96.5	108.7	109.3	59.6	56.5	56.9
Gclc	100.9	109.9	109.6	98.2	93.6	93.3	87	89.4	89.1	111.6	115.6	115.3	111.6	116.6	117.2	90.7	74.9	75.3
Reep1	137.4	133.6	133.3	109.9	108.8	108.5	106.4	99.2	99	113.6	117.4	117.3	84.3	87.5	88	48.4	53.5	53.9
Sgpl1	115.7	124.2	123.7	102	67.4	67.1	103.2	66.5	66.3	111.3	62.7	62.5	94.4	172.7	173.3	73.4	106.6	107.1
Phaf1	112.8	124.7	124.4	113.7	112.2	111.9	112.8	102.5	102.3	108	106.3	106.2	76.3	73.6	74	76.5	80.7	81.3
Pde4d	139.5	138.1	137.8	112.9	114.5	114.2	108	113.7	113.5	99	101.1	101	65.6	60.1	60.5	75.1	72.4	72.9
Flii	111	118.3	117.9	94.1	96.2	95.9	121.1	115.2	114.9	84.4	89	88.8	86.3	91.5	91.9	103.1	90	90.6
Cryl1	99.2	74.9	74.7	99.6	114.4	114.1	128	133.1	132.8	85.2	91.3	91.1	126.9	107.3	107.8	61	79	79.5
Neo1	106.8	107.4	117	108.5	95.7	90.7	128	94.1	102.7	62.4	66.5	69.3	90.8	102	108.3	103.5	134.3	112
Rps9l1	92.5	107.5	100.6	105.7	92.6	96	108.8	98.2	104.3	76	75.5	72.9	105.9	114.6	115.1	111.2	111.6	111.1
Dcun1d1	110.3	129	128.7	62	109.7	109.4	114.2	103.5	103.2	117.3	102.2	102	100.2	83.9	84.4	95.9	71.7	72.2
Ptgr2	102.5	NA	85.1	80.9	NA	78.2	93.4	NA	86.8	96.2	NA	92.3	103.7	NA	97.8	123.3	NA	159.9
Osbpl8	130.1	101.3	101	103.9	90.2	89.9	78.6	87.5	87.3	120.5	131.8	131.5	83.4	91.4	91.8	83.5	97.9	98.5
Wasf3	46.4	49.9	119.6	86.8	74.5	92.6	99.9	86.6	86.9	99.9	103.9	92.4	134.1	135.6	86.5	132.8	149.4	122
Pgs1	101	80.7	77.2	103	94.2	92.8	97.7	101.3	101	118.9	131.3	131.5	96	106.1	109.6	83.4	86.4	87.9
Eif3c	87.7	110.1	109.7	92.3	104.6	104.3	106.7	87.2	87	77.2	66.2	66	132.2	128.7	129.3	103.9	103.1	103.7
Fech	87.9	77.7	80.1	104.4	100.1	98.2	110.8	83.8	83.6	108.6	126.6	126.4	95.3	116	112.6	92.9	95.8	99.1
Kcnj4	104.4	89.7	88.6	68.7	73.2	72.3	59.5	54.2	52.4	119.2	130.5	130.4	207.3	216.9	220.5	40.9	35.4	35.9
Mecp2	47.5	54.9	54.6	21.8	23.6	23.4	33.4	28	27.8	57.8	53	52.7	93	99.9	100.1	346.5	340.5	341.4
Ilk	93.7	98.4	98.1	83.4	78.8	78.5	94.3	97.2	96.9	78.9	82.3	82.1	120.2	121.7	122.2	129.6	121.6	122.3
Hdgf	89.6	80.1	79.7	78.7	66.9	66.6	58.8	66.4	66.1	72.4	80.2	79.9	167.6	174.4	175	132.9	132	132.7
Ndufab1	75.1	57.4	69.7	76.8	81	87.9	93.1	101.6	96.3	92.4	90.1	99.5	161.6	185.9	154.7	101	84	91.8
Farsb	79.1	94.9	94.5	97.8	90.8	90.5	102	98.7	98.4	85.3	71.5	71.3	134.7	139	139.6	101.1	105.1	105.7
Gmds	79.7	98.9	98.6	99.5	95.1	94.8	97	95.5	95.2	116	108.4	108.2	118.5	110.4	110.9	89.4	91.7	92.2
Pisd	86.1	81.7	81.4	98.9	96	95.6	95.9	92.8	92.5	79.6	92.5	92.2	118.8	117.1	117.6	120.7	120	120.7
Acat2	106.3	108.2	109.6	109.3	104.5	104.9	110.3	103.5	102.2	120.7	111.1	111.2	76.9	90.4	90.1	76.6	82.3	81.9
Tmem30a	97.6	99	97.6	101.9	106.3	103.7	138.6	129.2	129.9	103.3	97.8	98.7	61.7	72.3	71.3	96.8	95.4	98.7
Itm2c	112.8	151.6	153.6	110	105	104.5	104.3	103.3	102.8	100.1	75	74	80.1	80.1	80.6	92.8	84.9	84.5
Vps35l	90.3	101.8	100.5	98.5	94.1	94.7	109.6	104.3	105.3	106.4	90.5	90.6	106.9	108.2	110	88.3	101.1	98.8
Uba6	110.9	110.5	110.2	98.6	98.4	98.1	96.3	101.2	100.9	100.8	103	102.8	113	105.6	106.1	80.4	81.3	81.9
Cad	94.2	94.2	96.5	92.1	91	87.5	90.1	97.9	92.3	80.8	83.5	82.8	116.9	111.8	122.4	125.9	121.6	118.5
Clec2l	94.5	95	94.7	84.9	93.8	93.4	64.4	76.6	76.3	85.7	94.6	94.3	142.1	81.1	81.4	128.4	158.9	159.8
S100a16	71.6	42.4	42.2	81.6	96.8	96.4	92	75.1	74.8	86.9	100.5	100.2	170	206.3	207.1	97.9	78.9	79.3
Csnk1a1	110.2	109.5	109.1	82.9	80.7	80.4	89.7	85.2	84.9	74.5	81.7	81.5	92.1	105.3	105.7	150.6	137.7	138.4
Acads	90.3	600	NA	134.2	0	NA	83.7	0	NA	65.4	0	NA	117.6	0	NA	108.9	0	NA
Scarb2	131.3	139.1	138.7	112.4	117.4	117.1	96.1	97.2	96.9	66	63.5	63.3	114.1	106.2	106.8	80.1	76.7	77.2
Ankfy1	83.3	102.2	101.9	110.6	87.3	87	95.8	98.6	98.3	103.1	92.7	92.5	103.1	128.7	129.3	104.2	90.4	90.9
Pdia4	129.6	112	105.8	103.9	134.4	142.8	104.2	100.8	108.2	60.8	64	56	86.5	79.8	79.8	115	109	107.4
Celf2	134.1	128.7	128.4	100.2	115.8	115.5	107.2	106.1	105.9	93.7	84.3	84.2	107.6	96.1	96.6	57.3	68.8	69.3
Cyb5b	95.7	94.8	73.3	102.6	94.4	92.2	110.7	88.3	116.4	111.3	127.3	110.8	103.6	105	114.4	76.1	90.3	92.9
Grn	114.6	94	93.7	102.7	83.8	83.5	96.5	81.4	81.1	70.8	65.5	65.3	150.9	220.3	221.2	64.5	54.9	55.2
Gstt2	81.2	83.8	83.4	73.1	85.3	84.9	70.3	70.4	70.1	78.4	76.5	76.2	111	105.6	105.9	186	178.5	179.4
Crtc1	127.5	98	97.7	79	95.4	95.1	100	110.3	109.9	118.9	93.3	93.1	53.4	73.9	74.2	121.2	129.2	130
Msi2	73.8	91.8	91.5	89.6	80.2	80	105.2	99.5	99.2	88.8	87.7	87.5	132.5	138.6	139.2	110.2	102.1	102.7
Abi2	140.4	149.6	149.3	98.7	121.7	121.5	107.1	105.8	105.6	107.3	104	103.9	84	56.5	56.8	62.6	62.4	62.9
Atp5if1	74.4	79.8	118.4	162.9	94.7	119.7	65.6	98	112.7	85.4	112.7	85.1	110.6	124	94.6	101.3	90.8	69.5
Gpr37l1	85.9	102.5	101.9	70.9	77.4	77.2	121.3	123.7	123.3	61.4	59.9	59.8	49.3	44.7	44.8	211.2	191.8	193
Atat1	120.3	110.4	110.1	113.1	97.4	97.2	105.5	90.1	89.9	96.6	107.8	107.5	104	143.1	143.8	60.5	51.2	51.5
Nedd4	88.8	69.9	93.7	84.9	76.3	81.7	116.2	109.1	85.2	108.4	108.8	117.6	104	110.2	128.2	97.6	125.7	93.5
Lypla1	107.7	82.4	82.1	99.8	100.5	100.1	94.7	70.3	70.1	89.1	97.7	97.4	98.5	96.4	96.8	110.1	152.7	153.5
Arhgef33	45.9	12.6	12.5	29.7	6.9	6.8	20.9	4.6	4.6	35.1	19.4	19.1	18.4	0	0	450	556.4	557
Cp	83	47.8	65.2	50.5	29.3	23.5	76.1	87.5	88.7	50.4	44	28.9	198.1	227.4	236.5	141.9	164	157
Trnt1	94.1	NA	115.1	88.3	NA	124	74.6	NA	116.2	98.6	NA	89	112.2	NA	71.9	132.4	NA	83.8
Rexo2	107.8	100.5	100.2	79.9	112.9	112.6	88.3	102.3	102.1	135.8	114.7	114.5	105.7	89.9	90.4	82.5	79.7	80.2
Chga	81.6	89.9	89.6	71.7	82.6	82.3	86.5	82.5	82.2	75.4	67.7	67.5	226.9	221.8	222.6	57.9	55.5	55.8
Lztfl1	109.7	87.3	87	87.8	97.1	96.7	77.1	67.9	67.7	85.7	84	83.8	152.2	169	169.7	87.5	94.7	95.2
Braf	124.1	89.9	NA	98.3	102	NA	108.7	99.8	NA	118.2	116.4	NA	79.8	120.4	NA	71	71.4	NA
Lrrc4c	148.8	141.5	141.2	130.5	120.9	120.7	106.3	109.4	109.2	131.5	131.4	131.3	50.4	58.7	59.1	32.5	38.1	38.4
Fgf14	147	153	152.6	109.9	114.2	113.9	96.7	94.5	94.3	93.8	92.6	92.5	59.3	51.5	51.8	93.4	94.3	95
Them6	121.8	107.7	107.4	98.6	88.6	88.3	84.7	100.4	100.1	124.3	99.5	99.3	78.7	92.3	92.8	91.8	111.4	112.1
Plgrkt	78.1	86.7	87.4	85.2	96.6	96.5	77.8	78.8	78.7	110.6	104.7	104	160.8	157.6	157.9	87.6	75.6	75.5
Tiprl	112.3	100.6	101.1	126.8	96.4	95.4	101.8	109.5	112.2	100.7	114.3	109.1	91	104.7	100.9	67.4	74.6	81.2
Plcg1	115.1	85.6	94.1	98.6	112.9	125.8	96.1	84.8	84.6	134.2	112	110.5	81.3	98.5	76.7	74.7	106.1	108.4
Hars2	92.4	85.2	84.9	107.7	118.4	117.9	94.4	74.4	74.1	80.5	69.4	69.2	122	147.7	148.4	103.1	104.9	105.5
Tamm41	101.7	80.4	80.2	111.3	92.9	92.5	96.7	74.4	74.2	108.5	111.1	110.7	102.4	138.7	139.3	79.4	102.4	103
Lysmd1	108.3	122.6	122.3	133.8	118	117.7	88.8	94.3	94.1	134.4	122	121.8	77.8	80.2	80.7	56.9	63	63.4
Amer2	87.2	87.5	87.2	75.8	94.5	94.1	69.7	87.7	87.4	74	65.3	65.1	78	88	88.3	215.3	176.9	177.9
Map7d2	104.4	111	110.7	106.7	106.4	106.2	101.7	99.3	99	115.4	116.9	116.7	72.7	72.1	72.5	99.1	94.3	94.9
Tsc1	124.3	107.2	107	104.8	106.4	106.1	92.7	105.6	105.4	116.4	112.3	112.1	88	89.6	90	73.8	78.9	79.4
Ace	63.1	68.9	68.7	43.3	37.6	37.4	49.7	46.2	46.1	241.7	241.2	240.6	15.7	10.7	10.8	186.6	195.3	196.5
Pam	98.5	94.2	94.1	125.4	140.7	140.4	152.7	151.2	150.9	105.6	102.6	102.5	88.4	82.8	83.3	29.4	28.5	28.8
Abcf2	111.3	104	112.4	87.1	94.3	90	98.7	104.2	101.4	93.9	83.3	85	95.4	96.1	93.8	113.7	118	117.4
Sub1	135.6	0	0	92.8	0	0	67.8	0	0	119.7	0	0	91.6	600	600	92.5	0	0
Tmcc2	110.9	82.2	88.6	96.7	83.2	83.5	119.7	130.7	128.5	83.7	93.3	93.6	77.4	76.6	75.6	111.7	133.9	130.3
Endod1	96.8	91	90.8	114.1	105.8	105.4	98.3	94.1	93.9	99.3	115.4	115.2	86.7	91.1	91.6	104.8	102.5	103.2
Ndufb11	76.9	61.7	89	82.6	79	110	73.7	85.4	75.1	111.9	111.7	99.1	159.2	149.7	145.1	95.8	112.5	81.6
Rbbp9	87.5	81.3	87.2	109.2	91	89.5	68.6	77.8	72.6	88.2	110.9	113.4	140.4	137.3	136.3	106	101.7	101
Eif2s1	111.5	NA	102	88.1	NA	93.1	92.9	NA	101.4	97.6	NA	96.4	104.4	NA	96.3	105.5	NA	110.8
Stx8	128.6	122.1	121.7	118.6	110	109.7	90.5	105.5	105.2	68.7	77.6	77.4	91.8	91.3	91.8	101.8	93.6	94.2
Ergic1	157	156.8	156.4	117	113.1	112.8	114.1	92.1	91.8	78.6	56.7	56.6	27	70.7	71.1	106.3	110.5	111.2
Slc7a5	108.4	100.1	100.1	78.8	82	82.1	128.2	128.6	128.4	60.2	60.6	60.4	135.4	137.5	137.6	89	91.1	91.4
Gcsh	67.9	68.7	68.5	98.3	98.7	98.3	92.8	83.8	83.5	82.6	94	93.7	87.5	94.1	94.5	170.9	160.6	161.5
Alad	90.3	NA	37.1	109.5	NA	126.1	101.8	NA	115.3	94.7	NA	129	122.1	NA	93.6	81.6	NA	98.9
Plcd1	120.7	106.5	118.6	109.8	83.5	93.1	114.6	89.3	72.1	80.4	135.4	119.5	95.9	112.6	114.9	78.6	72.7	81.8
Ptp4a1	61.8	84.8	73	118.7	106.9	104.3	72.6	95.6	90.4	88	97.5	104.3	100.3	99.1	108	158.5	116	119.9
Pcp4	92	92.6	92.9	52.2	57.9	58.3	27.8	27.3	26.9	203.8	212.4	211.4	124.8	110.8	110.8	99.5	99.1	99.8
Armc8	131.8	170.7	NA	100.9	97.8	NA	108.6	112.7	NA	103.9	73.2	NA	86.2	72.6	NA	68.7	73.1	NA
Slc2a1	85.9	97.9	97.6	95.8	98.6	98.3	130	130.9	130.6	104.8	99.2	99	110.5	106.3	106.9	73	67.2	67.6
Ncl	70	81.5	81.1	56.1	65.8	65.5	60.6	64.3	64	63.7	73.8	73.5	143.6	133.3	133.7	206	181.4	182.2
Pecr	66.2	81.6	81.2	101.8	85	84.6	90.5	86.9	86.6	70	75.1	74.8	187.1	153.9	154.5	84.3	117.6	118.2
Synrg	107.6	109.7	109.4	93.3	99.3	99.1	87.2	103.1	102.8	120.7	109.3	109.1	107.2	87.6	88.1	84	90.9	91.5
Rgs17	144.1	160.2	159.9	119.1	135	134.7	92.5	79.9	79.8	113.8	115.4	115.3	65.7	72.1	72.5	64.8	37.5	37.8
Frrs1l	133.6	152.7	145.3	88.8	112.1	106.1	97.4	116.6	105.6	86.6	78.3	89.5	98.2	43.7	51.7	95.4	96.6	101.7
Lrrtm4	151	134	133.8	159.9	158.4	158.1	95.1	105.9	105.8	106.2	112.5	112.4	67	76	76.5	20.8	13.3	13.4
Cdipt	120.9	121.4	123.1	94.4	101	99	76.6	93.4	91.6	94.3	78.3	78.8	73.2	67.6	68.1	140.6	138.2	139.3
Wnk1	104.1	79.2	78.9	87.8	89.6	89.3	98.7	93.8	93.4	100.9	101.1	100.8	112.1	102.3	102.8	96.3	134	134.8
Serpine2	95.5	106.6	106.2	86.6	90.3	89.9	82	71.5	71.3	78.7	85.4	85.1	188.3	176.9	177.7	68.8	69.3	69.7
Taok1	108.1	NA	102.5	108.8	NA	84.2	105.8	NA	125.5	102.5	NA	110.5	94.5	NA	88	80.4	NA	89.3
Slc24a2	140.4	122.6	122.3	94	97.8	97.6	158.1	156	155.7	92.7	104.5	104.4	59.6	68.2	68.6	55.2	51	51.4
Trappc4	101.9	106.4	106.1	92.9	85.1	84.8	120.3	115.8	115.5	83.8	107.5	107.3	126.9	100.9	101.5	74.3	84.2	84.8
Ubxn6	97.1	126.7	126.4	98.8	101.5	101.2	96.2	96.2	96	114.9	128.7	128.5	98.2	78.6	79	94.9	68.3	68.8
Mtmr2	96.9	91.7	92.9	75.7	106	106.1	108.1	93.1	93.8	104.1	94.9	95.9	99.9	83.2	79.6	115.2	131.1	131.7
Ampd3	104.1	83.9	83.6	82.6	98.7	98.4	126.9	110.2	109.9	95.3	101.6	101.4	106.1	104.2	104.7	85	101.4	102
Asic1	113.5	135.4	NA	116.5	98.4	NA	62.8	83.1	NA	186.9	99.9	NA	43.7	102.7	NA	76.5	80.5	NA
Eif4e	118.7	112.1	111.7	95.5	110.1	109.8	84.8	90.3	90.1	100.4	90.3	90.1	108.2	107.4	107.9	92.5	89.9	90.4
Kpna3	0	77.5	77.2	0	103.7	103.4	0	116.4	116.1	0	99.8	99.6	0	95.5	96	0	107.1	107.8
Rps11	104.2	107.3	107.7	88.1	96.9	95.8	105.3	101.7	101.5	78.4	78	77.7	103.2	109.8	110.1	120.7	106.3	107.2
Nt5c2	87.1	30.4	30.3	82.5	108.6	108.2	112.3	111.1	110.7	106.5	110.3	110	105.4	135.9	136.5	106.2	103.7	104.3
Bcan	97.3	85.8	84.3	100.5	87.7	88.7	145	168.5	166.1	90.2	85.3	86.4	82	94.4	94.6	85	78.3	79.9
Rusf1	98.4	NA	107.3	98.8	NA	95.2	93.5	NA	97.9	102	NA	100.8	68.8	NA	81	138.5	NA	117.8
Eif3d	61.8	104.5	88.1	95.6	89.4	99.2	85	100.1	108.2	86.7	85.7	84	163.6	120	119.4	107.4	100.3	101.1
Timm22	92.6	100.1	99.8	109.2	103.9	103.6	112.7	96.7	96.4	107.1	99.8	99.6	102.6	116	116.6	75.8	83.5	84
Lgalsl	122.8	133.5	132.9	109.5	109.6	112.6	87.7	87.3	87.8	100.7	98.5	96.3	76.2	78.8	75.9	103.1	92.3	94.7
Mrps27	89.9	87.3	85.6	101.5	104.9	102	89.6	99	96.7	93.1	92.9	93.6	100	97.1	105.9	125.9	118.8	116.2
Kcnc3	60.3	63.6	63.2	41.3	51.3	51	48.9	54.6	54.3	33	30.7	30.5	24.7	20.1	20.1	391.8	379.6	380.8
Sst	167.9	164.1	164	162.1	157.3	157.2	129.9	130.7	130.6	92.6	96	96	34.7	39.4	39.6	12.8	12.5	12.6
Ctps2	82.9	82.4	82.8	98.3	123.1	131.3	88.8	87.9	87.7	112.3	105.9	87.9	114.8	87.2	83	102.9	113.5	127.3
C19h1orf198	63.9	77.4	NA	116.2	95.4	NA	124.1	130	NA	82.1	87.1	NA	96.6	93.8	NA	117.1	116.3	NA
Tmx2	111.8	134.5	133.8	97.4	100.6	100.4	90	86.9	86.7	80.4	77.5	77.4	86.6	79	79.4	133.8	121.5	122.3
Enpp5	89.8	120.3	120	108.9	110.4	110.1	80.8	91.6	91.4	135.3	111	110.8	100.1	91.4	91.8	85.1	75.4	75.9
Mrps23	82.2	86.2	85.9	99.4	89.6	89.3	85.6	82.8	82.5	89.6	83.8	83.5	121.1	137.3	137.9	122	120.2	120.8
Atcay	115.5	124.4	130.7	120.3	121.9	100.5	99.1	100.8	112	106.3	114.3	110.8	75.9	62.6	66.8	82.9	76.1	79.2
Kcnj16	24.1	18.1	18	37.6	0	0	47.1	59.7	59.3	53.2	38.7	38.5	301.6	351.3	351.6	136.4	132.3	132.6
Ap3s1	111.6	134.6	134.3	96.5	87.8	87.6	112.9	100.7	100.5	114.6	114	113.8	92.1	92.4	92.9	72.4	70.4	70.9
Pdzd8	121.3	111.5	111.2	110.2	109.4	109.1	85.1	85.2	85	97.9	104	103.7	85.4	87.9	88.3	100.1	102.1	102.7
Als2	36.6	15.9	15.8	53.5	68.5	68.1	63.8	76.2	75.7	53.6	49	48.7	43.2	68.2	68.4	349.3	322.2	323.3
Pfdn1	106.1	102.4	112.1	100.9	84.2	76.6	91.5	76.9	98.9	98.5	102.8	113.8	117.6	148.2	120.4	85.4	85.4	78.2
Pgap1	169.5	157.7	157.4	124.4	123.5	123.2	96	91.2	91	73.7	75	74.9	77.3	83.4	83.9	59	69.2	69.7
Trappc6b	111.3	92.1	91.8	99.8	90.2	89.9	108.5	89.4	89.1	95.2	112.2	111.9	104.5	89.1	89.5	80.7	127	127.8
Arhgef11	63	87.4	87.1	84.8	85.8	85.4	112	89.7	89.4	84.2	82.1	81.9	130.7	117.3	117.8	125.3	137.6	138.4
Eml1	122.7	104	103.7	79	100.3	100	72.4	72.1	71.9	122.2	127.6	127.3	80.4	78.8	79.2	123.4	117.2	117.9
Agpat5	80.2	NA	63.2	81.4	NA	83.9	84.8	NA	85.7	93.1	NA	101.5	120.1	NA	114.9	140.3	NA	150.8
Car4	75.2	62	61.6	82.3	83.2	82.7	68.3	55.1	54.8	52.2	19.4	19.3	40.7	11.3	11.3	281.3	369	370.3
Emc3	118.1	137.3	136.9	101.1	100	99.7	118.2	105.5	105.2	68.8	69	68.9	87.6	72.9	73.3	106.2	115.3	116.1
Slc6a3	70.2	66.6	66.6	19.9	18.7	18.7	0	0.9	0.9	498.6	509.1	509.1	3.4	1.5	1.5	7.9	3.2	3.2
Bri3bp	160.2	206.1	205.7	113.6	89.1	88.9	147.8	88.2	88	51	60	59.9	50.8	52.2	52.5	76.6	104.3	105
Plbd2	88.1	107.6	107.3	110.7	108.5	108.2	87.5	103.9	103.7	91	97.6	97.4	138.9	95.7	96.2	83.8	86.6	87.2
Tbrg4	88.3	92.4	92.1	93.1	103.6	103.2	84.6	79.8	79.6	86.8	94	93.8	120.5	118.5	119	126.7	111.7	112.3
Gatd1	123.4	109.1	108.8	110.6	105	104.7	87.8	94.1	93.9	93.9	98.9	98.6	96.1	100.3	100.8	88	92.6	93.2
Adam17	78.7	NA	57.4	76.6	NA	63.1	117.3	NA	98.9	64.8	NA	65.7	103.5	NA	140.3	159.2	NA	174.7
Grm8	112.3	146.6	146.4	111.9	109.2	109	106.8	93.1	93	148.8	142.5	142.3	76.8	72.3	72.8	43.5	36.3	36.6
Rilpl1	153.4	176	175.6	128.3	125	124.8	95.9	96.7	96.6	82.5	79.9	79.8	76.2	66.2	66.5	63.7	56.2	56.6
Mdp1	85.4	123.2	121.5	96.9	111.1	110.8	78.3	93.9	96	126.6	106	104.9	120.2	83.3	84.3	92.6	82.6	82.4
Coq8a	100.7	71.5	71.2	100.1	91.6	91.3	75.2	77.7	77.4	120.5	108.7	108.4	89.1	77.9	78.2	114.5	172.6	173.5
Ddc	55.7	114.5	114.3	79.9	48.7	48.6	57.2	47.1	47.1	250.5	292.1	291.8	100.3	61.1	61.5	56.3	36.5	36.8
Rpl34	130.9	135.9	137.2	89.1	93.7	96.5	99	93.9	97.2	64.7	64.4	63.5	105.7	108.7	100.8	110.5	103.3	104.7
Dnajb11	147.4	138.8	139.5	112.9	113.8	115	115.8	109.8	113.5	62.6	68.1	67.2	70.7	76.9	73.9	90.6	92.6	91
Grm4	55.8	93.8	93.4	66.4	69	68.7	55.2	74.1	73.8	96.8	81.9	81.6	70	59.2	59.4	255.8	222	223.1
Fus	99.6	95.9	95.5	68.1	71	70.7	61.9	67.3	67	79.6	84.2	83.9	156.7	147.1	147.7	134	134.5	135.2
Rheb	120.5	115.4	115.1	107.6	110.3	110	102.1	100.9	100.6	106.6	105.2	105	81.6	84.6	85	81.5	83.7	84.3
Ptges3	95.1	108.5	108.2	95.5	98.4	98.1	99.7	92.4	92.1	106.3	106.6	106.4	110.1	111.1	111.7	93.3	82.9	83.5
Cyth2	120.4	128.9	128.6	113.7	111	110.7	74.6	89.2	89	104.7	92.8	92.6	98.5	90.6	91	88.2	87.5	88.1
Dmac2l	88.9	85.2	78.6	100.4	104	104	92.5	95.8	91.7	103.4	106.4	112.1	92.5	80.8	86.8	122.4	127.8	126.7
Bag6	104.5	94.6	89.9	91.5	100.2	97.9	96.6	92.5	93.8	117	93.6	93.8	91.3	104.7	105.9	99.1	114.4	118.8
Plaa	130.1	91.5	91.2	101.8	89.3	89	109.3	89.8	89.6	110.3	119.2	118.9	83.8	117.9	118.4	64.8	92.3	92.9
Gcdh	90.7	100.8	100.5	100.3	107.5	107.2	97.4	98.6	98.3	100.9	95.2	95	102.5	105.7	106.3	108.2	92.1	92.7
Spcs2	77.3	79.6	79.3	109.5	66.5	66.2	110.3	92.2	91.9	85.5	93.3	93	91.1	153.9	154.5	126.4	114.6	115.2
Stk11	59.1	93.2	103.2	95.3	97.7	96.5	95.2	120.5	108.9	150.3	92.2	94	0	75	72.5	200.1	121.4	125
Lrrtm3	147.1	127.9	127.6	145.3	159.2	158.8	65.9	49.1	49	151	132.9	132.8	58.5	75.5	75.9	32.2	55.5	55.9
Ankmy2	105.4	96.9	96.6	94.5	97.1	96.9	100	105.9	105.7	113.1	111.7	111.5	104.1	111.7	112.2	82.8	76.6	77.1
Pklr	0	90.2	90	0	100.8	100.5	0	77.8	77.5	0	130.5	130.2	0	101.5	102	0	99.3	99.9
Ubl4a	98.3	115.8	115.4	93.8	94	93.7	97.5	91.1	90.8	112	87	86.8	94.2	108.5	109	104.2	103.7	104.3
Atg9a	59.5	117.1	116.8	112.2	90.4	90.1	103.9	87.6	87.4	147.9	111.1	110.9	95.6	91.8	92.2	80.8	102	102.7
Slc7a2	108.2	87.7	95.3	69.7	83.9	80.7	85.9	95.1	83.1	59.1	70.1	62.1	185.9	167.3	180.2	91.2	95.8	98.5
Ube2k	103.1	49.1	49	95.8	81.2	80.9	103.9	97	96.6	105.8	118.5	118.1	105.4	151.3	151.9	85.9	102.9	103.4
Ube2i	105.2	96.1	95.7	88.3	89.8	89.5	81.7	92.4	92.1	83.4	84.6	84.4	126.3	127.3	127.8	115.1	109.8	110.5
Ipo4	110	105	104.7	110.2	100	99.7	105.5	100.3	100.1	102.8	104.9	104.7	96.4	106	106.6	75.1	83.7	84.2
P33monox	78.8	84.3	84	101.5	95.8	95.5	90.7	92.9	92.6	82.2	80.3	80.1	135.4	137.3	137.9	111.4	109.3	110
Trim28	62.6	92.4	92	37.2	53.9	53.7	49.9	67.7	67.4	77.6	79.2	78.9	165.8	144.9	145.4	206.9	161.8	162.6
Mavs	74.6	82.7	99.1	94.1	82.7	78	69.3	77.3	91.1	88.7	89.4	109.8	147.4	148	102.3	125.9	120	119.7
Syt11	124.6	106.8	117.5	110.5	131.9	113.2	113.3	139.1	120.9	100.1	83	92.2	85.3	80.1	80.7	66.2	59.1	75.6
Pex14	128.2	110.7	110.4	108.2	99.1	98.8	87.9	89.7	89.4	87	95.7	95.5	84.8	89.9	90.3	104	114.9	115.6
Crtac1	112	91.3	91.1	114.7	118.1	117.8	133.7	98.2	98	72.9	106	105.8	127.7	100.7	101.2	39.1	85.5	86.1
Ranbp1	105.8	111.9	111.6	106.4	104.4	104.1	94.5	102	101.8	101.5	102.1	101.9	122.8	104.3	104.8	69	75.2	75.7
Ccsap	100.9	100	99.7	95.3	93.3	93	91	97.9	97.6	103.4	104.8	104.6	105.2	99.5	100	104.2	104.4	105
Mvp	93.7	70.7	70.3	72.4	46.6	46.4	84	74.6	74.2	68.3	69.7	69.4	151.4	201	201.6	130.1	137.5	138.1
Kcnd3	68.8	89.7	89.4	93.6	107.4	107	120.6	136.7	136.3	61.8	50.7	50.5	108.4	83.8	84.2	146.8	131.8	132.6
Dennd10	101.1	NA	109.7	104.9	NA	97.1	113.6	NA	125	89.3	NA	75.1	107.3	NA	96	83.9	NA	97
Pdp1	101.7	36.6	36.5	97.8	86.7	86.4	95	107.7	107.4	122.3	157.4	157	96.5	133.9	134.6	86.6	77.7	78.2
Macrod1	86.5	57.3	57	109.9	84.3	83.9	71	62.2	61.9	73.9	75.8	75.5	119.7	159.1	159.6	139.1	161.3	162
Ap3s2	104.9	116.8	116.5	99.9	96.8	96.5	84.5	82.1	81.9	107.8	104.4	104.2	112.7	119.8	120.4	90.1	79.9	80.4
Igsf21	157.9	138	137.6	119.7	132.9	132.5	37.7	44.1	44	75.8	75.5	75.3	125.2	119.6	120.1	83.6	89.9	90.5
Gnpda1	114.3	94.8	128.8	100	109.2	99.7	102.3	97.9	101.2	111.3	114	103.7	100.1	112.2	97.1	72	71.9	69.5
Nrdc	99.9	109.8	109.5	94.4	99.5	99.2	98.4	109.9	109.6	86.8	76.2	76	130.1	128.6	129.2	90.4	76	76.5
Pir	100.9	73.3	73	95	114.8	114.4	111.4	96.4	96.1	100	92.4	92.2	118.2	148.9	149.6	74.5	74.2	74.7
Dgkg	54.4	42.3	42.2	69	65.1	64.9	247.8	251.8	251	25.5	17.7	17.6	76.1	78.4	78.8	127.1	144.6	145.5
Agap1	86.8	101.1	100.8	90.9	92.1	91.8	81.6	112.4	112.1	114.7	111.7	111.4	92.7	85.2	85.6	133.3	97.6	98.3
Tomm22	79.6	76.7	76.4	104.3	103.3	103	97.1	96	95.7	104.5	105.4	105.1	114.5	114.5	115	100	104.2	104.8
Mrps26	64.6	84.8	84.5	83.9	93.3	93	77.4	92	91.7	89.6	96.8	96.6	121.3	113.4	113.9	163.2	119.6	120.3
Jakmip1	120.6	128.7	128.5	120.4	117	116.8	101.5	91.6	91.5	111.3	151.2	151.1	74	111.5	112.2	72.2	0	0
Mtfp1	96.7	42.5	42.3	139.3	185.6	185.1	96.8	105.9	105.7	72.5	97.1	96.9	92.7	104.1	104.7	101.9	64.8	65.3
Clint1	117.2	105.5	87.7	94.5	97.9	104.5	89.7	101.6	99.8	112	98.2	101	113.8	117.9	132	72.9	78.8	75
Manf	110.4	112.3	109.4	106	91.8	91.3	100.6	98.9	101.9	76	85.5	84.9	94	93.8	94.1	113.1	117.7	118.5
Apc	101.7	99.7	100.1	86.7	86	87.1	103.4	98.9	97.3	85.3	92.1	88.7	127.3	132.1	136.3	95.6	91	90.4
Epdr1	145.6	136.7	136.4	106.7	105.9	105.6	96.7	85.4	85.2	88.6	102.5	102.3	71.5	76.7	77.1	90.9	92.8	93.4
Nkiras1	145.6	149.8	149.5	99.6	124.9	124.6	101.7	51.5	51.4	115.4	114.3	114.1	65.6	73.2	73.6	72	86.3	86.9
Map7d1	143.8	110.7	111.7	100.1	91.4	90.1	97.7	83.3	83	85	90.9	90	82.4	109.1	107.6	91.1	114.6	117.7
Czib	119.2	119.4	119.1	101.1	117.4	117.1	92.9	85.5	85.3	106	108.1	107.9	105.5	100.1	100.6	75.3	69.6	70
Ndufaf2	81.2	78.9	79.3	96.4	87.1	86.3	92.7	96	97	110.1	111.8	112.5	115.5	121.8	120.9	104	104.3	104.1
Macroh2a2	55.6	69.5	69.1	30.6	43.7	43.4	22.2	39.5	39.3	58	61.4	61.1	117.1	111.3	111.5	316.7	274.7	275.6
Rangap1	139.9	119	118.7	100.4	96.6	96.3	109.8	98	97.8	93.3	98.5	98.3	82.1	105	105.6	74.5	82.8	83.4
Adrm1	113.4	113.5	113.1	100.2	113.3	113	96.2	64	63.8	94.1	113	112.7	105	104.5	105	91.1	91.7	92.3
Sparcl1	84.9	93.5	93.2	107.2	109.2	108.8	98.5	92.8	92.5	117.4	54.8	54.6	74.1	86.5	86.8	118	163.2	164.1
Pdap1	109.6	103.1	102.8	92.8	104.1	103.8	97.6	93.5	93.3	91.4	93.2	93	143.5	131.9	132.5	65.2	74.2	74.6
Slc23a2	129.1	98.8	98.5	87.9	117.3	117	107.7	122.3	122	61.1	61.5	61.4	116.6	108	108.5	97.6	92.1	92.6
Dctn5	91.8	107.2	106.9	100.4	95.3	95	99.3	100.8	100.6	100.5	99	98.8	118.7	112.5	113.1	89.3	85.2	85.8
Rasa1	127.1	99	98.7	108.4	106.2	105.9	85.5	92.7	92.4	100.6	97.6	97.4	109.6	120.5	121	68.8	84.1	84.6
Poldip2	102.8	92.8	94	103.8	102.1	102.4	98.2	96	97.3	76.5	81.4	80.9	101.2	109.1	103.3	117.4	118.7	122
Vangl2	0	77.9	77.6	100.8	72.2	72	198.1	154.9	154.4	66.2	45.6	45.5	128.1	167.5	168.2	106.8	81.8	82.3
Chmp4bl1	117.8	121.7	124	101	91.3	91.9	108	96.9	105.3	116.4	108.4	107.4	77.1	99.9	86.5	79.7	81.7	84.8
Eif3i	86.1	107.8	107.4	88.4	75.4	75.2	102.2	114.5	114.1	82.5	68.5	68.3	127.3	124.3	124.8	113.5	109.6	110.2
Psmd8	105.6	104.8	104.5	94.1	99.1	98.8	84.8	99.8	99.5	94.6	97.2	97	119.3	121.1	121.7	101.6	78	78.5
Tusc3	153.9	114.8	114.5	116.4	106.6	106.3	94.9	111.6	111.3	68.3	79.4	79.2	30.9	80.7	81.1	135.6	107	107.7
Prkg2	123.2	150.6	160	117.5	152.5	152	60.8	62.1	62.5	87.7	83.1	78.9	62.8	104.5	97.2	147.9	47.2	49.4
Adcy3	115.9	111.8	111.5	95.8	95	94.8	118.3	115.5	115.3	143.1	150.1	149.9	72	76.4	76.8	54.8	51.3	51.7
Cbln1	57.2	NA	40	40.7	NA	44.1	32.9	NA	37.2	52.9	NA	49.3	40.4	NA	48.2	376	NA	381.2
Rab11fip2	135.6	135.9	119.2	104.7	107.5	107.1	117	87.7	82.2	94.8	104.1	113.3	74.5	72.5	76.1	73.4	92.3	102
Spire1	117.1	95.5	95.3	100.9	98.8	98.5	109.9	113.2	112.9	90.2	90.5	90.3	83.3	93.7	94.2	98.6	108.2	108.8
Etf1	120.8	116.1	105.7	111.7	81.5	84.6	108.9	93.6	95.9	82.7	85.4	89.5	81.9	120.2	117.8	94	103.3	106.5
Hnrnpa1	0	57.9	57.6	0	70.5	70.2	0	71.1	70.7	123.6	61.9	61.7	186.6	136.9	137.3	289.8	201.7	202.5
Pars2	106.9	44.4	44.3	94	109.2	108.8	94.7	98.7	98.4	113.4	131.9	131.6	74.3	99	99.4	116.7	116.8	117.5
Tubgcp2	99.8	86.3	79.1	102.3	107.4	108.6	121.1	81.7	85.7	97.2	103.5	98.6	103.9	126.1	161.7	75.7	95	66.3
Atp8a2	82.9	115.6	151.8	135.9	112.4	135.7	100.1	116.5	101.7	108.8	77.8	70.4	91.6	96.2	87.1	80.7	81.6	53.1
Blvra	101.2	109.6	109.3	109.8	113.2	112.8	137.4	109.3	109.1	55.7	79.2	79	128.7	101.3	101.8	67.2	87.5	88
Cox7c	81.7	67.4	66.9	86.7	99.3	98.6	64.5	86.4	85.9	99.3	114.2	114.5	164.1	121.9	122.9	103.7	110.7	111.3
Map6d1	0	97.1	87.7	111	91.9	88.9	165.7	103.1	107.3	80.4	78.6	83.5	98.5	98.6	91.8	144.4	130.7	140.8
Fahd1	89.2	104.3	103.9	89.8	99.6	99.3	91.8	87.5	87.2	111.7	91.8	91.5	98	97.4	97.9	119.5	119.5	120.2
Tardbp	98.8	131.9	131.5	84.4	104.9	104.6	93.4	91.8	91.6	79.6	83.7	83.5	87.3	0	0	156.6	187.6	188.8
Coq5	75.2	71.1	70.8	87.3	88.4	88	90.7	88.1	87.7	105.1	89.4	89.2	103.3	119.7	120.2	138.4	143.4	144.1
Pitpnm2	124.9	114.9	114.7	129.9	120.1	119.8	106.5	103.7	103.4	96.5	103.5	103.4	103.3	111.8	112.4	38.9	46	46.3
Mrps7	78.7	77	76.7	93.8	90.5	90.1	79.9	79.7	79.4	90.5	101.9	101.6	120.9	123.2	123.7	136.2	127.7	128.4
Upf1	76.8	92.3	90.5	99.8	96.9	95.7	88.7	111.4	112.1	103.8	91.2	92	118.3	105.5	106.9	112.6	102.6	102.8
Dpp7	106.9	101.6	95.7	86	90.7	93.1	73.1	74.6	73.4	89.5	96.6	97.1	114.7	114.9	113.9	129.9	121.6	126.9
Cdc42ep1	55.4	NA	63.8	58.8	NA	76.8	33.1	NA	48.1	61.9	NA	83.1	57	NA	48.7	333.8	NA	279.5
Mmgt1	150.7	NA	134.9	113.2	NA	96.8	106.3	NA	87.3	58.4	NA	69.9	64.5	NA	68.6	106.9	NA	142.5
Ide	97.9	72.3	72	69.5	64.6	64.3	77.9	75.5	75.2	90.1	81.2	80.9	142.8	170.3	170.9	121.8	136.1	136.8
Rpl5	86.2	114.7	114.3	88.9	95.3	95	97.2	86.4	86.1	73.7	73.2	73	131.6	125.4	126	122.3	105	105.6
Mul1	85.6	85.2	84.9	96.1	101.9	101.5	85.2	82.5	82.3	105.1	110	109.7	119.4	120.6	121.1	108.6	99.8	100.4
Abcb9	123.1	112.9	NA	100.2	105.5	NA	74.8	79.2	NA	125.1	115.3	NA	69.4	85	NA	107.3	102.2	NA
Gpt	106.3	NA	80.8	96.2	NA	134.8	103	NA	78.3	88.4	NA	78.1	79.7	NA	100.3	126.3	NA	127.7
Faf2	96.5	94.8	94.5	95.7	92.8	92.4	89.3	92.3	92	90.6	91	90.8	114.1	114.7	115.2	113.6	114.4	115.1
Carmil1	98.3	NA	89.8	66.3	NA	87.9	94.7	NA	70.7	88.7	NA	69.9	128.8	NA	146.3	123.2	NA	135.4
Mat2b	121.4	156.6	156.3	103.8	101.7	101.5	64.6	79	78.8	127.8	97.4	97.3	95.6	109.3	109.9	86.8	55.8	56.2
Clpx	89.2	97.3	97	97.4	105.3	104.9	82.5	83.3	83	71.8	81.4	81.2	124.6	108.9	109.4	134.5	123.7	124.5
Lars1	122.4	124.7	284.7	94.9	94	111.1	103.2	95.5	0	69.9	101.9	204.3	112.7	109.9	0	96.9	74	0
Ndufb3	60.5	78	77.7	76.6	89.3	89	82.9	79.7	79.5	113.6	102.3	102	159.8	156.1	156.7	106.7	94.5	95.1
Hnrnpd	64.8	62.6	62.3	59.5	59.3	59	61.2	47	46.8	76.8	73	72.6	145.7	133.3	133.7	191.9	224.8	225.7
Pcbd2	94.7	90.9	100	94.4	87.7	96.9	82.7	74.3	78.4	100.7	117.5	124.6	109	118.5	102.5	118.5	110.9	97.6
Mertk	114.9	118.8	118.4	98.7	100	99.7	118.7	115.5	115.2	64.6	70.9	70.7	75.1	76	76.4	127.9	118.7	119.5
Copz1	93.8	100.6	100.2	101.8	85.7	85.4	92.1	90.2	89.9	105	78.6	78.4	114.8	130.3	130.8	92.4	114.6	115.3
Scpep1	108.9	101.2	100.8	88.1	85.1	84.8	68.4	62.8	62.6	95.3	101.3	101	129.4	145.2	145.8	110	104.5	105.1
Acot13	94.5	97.4	97.1	108.5	118	117.7	108.8	118.3	118	88.9	87.7	87.5	103	81.2	81.6	96.3	97.5	98.1
Sdk2	154.3	158.4	153.8	149.9	148.1	149.6	104.8	98.6	96.2	77.7	88.7	87.7	92	83.6	88.9	21.3	22.5	23.9
Mast3	136.8	133.8	133.6	98.3	102.9	102.7	111	106.5	106.3	174.5	149.2	149.1	53.2	61.9	62.3	26.2	45.7	46
Cc2d1a	118.7	22.4	22.3	106.4	142.4	142	103.7	130.7	130.3	91.4	114.9	114.6	99.2	105.5	106	80.6	84.2	84.7
Fmn2	133.5	107.8	107.5	115.3	101.1	100.8	114.4	113.4	113.2	90.9	99.3	99.1	69.3	83.8	84.2	76.5	94.6	95.3
Gtpbp1	96.4	88.7	88.4	90	95.3	94.9	77.1	71.3	71.1	108.1	100.7	100.4	111.1	124.5	125	117.4	119.5	120.2
Mon2	99.5	115	114.6	92.7	102.7	102.4	89.9	95.8	95.5	94.9	91.8	91.6	98.2	85.3	85.7	124.7	109.5	110.2
Bcr	102.9	107.2	107	104.2	103.2	103	101.5	107.6	107.4	170.4	162.4	162.2	70.8	73.4	73.8	50.2	46.3	46.6
Aimp1	85.3	130.4	130	87.5	112.8	112.5	107	68.4	68.2	81.9	75.8	75.6	120.5	99.3	99.8	117.8	113.3	114
Fbxo6	99.4	NA	117.6	102.8	NA	98.1	106.9	NA	111.3	96	NA	83.7	81.5	NA	86.5	113.3	NA	102.8
Ptpn9	105.2	85.2	85	94.8	108.8	108.6	124.5	131.7	131.5	124.4	127.5	127.3	93.7	97.5	98	57.6	49.3	49.6
Cnnm1	110.7	103.2	104.3	86.1	97.8	97.4	109.3	95.7	93.8	96	91.3	90.7	68.4	79.8	81.2	129.6	132.2	132.7
Nrp1	72	67.6	67.4	63.7	67.1	66.9	257.5	267.7	267.1	42.3	36.4	36.4	123.9	140.6	141.4	40.6	20.6	20.8
Cpm	81.3	74.3	74.1	106.3	114.6	114.3	124	116.8	116.6	118.2	126	125.7	65.8	71.8	72.2	104.4	96.4	97.1
Usp14	103.9	115.1	114.8	107.4	108	107.7	131.6	80.7	80.5	93.4	118.6	118.4	68	111	111.5	95.7	66.6	67.1
Slc16a1	101.2	95	94.6	89.9	88.8	88.5	92.2	88.3	88	84.7	81.4	81.2	109.1	127.9	128.4	123	118.6	119.3
Emb	125.1	107.3	99	101.4	102.2	89.9	116.8	109	105.7	71.8	93.6	83.2	88.8	88.9	124.4	96.2	99	97.7
Copg2	100.6	108.6	108.3	85.1	168.1	167.7	89.2	44	43.9	88.4	123	122.8	129.7	82.3	82.8	107	74.1	74.6
Tsfm	99.4	94.7	96.3	106.8	109.6	106.5	88.6	87.2	79.4	92	96.9	94.8	101.5	106.6	117.8	111.6	105	105.3
Dtd1	105.2	113.3	129.2	131.6	118.6	96.5	111.2	102.7	87.9	107.7	113.8	107.6	78.5	69.2	90.3	65.9	82.4	88.7
Ptpn5	77.9	81.5	81.5	91.8	77.4	77.3	66.8	56.5	56.4	275	357.5	357.5	43.2	17.9	18	45.3	9.1	9.2
Ajap1	0	127	126.6	0	46.3	46.2	0	93	92.7	600	102.3	102	0	155.4	156.1	0	76	76.4
Slc27a4	73.1	78.7	85.2	95.8	123.6	119.1	84.1	80.3	79.4	106.8	94.3	90.4	93	91.6	95.3	147.2	131.4	130.5
Prpf19	95.1	86.7	86.4	84.2	74.3	74	93.9	86.5	86.1	76.9	81.3	81	88.5	95.2	95.6	161.4	176	176.9
Camsap3	136.8	114.7	117.2	109.1	111.6	107.2	99.3	105.6	109	94.7	92.2	85.9	81	88.5	92.3	79.1	87.5	88.5
Ufsp2	97.1	106.1	NA	77.9	97.2	NA	103.6	128.1	NA	79.8	82.6	NA	91.3	82.7	NA	150.3	103.3	NA
Api5	83.3	40.9	40.6	90.8	0	0	79.9	34.7	34.5	97.8	100.8	100.2	121.7	155.3	155.6	126.5	268.3	269.1
Aqp4	68.6	68.1	60.9	55	62	48.8	129.2	122.1	126.7	69.1	62.5	47	89.6	104.9	124.9	188.5	180.5	191.6
Mrpl3	90.2	77.7	77.5	98.4	90.7	90.4	75.7	78.8	78.5	94.4	97	96.7	136.7	148.1	148.7	104.6	107.6	108.2
Gabra4	122	99	98.8	101.9	120	119.7	114.7	107	106.8	160.1	111	110.8	67.7	100.9	101.4	33.6	62.2	62.6
Golga3	113.2	118.8	118.5	103.5	123	122.7	116.3	109	108.8	90.2	86.4	86.2	101.6	80.8	81.2	75.3	82	82.6
Clns1a	94.9	65.1	64.8	92.9	81.2	80.8	92.1	95.2	94.9	101.4	91.8	91.5	121.6	144.3	144.9	97.3	122.4	123.1
Slc7a11	98.3	110.9	110.6	118.8	97.1	96.8	166.9	177.6	177.3	62	70.4	70.3	104.8	91.8	92.3	49.2	52.2	52.5
Ostf1	95.6	122.5	122.2	87.9	96.8	96.6	86.3	116.8	116.5	104.9	89.1	88.9	135.4	118	118.6	89.9	56.8	57.2
Fibp	120	76.6	50.1	108.7	93	118.6	116.1	101	112.3	98.3	83.9	134.1	84.3	100.4	88.2	72.5	145.1	96.7
H1-1	32.4	38.8	38.5	15.2	17.2	17.1	10.2	9.9	9.8	23.9	27.2	27	127.8	122.8	122.8	390.4	384.1	384.8
Mmab	105.6	129.5	129.2	113.8	105.2	104.9	77.3	104.7	104.5	96	102.9	102.7	96.4	107.2	107.8	110.8	50.5	50.8
Mpc1	72.4	67.9	66.5	91.9	82.1	81.7	88.4	78.5	78.1	101.6	96.9	97	127.2	154.6	156.3	118.6	120	120.4
Ndufaf3	91.7	87.8	88.3	105.2	93.4	91.3	99.1	88.9	90.6	96.9	106.6	105.5	107	119.8	122.1	100.1	103.6	102.2
Timm8b	97	99.1	98.8	111.7	104.2	103.9	96.3	87.2	86.9	102.2	105.7	105.4	99.9	94.6	95	92.9	109.2	109.9
Trappc2	91	NA	108.7	108.4	NA	94.9	120.6	NA	124.9	95.7	NA	97.3	104.4	NA	96	79.9	NA	78.2
Sntb2	50	84	83.7	72.7	87.5	87.1	81.1	82.7	82.4	112	110.2	109.9	156	123	123.6	128.2	112.5	113.2
Araf	84.8	NA	84.1	119.2	NA	88.3	102.5	NA	112.2	142.9	NA	109.6	65.3	NA	115.7	85.2	NA	90.2
Cmtm5	76.8	81.9	81.7	95	94.4	94.1	104.5	108	107.7	102.2	100.8	100.6	71.2	74.9	75.2	150.2	139.9	140.8
Chmp3	120.3	116.7	116.5	107	102.8	102.5	100.5	103.5	103.2	113.3	114.5	114.3	91.4	84.3	84.8	67.5	78.2	78.7
Tomm20	93.9	100	99.8	106.6	114.2	113.9	105	94.3	94.1	115.5	115.5	115.3	80.3	82.8	83.2	98.7	93.1	93.8
Cd34	216	265.2	265.2	251.3	212.4	212.3	45.8	57.8	57.8	72.6	64.6	64.6	8.4	0	0	5.8	0	0
Ttll12	109.2	118.8	126.6	88.1	73.9	67.3	74.9	77.2	85	87.9	87.5	91.3	135.4	150.3	143	104.6	92.3	86.7
Rps10l6	62.6	NA	55.4	85.6	NA	98.5	71	NA	90.6	82.3	NA	100	190.3	NA	140.4	108.2	NA	115
Nptx1	131.3	127.7	129.9	111.7	111.7	108.4	187	193	198.3	47.2	44.9	43.3	46	50.2	49.2	76.8	72.6	70.9
Hyi	86.6	NA	242.4	84.7	NA	0	80.4	NA	0	143.2	NA	357.6	106.7	NA	0	98.5	NA	0
Coa3	98.4	NA	88.1	95.5	NA	84.3	77.4	NA	69.2	75.1	NA	71.2	147.7	NA	183.1	105.9	NA	104.2
Tmx1	122.4	137.7	137.3	99.2	104.9	104.6	93.4	95.8	95.6	81.9	81	80.9	82.1	74	74.4	121	106.5	107.2
Spryd4	70.9	75.5	71.4	104.6	102.4	106.6	107	102.6	101.7	111.9	108	111.7	111.6	115	111.1	94.1	96.5	97.5
Bmerb1	117.1	113.9	113.8	110.9	125.4	125.2	121.3	156.9	156.7	98.9	100.7	100.6	99.1	72.7	73.1	52.7	30.4	30.6
Tm9sf3	133.7	156	155.6	102.9	105.6	105.3	132.5	101.7	101.5	49.2	61.2	61.1	70.1	78	78.4	111.6	97.5	98.2
S1pr1	76.5	NA	88.7	72.9	NA	76.6	110.9	NA	100.2	69.8	NA	83.2	73.3	NA	87.7	196.6	NA	163.6
Rgs8	55.6	55.5	54.6	30.1	27.9	27.7	26.8	24.8	24.4	206.3	205.1	203.6	8.1	10.3	11.4	273.1	276.4	278.3
Ncstn	102.2	71	70.7	97.5	78.8	78.5	100.2	98.4	98	107.8	79.7	79.4	103.1	136.4	137	89.1	135.6	136.3
Cacng2	117.9	92.3	92	100.1	75.3	75	83	90.6	90.3	53.2	69.3	69	51.7	58.8	59	194.2	213.7	214.8
Dnajc19	100.3	74.9	74.6	107.3	91.9	91.6	93.9	85.4	85.1	110.8	122.9	122.5	104.5	140.3	140.9	83.2	84.7	85.2
Atl3	118.1	112.3	111.9	94.1	71.4	71.1	97.8	76.6	76.3	110	100.9	100.6	93.8	135	135.6	86.3	103.8	104.4
Tm9sf4	143.1	125.3	125	111.6	131.9	131.5	102.7	116.7	116.4	43.9	51.2	51.1	71	54.6	54.9	127.7	120.3	121.1
Mtfr1l	40.3	NA	101.7	89.8	NA	109.4	114.5	NA	100.6	115.7	NA	83.4	154.7	NA	113	85	NA	91.9
Gga1	108.3	97.8	97.5	108.7	95.9	95.6	88.7	88.2	88	119.8	119.5	119.3	84.5	105.7	106.2	90.1	92.8	93.4
Cnot1	93.2	128.1	127.7	86.6	92.9	92.6	113.3	86	85.7	88.6	83.2	83	105.4	101.9	102.3	112.9	107.9	108.5
Gbe1	141	123.8	123.5	80.4	108.5	108.2	67.1	71.1	70.9	112.6	137.3	137.1	136.9	118.9	119.6	61.9	40.4	40.7
Ppp1r2	107.9	105.9	101	88.3	86.3	87.7	84	80.6	86	169.1	161.9	162.9	91.3	103.3	99.7	59.5	62	62.7
Ptprn	86.4	NA	149.5	81.4	NA	108	170.1	NA	119.8	139.9	NA	74.1	101.8	NA	69.2	20.4	NA	79.5
Rab24	85.6	72	71.7	98.7	99	98.6	90.6	84.7	84.4	88.8	98.8	98.5	105.6	128.9	129.5	130.6	116.6	117.3
Adgrg1	113.6	136.8	136.5	97.5	86.2	86	141.1	102.5	102.3	113.5	119.1	118.9	91.3	106	106.6	43	49.3	49.6
Mt-atp8	79.3	76.4	76.1	95	92.7	92.4	70	71.6	71.3	130.8	135.1	134.8	118	111.1	111.6	106.8	113.1	113.8
Vti1a	107.2	115.1	104.4	101.4	110	108.7	103.6	107.5	104.2	103.3	92.3	96.1	82.8	78	87.7	101.8	97.1	98.9
Iglon5	113.3	80	79.7	86.9	79.5	79.2	85.2	81	80.7	78	89.2	88.9	99.1	112.2	112.6	137.5	158.1	158.9
Nrbp2	94.7	NA	68.4	107.9	NA	104.9	97	NA	77.9	99.6	NA	86.1	86	NA	136.3	114.7	NA	126.4
Thnsl1	71.9	88.7	88.4	96	97.6	100.8	95.3	92.8	97	102.9	83.6	92.3	111.5	107.8	109.4	122.3	129.5	112.1
Mb21d2	86.7	94.6	96	132.8	114.8	89.7	56.6	66.6	68.8	122.5	137.5	120.3	108.9	96.3	101.6	92.5	90.3	123.5
Extl2	151.3	178.5	178.2	120.3	131.2	130.9	102	103.9	103.7	67.4	48.6	48.5	39.9	16.9	17	119	120.8	121.7
Skic8	130.9	113.3	112.9	88.9	96.4	96.1	53.1	100.6	100.3	114.6	101.6	101.4	91.6	95.3	95.8	120.8	92.8	93.4
Tkfc	89.6	76.6	76.3	94.9	88.4	88	75.9	83.5	83.2	103.5	97.3	97	146.8	141.5	142	89.2	112.7	113.4
Bloc1s1	97.6	91.3	91	89	89.7	89.4	106	102.9	102.5	97.7	81.7	81.4	122.2	154.6	155.3	87.6	79.9	80.4
Gng13	161.7	142.9	132.8	131.2	139.5	134.2	71.7	92.9	81.7	57.4	71.8	63.8	65.4	55.7	55.3	112.6	97.2	132.1
Lnpk	132	NA	110.8	100.5	NA	107.1	112.2	NA	105.5	78.5	NA	93.8	83.2	NA	88	93.7	NA	94.8
Eif2s3y	103.6	97	97.4	91.6	89.2	93.3	86.7	85.4	89.9	95.7	90.3	94.9	104.2	125.5	103.2	118.2	112.6	121.3
Ptgr3	62.1	74.8	74.4	86.5	56.7	56.4	62	58	57.8	81.4	51.8	51.6	196	261.5	262.2	112	97.2	97.6
Stt3b	181.1	169.9	169.5	101	113.3	113.1	104.1	97.4	97.2	58.8	63.4	63.3	53.5	56.2	56.5	101.4	99.6	100.3
Borcs5	109.4	107	NA	106.5	88.3	NA	100.1	102.6	NA	95.5	99.5	NA	106.8	120.8	NA	81.8	81.9	NA
Pakap	92.8	90.4	90.1	75.3	90	89.6	103.9	109.3	108.9	82	72.1	71.9	156.3	142.2	142.9	89.6	96	96.6
Srm	121	NA	109.8	106.6	NA	105.1	89.6	NA	100.9	134	NA	80.7	88.2	NA	104.6	60.7	NA	98.8
Ecpas	83.2	90.3	90	98.2	88.4	88.1	90.3	93.3	93	96.8	95.3	95	127	122.3	122.8	104.6	110.4	111.1
Pik3c3	116.2	120.3	120	102.4	104.9	104.6	103.6	104.4	104.2	88.3	91.5	91.3	94.3	92	92.5	95.1	86.9	87.5
Cdip1	102	121.8	121.5	108.4	102.8	102.6	137.1	150.6	150.3	85.3	79.7	79.6	85.8	77.2	77.6	81.4	67.8	68.3
Snap47	134.1	125.3	125	107.4	102.1	101.9	123.3	122.6	122.3	102.3	102.5	102.4	56.7	66.6	66.9	76.3	80.9	81.5
Mrps35	65.2	86.1	85.8	82.1	89	88.6	77.2	74	73.8	98.3	88.3	88	133.9	131.4	131.9	143.3	131.3	132
Golga7b	129.8	126.2	125.9	115.5	105.8	105.5	109	103.8	103.5	79.9	84.3	84.1	83	80.1	80.5	82.7	99.8	100.4
Brinp2	161.8	114.9	114.7	136.6	149.1	148.7	116.2	106.1	105.9	67.8	80.2	80.1	87.2	81.3	81.7	30.4	68.3	68.8
Rcn1	95.9	82.6	82.5	117.4	102.1	101.9	80.8	98.4	98.2	204.9	214.6	214.4	68.5	66.3	66.7	32.6	36	36.3
Mgrn1	126	124.8	124.5	103.4	105.8	105.5	120.5	112.4	112.2	73.4	80.2	80.1	86	84.4	84.8	90.7	92.3	92.9
Carhsp1	95	103.7	103.4	88.2	89.3	89.1	73.5	76.6	76.4	145.8	137.3	137.1	129	130.1	130.8	68.4	62.9	63.3
Fundc2	78.7	62.9	62.6	92.8	88.7	88.4	80.1	70.8	70.6	110	109.7	109.4	122.8	153.4	154	115.5	114.5	115.1
Rlbp1	88.6	51.9	51.6	55.9	61.9	61.6	50.1	55.9	55.7	54.5	81.5	81.2	295.7	283.3	284.2	55.2	65.4	65.7
Tnpo1	58	58	NA	78.9	77.7	NA	101.7	91.8	NA	95.2	103.8	NA	149.9	132.8	NA	116.3	135.9	NA
Cpd	221.5	116.2	115.9	166.1	124.3	123.9	95.4	111.7	111.4	37.2	59.4	59.3	48	101.3	101.8	31.8	87.1	87.6
Rasgrp2	88	83.9	84.3	52.8	50.7	49.9	36.5	26.9	26.8	345.6	358.4	357.9	55.3	58.5	58.7	21.9	21.6	22.6
Aplp1	98.7	193	192.9	107.8	0	0	118	0	0	132.5	407	407.1	84	0	0	58.9	0	0
Xkr4	114.6	131.6	131.4	116.9	122.5	122.3	131	135.1	135	112.9	103.3	103.2	88	73.2	73.6	36.6	34.3	34.6
Mars1	140.9	68.2	67.9	94.2	104	103.6	97.6	104.5	104.2	68.9	78	77.8	101.5	147.3	147.9	96.9	98	98.5
Pcdh10	137.4	NA	181.5	116.1	NA	102.1	86.1	NA	68.4	111.6	NA	110.7	95.7	NA	98.3	53.2	NA	39
Msra	78.8	98.5	98.2	100.6	94.7	94.3	68.2	82.4	82.2	97	85	84.8	118.6	98.7	99.1	136.7	140.7	141.5
Csmd2	158	NA	163	139.7	NA	132.3	154.2	NA	138.1	54.7	NA	53.1	66.5	NA	67.6	26.9	NA	46
Nrbp1	117.3	100.1	99.8	97.4	97.4	97.1	109.1	95.4	95.1	97.1	107.5	107.3	102.7	112.9	113.5	76.4	86.7	87.3
Abl2	112.2	96.2	96	91	97.9	97.7	118.6	124	123.7	117	110.6	110.4	88.4	90.1	90.6	72.8	81.2	81.7
Sumo2	82.8	98	97.6	75.1	71.4	71.1	73.4	59.3	59.1	79.6	79.8	79.5	174.6	184	184.7	114.5	107.5	108
Pnma8b	82.9	94.4	94.1	91.5	89.6	89.2	94.4	101.7	101.4	88.2	85.4	85.2	145.1	139.5	140.2	97.9	89.4	89.9
Rps18l5	91.5	84.8	86.5	112.7	106.1	106.7	126.4	121.7	119.9	59.6	63.6	64.7	117.5	127.6	126.1	92.3	96.3	96.1
Qki	104.1	NA	57.1	79.9	NA	111.9	83.7	NA	139	90.9	NA	42.7	139.6	NA	125.3	101.8	NA	124
Ubap2l	117.4	103.1	102.8	90.1	91.9	91.6	93.2	96.3	96	78.5	81.3	81.1	104.3	109	109.5	116.4	118.3	119
Unc80	99.8	105.4	105	110.4	82.3	82.1	142.6	144.9	144.5	52.4	61.1	60.9	120.3	114.6	115.1	74.5	91.8	92.4
LOC100910017	128.3	NA	131	98.7	NA	95.1	101.3	NA	109.4	67.2	NA	68.7	98.6	NA	99.6	106	NA	96.1
Mrpl16	72.4	104.9	104.6	91.8	108	107.6	78.4	101.2	100.9	95.2	69.2	69.1	153.4	116.5	117	108.9	100.2	100.8
Timm17a	83.1	107.3	106.9	101.8	62.1	61.8	78.9	89.6	89.2	86.8	87.1	86.8	133.2	173.8	174.6	116.2	80.2	80.6
Gcn1	0	102.7	104.5	0	91.3	92.9	0	104.7	106.5	205.4	73.3	69.7	136.5	114.1	111.9	258.1	113.8	114.5
Syngr1	99.2	105.8	102.6	101.8	103.5	105.8	121.1	120	119.4	108	108.7	112.8	69	67.6	62.1	101	94.4	97.2
Oscp1	105.5	77.5	77.2	98.9	88.2	87.9	87.4	78.7	78.4	87.2	101.4	101.1	157.7	174.7	175.4	63.2	79.5	79.9
Lyrm4	81	88.5	88.3	87.8	102.9	102.6	89.2	97.4	97.1	107.2	106.6	106.3	98.3	86.3	86.7	136.5	118.3	119.1
Reps1	0	104.4	104.1	0	97.7	97.4	351.3	113.1	112.8	76.1	96.5	96.3	172.6	107.8	108.4	0	80.6	81.1
Gid8	0	NA	0	0	NA	135	308.1	NA	0	0	NA	232.7	291.9	NA	0	0	NA	232.3
Zyg11b	106.2	104.2	103.8	109.9	105.2	104.9	115.9	106.9	106.6	80.6	83.2	83.1	81.9	96.9	97.4	105.4	103.5	104.2
Copa	103.6	99.6	NA	88.4	90.1	NA	99.9	104.4	NA	74.9	95.4	NA	129.6	98.8	NA	103.6	111.7	NA
Svip	88.3	97.2	87.4	85	98.4	95	99.3	98.2	99.5	116.1	110.2	118.6	88.9	75.1	73.9	122.4	120.9	125.6
Praf2	125.3	138.4	138.1	108.7	104.2	103.9	103.5	98.2	98	101.6	106.4	106.3	81.8	81.6	82.1	79.1	71.2	71.7
Adprs	101	103.7	103.3	85.1	94.6	94.3	76.5	75.9	75.7	112.3	105.8	105.5	113.7	113.8	114.3	111.3	106.2	106.8
Slitrk1	162.5	133.6	133.2	125.1	120.9	120.6	106.3	114.8	114.5	41.8	42.6	42.5	103	112	112.6	61.3	76.1	76.6
Pip4p1	89.2	121.2	120.9	86.3	108.3	108	106.2	106.6	106.4	102.5	93.6	93.4	126.4	90.8	91.3	89.3	79.5	80
LOC100360491	117.6	124.2	123.8	93	91.2	90.9	91.9	99.9	99.6	72.7	71	70.9	120	109.7	110.2	104.7	104	104.7
Sigmar1	139.7	NA	109	117.2	NA	111.3	110.1	NA	114.9	54.6	NA	79.6	40.3	NA	87.7	138.1	NA	97.5
Pdpk1	87.2	128.6	128.4	113.5	105.5	105.3	110.1	99	98.8	135.1	118.7	118.5	94	86.4	86.9	60.1	61.7	62.1
Kiaa1671	91.8	74.1	73.1	92.6	93.2	92.9	248.6	239.7	240.6	82.1	101.4	102.6	59	65.9	65.2	25.9	25.8	25.6
Pex6	95	NA	98.6	102	NA	76	99.4	NA	81.6	92.7	NA	117.7	127.6	NA	120.2	83.3	NA	105.9
Ndufaf1	69.6	83.5	83.2	101.8	113.8	113.4	79.9	71.9	71.6	118.2	98	97.8	116.7	107.7	108.2	113.8	125.1	125.8
AABR07026291.1	112.2	113.2	112.9	102.1	108.5	108.2	113	112.2	111.9	78.4	79.1	78.9	102.7	102.7	103.2	91.5	84.4	84.9
Pde1a	128.9	121.2	122.9	128.6	146.6	144.3	131.6	133.8	135.8	108.9	89.7	88.1	77.4	67.9	67.2	24.5	40.8	41.8
Igsf3	91.3	0	NA	71.3	0	NA	52.2	0	NA	33.2	0	NA	297.8	600	NA	54.2	0	NA
Slc7a1	162.1	63.2	62.9	0	96.8	96.4	127.9	114.1	113.6	0	0	0	144.7	217.2	217.9	165.3	108.7	109.2
Kifbp	73.1	NA	73.5	105.7	NA	101.3	111	NA	103	99.3	NA	97.6	128.5	NA	142.2	82.4	NA	82.4
Pnpo	93.3	107.7	107.4	90.8	104.2	103.9	92.6	94.5	94.3	105.6	109.6	109.4	116.9	96.9	97.4	100.8	87.1	87.7
Bzw2	116.5	94.5	88.4	90.6	97.2	91.9	99	99.8	92.5	117.8	105.9	103.4	91.8	97.3	107.4	84.3	105.1	116.5
Abcd2	96.8	101.7	105.2	76.7	84.2	83.8	76.4	72.8	65.4	81.6	82.2	75.9	167.7	141.9	147.6	100.9	117.1	122
Cyp2d4	65.9	73.2	72.8	61.8	72.7	72.4	77.7	84.7	84.3	89.9	87.9	87.6	88.9	81	81.2	215.9	200.6	201.6
Amt	78.3	88.2	87.8	113.2	99.8	99.4	101.5	83.5	83.2	65.4	51.8	51.6	94.4	116.7	117.1	147.3	160.1	160.9
Isoc2	63.7	96.6	96.3	93.6	110.8	110.4	84.7	35.3	35.1	78.6	87.6	87.3	142.7	149.8	150.3	136.8	119.9	120.6
Tmem132a	129.3	204.9	253.3	122.5	62	76.6	83.8	116	0	105.6	92.3	114.2	52.1	0	0	106.7	124.9	155.9
Mat2a	123.5	123.1	122.8	58.6	96.3	96	74.6	82.8	82.5	126.6	112.5	112.3	131.9	107.7	108.2	84.9	77.7	78.2
Spag9	99	99.8	108.8	78.5	87	69.6	78.7	94.7	132.4	85.7	98.7	87.6	130.9	140.5	98.7	127.2	79.3	102.9
Hdac6	106.7	81.7	81.4	100.5	92.2	91.8	87.8	98.6	98.3	103.6	107.6	107.4	103.4	109.9	110.4	98.1	110	110.7
Dnajb4	119.4	130.5	129.9	127.3	109.6	109.9	114	115.2	115.4	83.8	95.3	95.5	74.7	69.8	70.9	80.8	79.7	78.4
Zbed5	0	114.4	114	0	99.6	99.2	0	79.6	79.3	600	60.1	60	0	115.1	115.6	0	131.2	131.9
Rnf214	150.8	100.5	100.2	109.4	107.3	106.9	82.4	95	94.7	104.9	92.6	92.4	84.5	123.6	124.2	67.9	81.1	81.6
Ddhd2	108.5	112.4	108.1	119.3	103	104.5	106.5	107.7	107.7	118.5	115	114.1	56.8	68.2	69	90.4	93.6	96.5
Slc1a1	102.9	88.5	88.4	107.1	81.5	81.3	162.6	209	208.7	81.3	97.3	97.2	86.4	81.2	81.6	59.7	42.5	42.8
Ralgapa1	121.3	97.6	97.3	104.4	94.9	94.6	101.7	90.6	90.3	92.9	110.5	110.2	88.8	103.9	104.4	91	102.6	103.3
Galm	84.5	80.4	80.1	86	74.7	74.4	88.6	84.6	84.3	100.3	96.8	96.5	145.9	169.2	169.9	94.6	94.2	94.8
Ptms	92.2	71.9	71.6	73.8	63	62.7	74	73.9	73.6	108	110.5	110.1	146.6	167.1	167.7	105.5	113.6	114.2
Mpdz	96.5	111	110.7	88.8	93.6	93.3	156	124.8	124.5	71.5	67.2	67	132.4	98.3	98.8	54.8	105.1	105.8
Selenom	59.1	53.1	52.8	47.2	52.3	52	58.1	50.2	49.9	64.7	62.1	61.8	83.2	92.7	92.9	287.7	289.7	290.7
Eif3h	0	63.5	63.3	143.8	81.3	81	0	121.7	121.3	156.1	98.4	98.1	151.8	130	130.6	148.3	105.2	105.8
Bicd1	112.5	107.2	106.9	84	99	98.7	69.6	93.7	93.4	68.3	92.8	92.5	127	82.3	82.7	138.7	125	125.8
Mrps31	81	69	68.7	91.8	102.4	102	86.1	77.4	77.1	77.8	91.9	91.7	120.2	122.5	123	143	136.9	137.6
Tbce	113.1	126	127.2	105.6	102.9	100.1	99.7	107.1	104.2	108.2	102.4	108	101.7	100.4	97	71.7	61.2	63.4
Limd2	121.9	15.9	15.9	113.3	48.1	47.9	131.1	107.8	107.4	86.3	129.3	128.8	109.8	210.7	211.5	37.6	88.1	88.6
Vps18	132.8	95.3	109.8	99.5	96.8	97.7	86.9	91.6	99.5	86.5	106.7	100.9	109.3	114.3	103.9	85	95.2	88.2
Gng10	126.8	114.2	113.9	155.7	134	133.6	81.9	87.4	87.2	82.9	85.9	85.8	70.2	74.8	75.2	82.5	103.7	104.4
Tes	104.5	96.2	95.9	82.5	105.8	105.4	93.2	96.8	96.5	71.4	61.4	61.3	182.7	195.6	196.5	65.8	44.1	44.4
Exd2	94.3	87.6	87.4	112.4	127.4	127	82.5	98	97.7	81.7	81.6	81.5	121.5	121.7	122.3	107.6	83.6	84.1
Akap1	91.6	93	97.2	92.9	98.9	100.2	91.4	89.3	101.7	126.7	120.5	114.1	111.2	107	98	86.1	91.3	88.9
Sh3bgrl3	105.3	137.5	137.2	122.6	113.8	113.6	87.2	130.6	130.4	88.9	104.8	104.7	93.4	90.5	91.1	102.6	22.9	23.1
Npm1	118	65.2	NA	95.5	68.5	NA	114.3	86.9	NA	96.3	72.2	NA	70.1	126.7	NA	105.8	180.5	NA
Pacs2	103.7	101.2	96.7	97	89	87.2	89.6	81.2	79.8	84.6	93.6	94.8	68.4	81	86.7	156.7	154	154.9
Rptor	124.1	104.1	110.5	115.3	107	114.7	108.1	90.8	98.5	92.7	104.9	97.3	72.8	106	95.7	87.1	87.1	83.3
Bltp3b	73.9	140.3	145.4	106.6	104.7	102.9	85.3	96.7	94.6	90.6	98.9	101.1	127.4	73.7	72.5	116.2	85.7	83.6
Crkl	80.8	110.8	97.9	89.2	93.6	78.8	78.2	99.4	112.4	79.7	90.7	92.8	138	97.3	100.3	134.1	108.1	117.7
Calu	100.4	79.5	78.1	97.4	78.1	76.8	82.5	107.1	105.3	74.4	66.3	65.2	116.6	113.6	112.6	128.8	155.4	162.1
Lgi4	93.8	109.9	109.5	67.3	84.5	84.2	65.4	121.5	121.1	59.2	57.6	57.5	92.8	86.5	86.8	221.4	140.1	140.9
Adissp	0	0	0	0	0	0	0	178.3	178.2	600	421.7	421.8	0	0	0	0	0	0
Palm3	73.4	99.2	99	113.1	125.8	125.5	138.3	153.3	153.1	108.6	84.2	84	112	83.4	83.9	54.6	54.1	54.5
Pea15	102.1	102.1	102.3	113.1	109.9	109.8	102.9	98.6	97.3	98.8	101.6	100.7	104.7	97.3	98	78.4	90.5	91.9
Rasgrp1	125.8	116.3	116.1	96.3	97.7	97.5	154.8	146.6	146.3	97	102.3	102.2	90.9	104.5	105.2	35.3	32.6	32.8
Ptpro	36.4	24	23.9	50.7	61.4	61.1	49.3	45.8	45.5	38.8	23.5	23.4	378.6	403.8	404.5	46.3	41.4	41.5
Vps16	85	103.6	103.3	111.4	99	98.7	87	98.7	98.4	101.9	95.7	95.5	113.5	113.5	114	101	89.6	90.1
Retsat	73.4	88.8	83.5	87.2	80.4	71.1	107.4	103	107.2	77.6	76.9	81.1	112.6	99.4	110.7	141.7	151.6	146.4
Tecr	117	131.1	136.7	114.9	119.8	114.9	116.9	124.8	122	72.8	62.3	59.7	73.5	66.9	62.9	104.9	95.2	103.8
Tmem121b	117.2	NA	600	108.3	NA	0	105.7	NA	0	119.7	NA	0	86.7	NA	0	62.5	NA	0
Vti1b	135.7	137	134.8	104	113.7	114.8	87.6	99.9	103.8	75.6	72.7	72.5	112.9	80	80.6	84.1	96.7	93.6
Vps33a	86.9	106.1	105.8	131.9	101.1	100.8	70.7	106.7	106.4	86.2	90.7	90.5	148.7	104.2	104.7	75.6	91.2	91.8
Rgs12	97.8	150.1	143.4	123.5	127.3	133.7	86.9	98.1	96.4	91.8	64.9	57.2	136	130.9	150.5	63.9	28.6	18.7
Rps15al4	114.6	100.5	100.2	97.5	94.2	93.8	105.7	95.8	95.5	69.4	74.3	74.1	110.6	128.6	129.2	102.2	106.6	107.2
Avl9	105.3	99.5	95.3	102.9	104.3	119.3	127.2	129.4	146	127.5	128.4	109.8	84.6	85.6	77.6	52.5	52.7	52
Osbp2	137.3	123.7	123.4	109.1	106.9	106.6	85.1	90.1	89.9	111.7	120.6	120.4	53.7	66.8	67.2	103.1	91.8	92.5
Ankh	120.2	120.8	120.5	146.5	93.3	93	100.7	106.6	106.3	69.8	91.7	91.5	65.2	99.5	100	97.5	88.2	88.8
Arfrp1	178.8	93.8	82.9	141.7	99.3	85.7	92.4	97.8	94.3	38.9	67.9	73.6	47.3	83.9	90.2	100.8	157.3	173.1
Apoa1	75.3	79.1	78.7	60.3	65.8	65.5	65.7	65.5	65.2	91.9	91.7	91.4	157.1	150.1	150.6	149.7	147.8	148.6
Arl2	108.2	98.7	98.4	101.4	94.8	94.5	96.2	96.1	95.8	107.9	105.7	105.5	103.2	113.6	114.1	83.1	91.1	91.6
Gatc	0	68.2	67.9	0	82.7	82.3	0	84.9	84.6	135.1	93.2	92.9	246.3	107.4	107.8	218.6	163.6	164.5
Lclat1	119.5	92.9	NA	99.4	83.8	NA	102.2	79.5	NA	79.3	87.5	NA	116.4	134.4	NA	83.1	122	NA
Txndc12	116.7	111.4	111	110.5	104.1	103.7	81.2	82.6	82.3	76.8	76	75.8	92.8	97.5	98	122.1	128.4	129.2
Prkaa1	83.8	88.6	88.3	86.1	102.1	101.8	116.9	104.7	104.4	86	90.9	90.7	92.4	98.1	98.6	134.9	115.7	116.4
Abraxas2	114.2	132.5	132.2	113.6	94.8	94.6	121.2	111.2	110.9	96.5	109.4	109.2	90.4	79.6	80.1	64.1	72.5	73
Chmp6	91.1	122.4	122.2	106.6	125.2	124.9	79.2	92.8	92.6	108.8	106.2	106.1	129.4	81.8	82.3	84.9	71.5	72
Eefsec	108.3	100.1	99.8	117.4	104.2	103.9	93.1	104.6	104.3	92.7	99.4	99.2	100	96.5	97	88.6	95.2	95.8
Arhgap5	109	114	113.6	88.6	81.9	81.5	82.9	72.8	72.6	79.9	84.3	84.1	96.9	92.5	92.8	142.7	154.5	155.4
Armt1	141.8	104	99.9	100.9	106.2	112.2	95.8	88.6	93	104.3	115.8	123.2	85.9	98.2	86.2	71.4	87.2	85.6
Psd	127.7	133.4	133.2	114.1	114.1	113.8	134.4	143.4	143.1	89.3	80.2	80.1	82.7	88.3	88.8	51.9	40.6	40.9
Taco1	102.3	NA	75.1	115.5	NA	92.7	89	NA	93.7	82.6	NA	83.4	118.4	NA	76.4	92.2	NA	178.8
Rps13l1	108.7	103.6	101.4	104.5	94.4	94.3	99.7	111.5	109.1	78.2	77.9	78.4	112.6	107.2	115.6	96.3	105.4	101.2
Pals1	104.1	NA	100.2	77.5	NA	93.4	118.6	NA	147.2	80.9	NA	69.3	127	NA	109.6	92	NA	80.2
Tbcb	145.1	63.5	63.3	121.3	124.8	124.4	90.7	78.9	78.7	96.7	135	134.7	91.9	125.7	126.3	54.2	72.1	72.6
Shtn1	89.5	97.4	99.6	81.1	111.1	116.8	101.2	90.1	97.1	74.4	67.3	69	184.5	159	147.5	69.3	75.1	70
Kif3b	110.1	124.9	NA	107.5	101.9	NA	114.5	94.4	NA	88.1	107.6	NA	105.7	74.9	NA	74.1	96.3	NA
C9h2orf72	53.5	74.6	74.4	76.4	95.9	95.6	138.2	105.8	105.4	93.8	99.4	99.2	156.4	127	127.6	81.8	97.2	97.8
Tesc	79.2	67	66.9	56.5	69.2	69	131.3	146.4	146	141.5	146.8	146.5	71.1	60.1	60.4	120.5	110.4	111.1
Lmtk2	150	158.2	157.8	115.2	120.6	120.2	85.5	69.4	69.2	78.6	75.6	75.5	104.8	115.5	116.1	65.9	60.7	61.1
Mrpl58	65.4	61.8	61.5	98.9	104.6	104.2	75.7	88.3	88	99.6	94.9	94.6	143.4	153.4	154	117.1	97.1	97.7
Nrgn	186.4	145.9	145.8	120.4	147.7	147.5	71.2	139.2	139.2	130.8	122	122	91.2	40.3	40.6	0	4.9	4.9
Fam162a	77.7	88.7	90.1	86.6	90.8	92.5	76.2	87.3	88.7	96	86.5	90	117.1	117.3	105.6	146.3	129.3	133
Emc7	123.4	114.9	114.6	116.4	94.2	94	102.8	108.1	107.8	110.2	113.4	113.1	64.4	67.1	67.4	82.7	102.4	103
Kcna4	133.5	104.1	103.9	90	104.2	104	145.8	126.5	126.3	124.7	143.9	143.7	87.1	101.3	101.9	18.8	20	20.1
Tmem178a	132.4	NA	65.7	120.2	NA	134.5	129.8	NA	140.5	96.3	NA	112.5	21.1	NA	69.8	100.1	NA	77
Fbxl17l1	137.4	87.4	87.2	107	129.7	129.4	135.1	156.4	156	98.7	65.2	65.1	38.3	77	77.5	83.4	84.3	84.9
Ppm1f	108.7	90.6	90.3	115.5	96.6	96.2	97.7	94.6	94.4	122.1	94.8	94.5	79.5	109.2	109.6	76.5	114.3	114.9
Yars2	98.3	91.8	91.5	133	108.1	107.7	78.8	94.5	94.3	109.8	98.8	98.6	109.9	97.2	97.7	70.3	109.5	110.1
Slc4a2	80.5	NA	43.1	48	NA	63.1	101.5	NA	99.5	72.6	NA	72.1	84.8	NA	104.6	212.8	NA	217.7
Spcs1	129.6	128.9	128.6	94.4	103.9	103.6	126.3	95.2	95	71.4	75.9	75.8	79.8	97.8	98.3	98.4	98.2	98.8
Agfg1	114.3	117.3	117	108	92.9	92.6	89.6	88.5	88.3	121.7	114.1	113.8	90.7	117.7	118.3	75.6	69.5	70
Wdr77	0	0	0	229.1	119.1	118.6	184.9	0	0	186	206	205.3	0	275	276.1	0	0	0
Acadsb	97	89.1	88.8	95.2	101.7	101.3	87.1	85.1	84.8	82.4	74.8	74.6	119.4	124.3	124.8	118.8	125	125.7
Camkk1	119.2	129.3	132.2	100.7	118.6	116.8	122.2	130.9	132.3	100.5	97.1	98.3	75.8	80.5	77.3	81.6	43.6	43.1
Neto2	125.1	NA	99.4	100.3	NA	84.7	43	NA	58.5	152.4	NA	169.5	88.7	NA	109.4	90.5	NA	78.4
Uba2	112.6	108.2	107.8	96.3	87.2	86.9	71.4	73.7	73.4	70.2	82.7	82.5	147	148.4	149.1	102.6	99.7	100.3
Vcpip1	111.7	118.9	119.6	94.7	101.5	94.2	112.3	113.5	111.5	98.2	98.2	108.7	92.8	97.9	87	90.2	69.9	79
Cpne1	123.6	107.1	NA	100	108.2	NA	98.8	115.6	NA	110.8	124.7	NA	77.6	77.3	NA	89.1	67.1	NA
Camlg	128.9	134.5	NA	89.2	99	NA	124.2	112	NA	40.2	76.9	NA	91.7	66.4	NA	125.8	111.1	NA
Tbk1	118.7	NA	104.4	100.8	NA	79.5	123.2	NA	93.4	111.2	NA	103	76.9	NA	127.1	69.2	NA	92.6
Nqo1	73.7	88.6	74.6	71.6	65.4	55.3	61.5	67.7	77.5	63	69.5	71.7	197.5	168.3	158	132.8	140.5	162.9
Sidt1	129.8	116.4	116.1	128.7	112.4	112.1	101	120.6	120.4	78.5	94.4	94.2	102.5	91.7	92.2	59.6	64.5	65
Tmem143	81	89	88.7	113.7	72.1	71.8	100.6	78.3	78.1	125.9	141.1	140.7	67	105	105.5	111.9	114.4	115.1
Ppp6r2	108.5	79.1	NA	96.9	193.4	NA	139.9	110.2	NA	101.4	65.5	NA	60.5	70.1	NA	92.8	81.7	NA
Chgb	89.8	91.2	91	104.6	103.4	103.1	139.3	134.4	134.1	93.8	95.6	95.5	103	110.9	111.5	69.5	64.4	64.9
Sgsm1	109.6	109.9	109.7	129.9	125.9	125.7	103.8	119.3	119.1	117.2	104.6	104.4	71.4	64	64.4	68.1	76.2	76.8
Apba1	147.4	NA	124.4	102.1	NA	101.9	84.4	NA	107.4	109.6	NA	113	99.2	NA	80.2	57.3	NA	73.1
Stxbp6	101.3	99.2	115	100.8	99.6	101.7	97.3	99.8	105.7	49.2	54.9	50.6	190	184.4	165.8	61.3	62.2	61.2
Ppp6c	0	129.1	128.8	0	108.6	108.3	0	98.2	98	0	93.2	93	389.9	87.2	87.7	210.1	83.7	84.3
Tmem94	92.7	126.5	126.2	99.8	97	96.7	113.7	111.5	111.2	93.7	88	87.8	100.5	92.5	93	99.6	84.5	85.1
Lrrfip1	104	141.6	141.4	125.7	70.3	70.2	98.2	174	173.8	118.4	147.7	147.6	80	0	0	73.7	66.4	67
Ufc1	125.7	107.4	107	94.9	96.7	96.4	81.4	83.4	83.2	94.4	122	121.8	113.4	106.5	107	90.1	84	84.5
Ninj1	100.8	71.5	71.3	97	87.5	87.2	81.8	89.8	89.5	96.1	135.5	135.2	117.9	126	126.6	106.5	89.7	90.2
Kcnj3	130.9	132.5	132.2	76.7	118.5	118.2	231.4	176.6	176.2	0	21.8	21.7	67.2	63	63.4	93.8	87.6	88.2
Amigo1	162.3	180.5	180	122.8	131.8	131.5	71.4	76.7	76.6	48.5	37.6	37.5	134.2	124.6	125.3	60.8	48.8	49.1
Ufm1	118.2	92.5	92.3	100.7	97.3	97.1	112.7	100.2	99.9	97.1	115.2	114.9	100.9	105	105.5	70.5	89.8	90.4
Pfdn2	90.5	118.2	117.9	99.1	106	105.7	88.1	94.2	94	108.6	95.1	94.9	106.6	99.2	99.7	107	87.3	87.8
Tpp1	78.2	93.9	93.5	76.5	74.5	74.2	75.8	73	72.7	99.8	102.7	102.4	129.1	151.9	152.5	140.7	104.1	104.7
Opalin	62.3	61.7	61.5	133.7	138.7	138.3	76.9	76.7	76.5	163.1	161.4	161.1	77.4	77.5	77.9	86.7	84	84.6
Mpp7	60.2	59.3	59	41.1	43.8	43.5	37.4	41.9	41.7	103.5	102.3	101.8	89.8	101.1	101.4	267.9	251.6	252.6
Eif3k	0	109.1	112.7	0	91.2	93	0	104.3	104.4	0	73.8	71.2	308.2	117.5	116.4	291.8	104.1	102.3
Gmppb	125.4	NA	118.5	97.6	NA	91.2	107.7	NA	114.6	109.5	NA	112	83.8	NA	84.1	76	NA	79.6
Tmem132b	161.6	153.6	153.4	149.5	129.9	129.7	110.9	118.4	118.3	139.2	142.3	142.3	38.9	36	36.2	0	19.8	20
Nampt	132.5	96.4	97.2	101.9	100.8	99.7	99.3	92.4	91.1	93.2	99.2	99.4	80.7	114	114.3	92.4	97.3	98.4
Sars2	60.6	108	130.2	122.9	107.3	103.1	100.4	107.6	98.3	115.7	93	91.4	87.3	112.7	133.5	113.1	71.5	43.5
Eml6	99	NA	87	84.7	NA	86.1	103.5	NA	129.4	84.2	NA	78.7	126.6	NA	146.5	101.9	NA	72.3
Atp5mk	87.6	0	94.3	97.5	0	97.7	79.7	0	105.8	102.5	0	91.3	146.7	600	117	86	0	94
Rpl26-ps2	116.8	NA	127.8	95.8	NA	103.4	108.7	NA	105.9	67.2	NA	65.4	100.7	NA	96.5	110.8	NA	101
Adgrl2	153.6	165	164.6	102.8	90	89.9	105.8	83.4	83.3	102.4	145.9	145.7	73.1	52.1	52.4	62.4	63.6	64.1
C13h1orf21	84.6	105.8	105.5	95	111.1	110.8	134.7	133.3	133	51.7	52.1	52	109.6	89.9	90.3	124.3	107.7	108.4
Sfpq	83.6	78.9	68.1	54.7	60.2	93.3	53.2	51.9	72.1	60.9	63	63.4	121.3	116.5	116.4	226.3	229.5	186.7
Mpdu1	130.5	140.4	140	89.9	89.9	89.6	86.9	75.1	74.9	80.4	77.3	77.1	83.3	83.1	83.4	129.2	134.2	135
Babam2	110	102	101.7	96.1	114.4	114	95	112.3	112	108.7	79.6	79.4	107.1	106.2	106.7	83	85.6	86.1
Igf1r	113	105.4	105	107.6	100.9	100.5	105.7	112.9	112.6	52.7	56.2	56.1	111.4	127.5	128.1	109.6	97.1	97.7
Dcaf7	108.4	98.9	98.3	107.7	95.6	94.9	90.9	105.7	106.1	81.5	96.4	95.6	116.8	104.5	106.8	94.6	99	98.3
Fam185a	76.4	94.2	110.8	85.7	99	105.2	99.6	95.4	100.3	94.7	84.8	75.7	137.1	99	88.5	106.5	127.7	119.6
Impdh2	101.9	109.6	109.4	101	85.4	85.1	111.9	112.6	112.3	99.6	114.9	114.7	94.5	93	93.5	91.1	84.5	85
Commd5	92.1	127.6	96.9	98.1	96.2	97.4	113.2	99.3	125.8	97	97.4	95	92.9	103.3	91	106.7	76.2	93.9
Dguok	64.1	53.5	53.2	76.4	75.7	75.4	79.5	77.2	76.9	117	119	118.6	81.9	97.2	97.6	181.2	177.3	178.2
Ptdss2	120.5	91.8	91.4	96	71.7	71.5	79.6	101.5	101.2	53.7	75.1	74.8	89.7	99.8	100.2	160.5	160.1	161
Timm10b	99.1	88	87.7	104.2	86.4	86.1	94.6	95.5	95.2	114.8	124.7	124.4	104	125.4	126	83.4	80	80.5
Ecsit	75	72.9	82	96	80.4	89.8	100.6	79.3	68.5	116.5	120.6	125.8	111.6	129.8	121.9	100.3	117	112
Chordc1	118.6	105.6	105.3	128.7	109.2	108.9	110.5	109.5	109.2	97.7	106.2	106	67.8	83.3	83.7	76.6	86.2	86.8
Wwp2	43.1	NA	0	66.5	NA	237.8	75.9	NA	0	77.1	NA	362.2	216.2	NA	0	121.2	NA	0
Tbc1d13	103.9	78.9	91.9	99.4	49.1	71.7	104.8	146.4	111.6	100.7	87.3	98.3	107.1	110.7	121.9	84	127.4	104.6
Rab27a	77.5	96	95.7	87.8	71.2	71	131.4	141.6	141.1	58.4	58	57.8	93.7	90.4	90.8	151.1	142.7	143.5
Mmaa	87.1	131.5	105.6	122.8	107.6	103.9	100.5	93.3	83.9	108.9	93.9	110.2	80.1	67.8	78.3	100.7	105.9	118.1
Tbc1d17	88.6	NA	85.5	118.7	NA	94	68.4	NA	92.3	110.8	NA	107.6	104.5	NA	107.3	109	NA	113.3
Zdhhc17	107.6	122.7	168.5	121	116.6	111.4	100.9	80.3	82.6	68.7	76.7	61.3	60	55.7	43.9	141.9	148	132.4
Myo1c	98.7	94.1	93.7	89.7	74.1	73.8	94.7	72.2	71.8	65.3	51.2	51	118.7	162.5	163	132.9	146	146.7
Rsu1	101.5	111.9	111.6	86.3	95.4	95.1	95.2	102.9	102.6	79.1	88	87.8	123.6	107.2	107.7	114.3	94.6	95.1
Eif3f	92.7	NA	97.5	92.6	NA	92.1	93.3	NA	98.2	69.7	NA	76.8	136.5	NA	135.6	115.2	NA	99.8
Cntn4	250.6	151.6	151.2	0	129.5	129.2	0	69.5	69.4	187.9	89.7	89.6	161.5	131.7	132.5	0	27.9	28.1
Rab28	0	104.2	103.9	0	76.1	75.9	0	79.7	79.5	0	115	114.7	0	108.8	109.3	0	116.2	116.8
Bola3	0	101.9	101.4	146	0	0	105.2	96.3	95.9	95	82.3	81.9	111.7	121.6	121.9	142.1	197.9	198.8
Fkbp2	97	81.3	81	97.5	98.9	98.6	98.7	96.7	96.4	92	90.9	90.7	96.1	99.1	99.5	118.7	133.1	133.9
Tmem222	320.8	0	0	279.2	126.9	126.2	0	0	0	0	122.3	121.8	0	118.4	118.7	0	232.3	233.3
Paip1	117.1	99.9	99.6	102.4	111	110.7	93.5	109.8	109.5	85.4	78	77.8	111.7	100.3	100.8	89.9	101	101.7
Cenpv	43	NA	44.6	18.1	NA	26	19.8	NA	31.5	60.3	NA	69.2	149	NA	152.2	309.8	NA	276.6
Sez6l2	108.7	97.6	97.3	107.5	93.7	93.4	125.1	99.7	99.4	48.1	84.6	84.4	81.8	118.7	119.3	128.8	105.6	106.2
Ipcef1	172.9	132.7	132.2	121.3	113.4	113	0	24.2	24.1	95.8	91.7	91.5	113.6	118	118.5	96.4	120	120.7
Sord	98.2	82.7	82.4	98.7	88.3	88	93.3	87.1	86.8	84.4	96.5	96.3	105.6	120.8	121.3	119.7	124.5	125.2
Fam20b	146.8	144.9	144.6	130.2	113.7	113.5	149.9	159.1	158.8	41.6	36.9	36.8	57.1	64.1	64.5	74.5	81.3	81.9
Cacybp	108.8	103.1	102.8	105.8	99.7	99.4	110.4	110.1	109.8	90.2	95.6	95.4	88.8	94.9	95.4	96	96.6	97.2
Ddx39b	75.4	107.5	112	62.4	81.7	86.4	57	72.1	66.3	102.7	109.6	107.7	169.1	128.2	123.4	133.4	101	104.1
Gss	106.3	75.7	75.4	102.5	74.7	74.4	106.1	77.3	77.1	85.4	103.4	103	107.5	148.3	148.9	92.1	120.6	121.2
Babam1	97.6	128.7	123.6	111.8	104.8	110.9	109.2	102.4	111	111.8	93.6	89	79.6	86.8	86.5	89.9	83.7	79
Tmed4	147.5	154.2	153.8	117.5	125.9	125.5	102.5	93.5	93.2	59.1	45.7	45.6	60.3	64.2	64.5	113.1	116.5	117.3
Cracd	77	NA	63.6	78.9	NA	85.6	114.6	NA	116.9	73.7	NA	84.6	131.3	NA	125.3	124.4	NA	124.1
Lpcat3	99.6	NA	102.7	86	NA	83.5	108	NA	109.5	65.8	NA	65.9	116.3	NA	115.9	124.2	NA	122.5
Lman2	131.7	NA	0	100.1	NA	108.1	102.4	NA	260	74.3	NA	0	77.8	NA	110.2	113.7	NA	121.7
Hbs1l	240.1	94.7	94.4	89.5	83.3	83.1	122.3	138.5	138.1	48.1	83.3	83.2	40.1	72.2	72.5	59.9	127.9	128.7
Zzef1	127.2	NA	106.1	133.5	NA	95.3	118.3	NA	124.3	144.8	NA	103.9	76.2	NA	101.8	0	NA	68.6
Cacng3	170.2	163.1	162.9	150.3	169.8	169.5	94.5	83	82.9	91.6	106.3	106.2	55.3	52.3	52.6	38.1	25.6	25.8
Scn1b	116.2	104.1	103.7	96.8	85.7	85.4	121.9	125.3	124.9	69.1	68.7	68.5	38.1	45.6	45.8	157.8	170.7	171.7
Atp13a1	135.3	105.5	105.2	111.5	122.3	121.9	109.2	110.2	109.9	67.7	75.4	75.3	74.9	75.2	75.6	101.4	111.4	112.1
Ufd1	93	112.7	112.3	90.7	91.9	91.6	86.5	95.3	95	105.7	106.3	106.1	127.4	106.3	106.9	96.7	87.5	88.1
Tnfrsf21	88.4	158.4	158	93.4	39.8	39.7	187.7	138	137.6	104.7	89.9	89.7	91.8	102.5	103.1	34	71.3	71.8
Slc44a2	115	88	87.7	106.3	95.7	95.4	120.5	131.9	131.6	81.4	90.9	90.7	100.4	100.5	101	76.4	93	93.6
Cisd3	107.7	108.6	108.6	110.9	113.2	113.2	110	106.9	106.9	71.5	73.4	73.5	71.2	72.6	72.4	128.7	125.2	125.4
Nit1	82.5	39.8	39.7	115.2	110.2	109.9	118.6	136.1	135.8	129.4	135.5	135.2	85.1	100.9	101.4	69.2	77.4	78
Nudt4	133.8	NA	112.2	98	NA	84.2	87.2	NA	120.3	93.3	NA	79	124.9	NA	124.6	62.8	NA	79.8
Golga5	129.5	147.1	146.7	127.6	122.8	122.6	115.7	103	102.8	68.6	86.4	86.2	57.6	64	64.4	101	76.7	77.3
Dennd4b	156	NA	107.3	140.6	NA	127.2	98.7	NA	131.4	86.1	NA	152.3	67.4	NA	0	51.1	NA	81.8
Mms19	71	62.3	62.1	86.3	84.7	84.4	100.7	104.9	104.5	122.8	113.4	113.1	123.2	115.6	116.1	96	119.1	119.8
Slc25a40	0	65.9	65.6	74.8	90.6	90.2	82.3	61.3	61	104.1	91.7	91.4	193.7	165.6	166.2	145.1	125	125.6
Ccdc90b	83.9	66.2	66	88.2	70.7	70.4	79.4	75.1	74.8	71.8	84.8	84.5	184	189.9	190.6	92.7	113.2	113.7
Tub	88.4	151.7	151.5	73.4	107.8	107.6	308.9	145.8	145.6	0	94.4	94.3	129.3	66.5	66.9	0	33.8	34.1
Pip4p2	0	91.9	91.6	0	102	101.7	0	75.9	75.7	0	103.9	103.6	0	133.9	134.5	0	92.4	93
Ubl3	108.6	117.5	117.2	114.8	101.8	101.5	90.9	86.2	86	85.2	103	102.8	100.7	105.1	105.6	99.9	86.4	86.9
Pik3ca	136.5	112.3	112	105.4	104.4	104.1	89.8	95	94.7	92.2	93.5	93.3	84.4	94.8	95.2	91.7	100	100.6
Rtca	64	88	87.7	105.2	88.6	88.2	42.5	81.4	81.1	80.7	77.6	77.3	156.8	132.9	133.4	150.8	131.6	132.3
Gjb6	77.1	68.2	66.8	59.2	63.1	57	127.9	114.5	127.4	65.7	86.6	66.5	78.9	128.9	77.4	191.2	138.7	204.8
Nae1	55.2	117.9	111.4	86.6	97	99.3	103.4	84	86	143.2	88.5	90.6	120.1	130.1	134.3	91.6	82.5	78.4
Ap1g2	120.2	139.2	138.8	109.7	107	106.7	100.4	91.4	91.2	95.2	93.7	93.5	85.3	84.5	84.9	89.2	84.2	84.8
Dcxr	80.1	95.8	95.4	73.5	72.7	72.4	82.3	87.9	87.6	77.5	69.2	69	103.1	95.3	95.7	183.5	179.1	180
Mrps9	82	63.4	63.2	92.3	98.7	98.3	90.1	80.5	80.2	96.6	96.2	95.9	109.3	128.6	129.1	129.7	132.5	133.2
Rtraf	66.9	96	95.7	109.6	93.7	93.4	78.3	79.1	78.9	92	81.5	81.3	133.4	123.5	124	119.9	126.2	126.9
Hecw2	130.9	139.9	144.6	110.1	108.9	112.5	85.2	74.8	73	110.2	123.7	121.6	94.2	87.6	84.6	69.4	65.1	63.9
Fam241b	167.9	147	148.1	90.6	106.1	106.3	74.9	66.6	67.9	112.7	99.7	98.4	69.8	90.6	90.3	84.1	90.1	89
Chmp7	116.4	107.7	NA	96.7	152.7	NA	109.1	126.6	NA	116	85.7	NA	86	62.6	NA	75.7	64.7	NA
Pkn3	101.6	105.5	105.1	65.9	67.1	66.8	81.8	71.5	71.2	94.2	93.1	92.8	149.4	170.1	170.8	107.2	92.7	93.2
Acot2	0	68.6	68.3	280	110.8	110.3	0	89.4	89.1	0	76.2	76	320	147.3	147.9	0	107.7	108.3
Ube3a	114.8	NA	108.2	97.1	NA	97.4	109	NA	93.3	100	NA	105	108.1	NA	122.2	71	NA	73.9
Grsf1	90	NA	94.1	104.3	NA	98.9	99.2	NA	106	96.5	NA	86.2	98.8	NA	96.5	111.3	NA	118.3
Mtmr7	25.9	135.6	135.3	39.2	109.8	109.5	78.4	86.1	85.9	135.4	95.1	94.9	191.5	108.7	109.3	129.6	64.6	65.1
Lypd1	119.3	91.8	91.6	133.6	131.9	131.6	125.9	124.3	124.1	119.8	118.8	118.6	55.5	62.4	62.8	46	70.8	71.3
Hexb	96.6	113.7	113.4	95.4	108.6	108.3	87.2	93.8	93.5	94.2	93.2	93	108.5	92.2	92.7	118.1	98.5	99.1
Itm2b	83	89.6	89.2	84.5	81.8	81.4	97	84	83.7	74	72.9	72.6	78.6	100.1	100.5	182.9	171.7	172.6
Wdr54	88.5	0	0	106.3	0	0	81.2	600	600	96	0	0	154.1	0	0	73.9	0	0
Sdc4	102.2	NA	108.4	118.9	NA	125.3	145.9	NA	153.4	86.5	NA	77.2	91.5	NA	85.2	55	NA	50.5
Dhrs4	73.9	100.9	100.5	94.3	109.1	108.7	83.2	83.7	83.4	74	59.2	59	133.1	124.6	125.1	141.6	122.5	123.2
Rwdd1	98.1	121.6	121.2	88.2	100.9	100.7	99.4	91.8	91.6	96.5	108.6	108.4	108.5	99.5	100	109.2	77.6	78.1
Pithd1	86.9	99.5	121.5	106.1	117.2	111.7	103.9	106.4	117.5	111	102.4	110.9	100.5	83	53	91.6	91.5	85.3
Gjb2	54.9	73.1	72.8	41	45	44.8	122	129.1	128.5	50.2	52.7	52.5	152.2	136.3	136.8	179.6	163.8	164.6
Aspscr1	132.2	109.4	109.2	104.5	100.8	100.5	97.7	93.2	93	104.5	123.2	123	98.6	105.8	106.4	62.5	67.5	68
Camk2n1	192.1	154.4	NA	130.7	143.3	NA	69.4	75.8	NA	83.4	91.2	NA	83.4	90.6	NA	41	44.8	NA
Abhd17a	89.6	108.1	86.6	145.9	109.5	197	90.7	124.4	82.8	91.8	96.6	69.2	103.6	78.3	79.5	78.5	83.1	85
Spred1	132.1	136	135.7	110	121.7	121.4	78.1	64.8	64.6	103.8	112.5	112.3	96.6	89	89.5	79.4	75.9	76.4
Gramd1b	114	101.2	167.1	129.3	72.3	0	102.8	145.6	123.7	57.9	55.9	51.5	88.7	93.8	132.7	107.3	131.3	125
Col1a1	30.5	27.9	27.8	39	51.3	51	53	53.6	53.3	14.5	4.8	4.7	354	362.5	363.1	109	99.8	100.1
Fau	120.3	NA	115.8	93.8	NA	91.4	90.4	NA	95.7	70.5	NA	69.5	109.7	NA	108.3	115.3	NA	119.3
LOC102547604	167.8	150.3	149.8	77.1	71.1	70.9	80	85.9	85.6	62.1	67.5	67.4	108.7	110.6	111.1	104.2	114.5	115.2
Csk	78.2	NA	37	70.8	NA	75	73.9	NA	45.1	82	NA	68.4	203.9	NA	278.4	91.1	NA	96.1
Scg5	92.2	70.3	70.2	120.3	107.5	107.2	142.7	123.9	123.6	111.1	140.4	140.2	98.4	130.7	131.4	35.2	27.2	27.4
Niban2	92.4	76.5	76.1	75.7	61.6	61.3	65	60.4	60.2	60.6	72.6	72.4	190.1	212.5	213.2	116.2	116.3	116.8
Clvs1	75.5	92.8	92.4	83.4	79.1	78.8	82.9	86.2	85.9	110.7	107.2	106.9	141	122	122.5	106.6	112.7	113.3
Gypc	265.9	228.9	228.4	88	101.8	101.6	46.2	61.4	61.3	72.5	66.1	66	65.2	76.5	76.9	62.2	65.2	65.7
Tceal5	58.6	NA	51.1	97.8	NA	97.2	72.3	NA	69	116.9	NA	118.9	160.8	NA	163.2	93.7	NA	100.5
Usp32	0	NA	129.9	137.5	NA	168.3	176.3	NA	118	98.8	NA	57.3	99.6	NA	0	87.7	NA	126.5
Dnajc10	166.9	NA	109.5	131.6	NA	85.7	83.6	NA	105.3	50.8	NA	88.5	63.7	NA	132	103.5	NA	79
Chmp2b	111	104.9	104.5	103.6	98.3	98	93.2	86.2	86	101.7	97.5	97.3	100.2	120.3	120.9	90.3	92.8	93.3
Dnal1	115.1	113.7	113.4	128.2	112.4	112.1	97.6	90.8	90.6	98.8	95.8	95.6	83.9	97.1	97.6	76.4	90.2	90.8
Diaph1	77.9	93.9	93.7	115.5	123.5	123.2	115.9	106.7	106.4	120	107.9	107.7	90.3	90.8	91.3	80.4	77.2	77.7
Mrps16	80.6	83.6	83.3	98.2	97.1	96.7	87.2	82.5	82.2	85	91.4	91.1	106.2	120.2	120.8	142.8	125.2	125.9
Zyx	121.7	118.1	117.7	85.4	79.1	78.9	120.4	116.3	116	96.9	92.7	92.5	102.5	109.5	110.1	73	84.3	84.8
Chpt1	84.9	71.1	70.7	60.8	50.8	50.5	60.8	54.2	53.9	70.8	62.4	62.1	96.3	86.9	87.1	226.4	274.6	275.7
Pick1	106.8	143.3	143	103.8	112.6	112.4	103	104.1	103.9	125	108.5	108.4	85.1	71.2	71.7	76.4	60.3	60.7
Hnrnpdl	85	93.3	74.1	62.4	86.9	81.9	63.5	68.9	65.8	87.4	75.6	74.4	128.6	118	128.6	173.2	157.4	175.2
Phldb1	79.1	142.8	142.5	83.3	103.7	103.4	77.9	97.6	97.4	114.6	89.5	89.4	111.6	72.9	73.2	133.5	93.5	94.1
Pspc1	89.6	NA	75.2	63.4	NA	50.5	52.9	NA	52.1	65	NA	68.8	112.1	NA	115.8	217	NA	237.6
Uqcr10	0	94.4	94.1	0	101.6	101.3	0	87.6	87.3	0	96.6	96.3	0	122.1	122.6	0	97.7	98.3
Sfr1	110.6	0	0	95.9	146.5	145.9	82	99.1	98.7	69.5	86.9	86.6	158.5	155.6	156.2	83.5	111.9	112.5
Strada	109.8	115.9	115.5	77.7	103.4	103.1	118.3	94.4	94.1	82.4	70.7	70.5	97.6	84.1	84.5	114.2	131.5	132.3
Elp3	90.3	95.2	104.8	149.2	109.4	115.1	95.3	102.3	98	89.7	88	85.4	98.3	98.4	88.5	77.3	106.7	108.2
Ptn	109.5	93.5	93.1	63	69.8	69.5	70.3	69.1	68.8	71.7	65	64.8	182.6	203.6	204.3	102.9	99	99.5
Srpk2	124.1	106.2	105.9	117.8	107	106.7	100.5	95.6	95.4	113.7	120.6	120.4	66	84.3	84.7	78	86.4	87
Agt	68.1	NA	79.5	85.5	NA	79.6	112.1	NA	119.7	106.9	NA	101.3	48.7	NA	41.8	178.6	NA	178
Slc35f1	109.8	85.6	85.4	98.6	95.2	94.9	99.4	103	102.7	115.5	127	126.7	76.2	80	80.4	100.4	109.1	109.8
Ric8a	122.6	110.7	110.4	95.3	100.2	100	117.4	122.8	122.5	91	83.8	83.7	92.5	89.7	90.2	81.1	92.7	93.3
Acp1	85.2	51.4	NA	94.1	0	NA	103	168.3	NA	114.2	158.4	NA	133.6	85.4	NA	70	136.5	NA
Dhtkd1	0	103.4	95	320.5	109.7	104.4	0	92.4	81.9	279.5	66.3	83.5	0	110.9	109.2	0	117.4	126.1
Tmem126a	70.8	92.2	91.8	73.5	77.7	77.4	80	86.6	86.3	108.8	101.1	100.9	138	136.9	137.5	128.9	105.5	106.1
Sardh	97.4	85.9	85.6	129.5	100.7	100.3	43.4	84.1	83.8	32.2	82.5	82.2	171.4	138.1	138.6	126	108.8	109.4
Tor1aip1	135.8	119.6	119.2	86.3	94	93.7	92	83.8	83.6	78.8	74.8	74.6	78.4	89.7	90.1	128.7	138.1	138.9
Vgf	113.3	125.1	124.8	143.8	123.6	123.3	122	109.2	109	97.4	125.3	125.2	123.6	91.8	92.3	0	25.1	25.3
Pacsin3	77.8	93.7	88.3	33.4	99.4	87.6	131.5	88	72.5	85.9	81.4	79.7	156.6	69	94	114.7	168.4	177.9
Ostc	180.8	203.3	202.9	103.6	106.3	106.1	110.6	121.1	120.9	53.4	41.7	41.7	59.8	42.8	43.1	91.8	84.7	85.3
Cacng4	78.5	NA	104.8	75	NA	74.3	54.4	NA	67.6	241	NA	174.9	93.3	NA	101.8	57.8	NA	76.6
Mrps25	74.8	116.3	113.8	104.1	72.1	77.7	94.1	85.5	116.1	90	112.6	94.2	125	116.3	84.3	112	97.2	113.8
Galnt2	136.6	165.7	NA	106.5	121.9	NA	100.3	110.1	NA	86.4	57.2	NA	64	72.1	NA	106.2	73	NA
Emd	107.8	147	146.6	127.5	85.1	84.9	96.8	118.8	118.5	85.3	73.5	73.4	63.6	64.2	64.6	119	111.3	112
Arpp21	124.8	90.5	NA	100.7	86.2	NA	50.7	41.3	NA	274.9	336.9	NA	34.9	36.4	NA	14.1	8.8	NA
Sec24b	96.2	131.3	130.9	91.1	92.5	92.3	111.9	117.3	117	99.9	85.3	85.1	99.6	90.4	90.9	101.2	83.2	83.8
Apex1	62.8	65.2	65	68.6	77.7	77.4	62.1	84.2	83.9	72.2	78.3	78	114.9	161.3	161.9	219.4	133.2	133.9
Nek7	110	114.5	114.2	89	80.7	80.4	136.1	116.3	115.9	79.6	86.9	86.7	101.6	121.4	122	83.7	80.3	80.8
Plch2	104.3	99.5	99.2	98.2	75	74.8	76.4	88.8	88.5	81.8	110.9	110.6	178	154.9	155.6	61.4	70.9	71.3
Kifap3	108	119.1	118.8	95.4	109.8	109.5	114.4	105.2	104.9	94.5	87.3	87.2	100.7	101.2	101.7	87	77.4	77.9
Mboat7	132.1	NA	153.2	124.3	NA	125.2	101.4	NA	107.9	95.6	NA	82.4	78	NA	71.5	68.6	NA	59.8
Mrpl4	82.7	NA	76.4	102.1	NA	126.7	77	NA	81.2	103.2	NA	94.3	126.9	NA	122.8	108.2	NA	98.6
Crip2	0	120	119.7	0	120.7	120.4	239.9	89.4	89.2	220	120.4	120.2	140.1	100	100.6	0	49.5	49.8
Rell2	120.6	134.4	128.6	101.1	111.2	112.3	100.7	102.6	99.7	91.7	83	66	89.1	75.5	114.2	96.8	93.4	79.2
Gclm	108.8	104.2	103.8	74.3	97.7	97.3	65.3	82.4	82.2	120.7	99.1	98.8	117.6	122.8	123.4	113.2	93.8	94.4
Ap1s1	139.9	138.4	138.1	136.5	121.6	121.4	109.7	97.6	97.4	75.2	110.8	110.7	55.4	78.2	78.6	83.3	53.4	53.8
Hsd17b11	0	44.5	44.3	0	90	89.6	600	79	78.7	0	101.1	100.8	0	155.4	155.9	0	130	130.7
Retreg2	120.6	75.4	75.1	102.5	82	81.6	104.2	63.1	62.8	91.7	90.9	90.6	81.4	110.9	111.2	99.6	177.7	178.5
Cd151	108.6	92.7	92.5	118.4	119.3	118.9	97.8	95.6	95.4	110	107.2	107	61.8	70	70.4	103.5	115.1	115.9
Copb2	94.2	NA	91.4	77.7	NA	105.8	86.2	NA	115.2	80	NA	101.6	153.8	NA	110.9	108	NA	75.1
Dnajb14	125.2	40.8	40.6	99.6	71.5	71.2	118.3	103.1	102.7	75.3	108.5	108.1	77.3	111	111.4	104.4	165.2	166
Nck2	126.5	123.3	118	141.4	105.3	107.9	150.6	124.4	122.7	79.1	87.4	83.9	61.2	96	92.1	41.3	63.6	75.5
Galnt16	135.3	NA	123.1	127.8	NA	146	196.1	NA	191.9	47	NA	41.4	45	NA	47	48.8	NA	50.6
Arhgef12	112.8	112.4	112.1	63.6	88.4	88.1	134	104	99.4	84.2	88	87.5	120.3	112.3	117.1	85	94.9	95.8
Plppr3	93.4	110.6	110.4	111.7	116.3	116	106.2	108	107.8	104.5	104.4	104.3	144.1	127.2	127.9	40.3	33.5	33.7
Sphkap	173.1	181.2	178.2	98.6	106.9	108.4	96	84.3	84	29.7	21.3	20.3	80.5	82	86.8	122.2	124.3	122.4
Prmt5	112.5	NA	69.9	95.4	NA	97	106.7	NA	103	101.9	NA	85.9	104.5	NA	125.6	79	NA	118.6
Rasgef1a	152.6	131.8	121.3	104.3	121.6	120.5	159.8	193	202.7	72.7	73	79.5	75.5	51.9	55.5	35.2	28.6	20.6
Clstn3	87.3	NA	101.9	76.6	NA	187.1	98.8	NA	68.8	126.6	NA	92.3	84.3	NA	35	126.4	NA	114.8
Tspan15	93.8	87.6	87.3	106.7	118.8	118.5	83.5	90.1	89.9	104.1	107.9	107.6	100.2	84	84.4	111.6	111.6	112.3
Bag2	99.9	97.2	96.8	79.9	77.9	77.6	130.6	118.9	118.5	50.6	57.8	57.6	103.4	104.9	105.4	135.6	143.3	144.1
Nsdhl	142.4	127.3	126.9	100.5	118.9	118.6	111.8	84.3	84.1	84.4	74.6	74.4	76.6	104.1	104.6	84.3	90.8	91.4
Olfm3	117.4	134.2	133.7	102.5	118.4	118	69.6	54.1	53.9	97	65	64.8	46.9	59.5	59.8	166.7	168.8	169.8
Rbbp4	35.4	107.6	107.3	107.4	74.1	73.8	106.9	62.6	62.4	73.1	120.9	120.5	61.5	67.9	68.2	215.7	166.8	167.8
Enoph1	103.7	122.5	128.7	84.1	115.6	100.6	93.7	95.2	98.2	133.1	113.6	120.7	112.7	100.8	94.5	72.7	52.4	57.3
Spryd7	85.1	NA	119.3	91.8	NA	122.3	106.3	NA	101.8	94.2	NA	87.2	121.9	NA	73.8	100.8	NA	95.6
Mt-nd4	98.9	85.6	85.8	108.5	96.7	97.9	106.3	95.4	95.5	98.1	96.6	98.3	88.4	121	118.8	99.8	104.7	103.8
Fuom	0	97.4	97.1	119.5	186.5	185.9	95.3	0	0	103.6	121	120.7	157.3	0	0	124.4	195.1	196.3
Fkbp1b	121.3	110.8	110.5	110.2	93.5	93.3	121	110.7	110.4	101	91.6	91.4	75.2	117.5	118.1	71.3	75.8	76.3
Lcp1	77.9	94.4	95.3	108.1	110.1	111.2	118.6	139.6	137	68.4	76	76.8	148.3	103.9	102.4	78.8	75.9	77.4
Abcc1	119.4	NA	129.3	86.8	NA	104	118.2	NA	111.3	88.7	NA	124.5	96.8	NA	79.3	90.1	NA	51.6
Grik3	123.9	124.6	124.3	129	105.7	105.4	0	74.7	74.5	130.7	92.5	92.3	120.8	119.6	120.2	95.6	82.9	83.4
Heatr5b	124.9	74.6	74.4	79.1	106.2	105.8	111	93.6	93.3	110	104.5	104.3	89	116.6	117.2	86	104.4	105
Fgfr1	85.9	121.6	121.2	87	58.3	58.1	140.9	164.1	163.5	45.7	0	0	109.2	133.6	134.2	131.3	122.3	123
Txndc5	92.3	129.1	103	102.8	113.5	111.7	126	112.5	92.6	73.5	91.8	76.3	87.4	72.2	98.2	117.9	80.9	118.1
Dgkh	122.6	132.8	132.6	98.1	107.9	107.7	110	115.9	115.7	91.6	116.3	116.2	44.3	58.4	58.8	133.4	68.5	69
Slc14a1	81	79.9	95.1	97.9	89.3	95.3	127.8	116.1	109.7	77.3	86	95.8	132.7	151.7	129.5	83.2	77	74.5
Sec11a	92	104	NA	98.8	108.2	NA	100.1	99.1	NA	95.2	80.7	NA	120	104.9	NA	93.9	103.2	NA
Dnajc3	89.3	142.4	142	111.7	116.9	116.6	105.3	98.7	98.5	82.4	55.3	55.2	77.3	65.8	66.1	134	120.8	121.6
Rcc2	74.2	81.7	77.6	66.9	56.2	49.1	37.7	52.3	41.4	90.5	85	92.3	101.5	109	118.9	229.2	215.9	220.8
Lcmt1	98	101.5	119	100.3	87.9	107.4	94.9	98.4	104.8	116.4	88.3	106.3	105.9	113	96.2	84.5	111	66.3
Vps26c	88	108.5	108.2	84.2	94.7	94.4	106.9	111.2	110.9	87.5	86.5	86.3	124.5	106.3	106.8	108.9	92.9	93.5
Arl6ip1	92.2	122.5	92.9	114.1	104.8	91.7	100.9	103.7	94.1	109.4	88.3	103.7	69.2	82.1	119.8	114.2	98.6	97.7
Cntnap4	93.8	98.4	98	94.3	95.9	95.5	80.4	72.8	72.6	62.3	65.3	65.1	142.6	140	140.6	126.6	127.6	128.3
Ifi47	80.9	63.8	63.5	60.2	51.7	51.4	51.1	0	0	52.8	61.6	61.3	273.3	366.2	367	81.7	56.6	56.8
Eef1e1	87.1	115.3	115	107.3	75	74.8	93.1	116	115.7	80.2	101.5	101.3	129	103.2	103.7	103.3	89	89.6
Dync1i2	125.9	119.6	119.2	101	99.7	99.4	78.5	76	75.8	94.5	95.5	95.3	105.3	109	109.5	94.8	100.2	100.8
Sos2	114.5	94.6	94.3	68.3	113.8	113.5	110	66.3	66.2	99.6	136.9	136.6	107.5	95.4	95.9	100.1	93	93.6
Stum	148.7	194.2	146.2	100.6	64.4	72.4	177.9	209.3	159.8	108.6	132.1	116.7	55.8	0	51.6	8.4	0	53.3
Msrb2	112.6	98.2	97.9	95.3	100	99.7	75.3	79.9	79.7	132	129.7	129.4	124.3	125.6	126.3	60.5	66.5	66.9
Nol3	0	139.9	139.6	146.4	134.9	134.6	40.5	52.7	52.6	132.8	114.7	114.5	200.2	106.1	106.7	80.1	51.7	52
Nf2	108.7	111.5	111.1	92.8	75.7	75.5	99.1	140.1	139.7	96.1	62.1	62	94.9	114.6	115.2	108.5	96	96.6
Acot8	108.6	114.3	114	96.7	90.7	90.5	110	104.8	104.5	83.4	83.8	83.6	72.9	88.1	88.5	128.5	118.3	119
Nos1ap	72.2	49.1	48.9	62.9	81.5	81.1	85.5	104.9	104.4	40.4	37.2	37	146.7	129.9	130.3	192.3	197.3	198.2
Chmp2a	115.4	113.2	112.9	108	106.5	106.2	93	70.6	70.4	118	113.8	113.5	85.6	118.5	119.1	80	77.4	77.9
Vkorc1l1	173.9	NA	149	104.7	NA	129.9	93.2	NA	98.2	77.5	NA	80.6	63.3	NA	55.1	87.5	NA	87.2
Jakmip2	170.9	NA	157.2	68.9	NA	114.8	100.7	NA	122	93.1	NA	69.7	99.3	NA	93	67	NA	43.3
Rabep2	73.9	NA	96.3	90	NA	97.8	91.1	NA	90	96.9	NA	94.7	134.6	NA	131.8	113.5	NA	89.4
Ptp4a3	132.1	118.7	118.4	110	120.5	120.1	91.2	92.4	92.2	77.2	85.8	85.6	115	106.9	107.4	74.4	75.8	76.3
Lgals1	80	64.3	63.9	53.4	46.5	46.2	70.7	61.7	61.4	38.8	50	49.8	167	163.6	164	190.1	213.9	214.7
Pank4	132.2	NA	103.9	68.7	NA	84	60.6	NA	62.7	111.3	NA	94.3	118.4	NA	81.1	108.8	NA	174.1
Myg1	126.1	108.7	108.3	81.5	88.1	87.8	78.3	82.1	81.9	105.2	102.1	101.8	133.6	151	151.7	75.2	68	68.4
Hnrnpl	81.2	66.7	66.3	67.5	49.9	49.6	72.9	49	48.8	62.9	65	64.7	88.9	77	77.1	226.7	292.4	293.5
Gpr37	106.5	111	110.7	111.5	110.8	110.6	137.3	126.2	126	102.4	111	110.8	44.3	44.9	45.2	98.1	96.1	96.8
Nipa1	152.5	144.9	144.5	110.2	107.6	107.4	96.9	107.3	107.1	95	88.4	88.3	68.9	69.8	70.2	76.4	82	82.5
Dao	11.9	NA	0	2.3	NA	0	0	NA	0	19.2	NA	21.9	0	NA	0	566.6	NA	578.1
Capg	43.3	62.8	62.5	0	41.4	41.2	0	78.3	77.9	80.1	43.4	43.2	335.6	268.9	269.6	141	105.2	105.6
Hsd17b8	57.5	71.5	59.6	92.1	95.4	86.7	93	97.7	98.7	113.5	103.4	104.9	119.4	91.1	83.3	124.5	140.9	166.7
Rab9b	130.6	126.2	126	128.1	122.1	121.8	118.3	114.8	114.7	120.8	124.6	124.4	45.1	49.3	49.6	57.2	63	63.5
Lhpp	0	105.5	105.3	206.1	127.2	126.9	106.1	107.5	107.3	148.9	141.6	141.5	138.9	118.2	118.9	0	0	0
Degs1	0	NA	125	600	NA	100.7	0	NA	92.6	0	NA	74	0	NA	75.2	0	NA	132.5
Nars2	73.7	NA	88	83.6	NA	87.8	93.7	NA	75.9	104.9	NA	122.7	128.6	NA	115.8	115.5	NA	109.9
Sae1	114	NA	114.7	94	NA	93.4	69.6	NA	76.8	74.3	NA	78.1	146.9	NA	143.6	101.3	NA	93.4
Necab1	162.9	134.8	134.7	125.9	137	136.8	107.1	117.6	117.5	142.9	135.5	135.4	61.1	56.6	56.9	0	18.5	18.7
Cnst	105.9	NA	93.2	107.1	NA	114.8	82.5	NA	71.3	116.5	NA	119.6	91.2	NA	94.7	96.9	NA	106.4
Bola2	113.8	118	117.7	88.7	105.5	105.3	98.5	107.4	107.2	108.2	104.4	104.2	103.4	105.8	106.3	87.3	58.9	59.3
Rplp1	104.1	115.4	115.1	85	91	90.6	104.8	95.4	95.1	71	68.1	67.9	119	127.2	127.8	116.2	102.8	103.4
Pex1	83.3	NA	99	152.5	NA	101.3	62.5	NA	99.4	97.6	NA	82.6	110.6	NA	113.8	93.7	NA	103.9
Pfdn6	118.3	118.4	123.4	116.7	114.4	109.6	73.9	93.1	95	116	96.5	95.8	108.5	94.3	93.2	66.6	83.3	83.1
Emc10	152	136.9	NA	105.2	99.2	NA	86.7	108.2	NA	69.5	70	NA	64.9	57.8	NA	121.8	128	NA
Ugcg	74.9	131.6	131.3	128.1	130.5	130.2	135.4	117	116.7	110.4	56.2	56.1	0	83.7	84.1	151.2	81	81.6
Snx16	117.7	80.4	80.1	131.6	78.3	78	70.7	94	93.7	100.5	71.4	71.1	112.4	135.9	136.4	67.1	139.9	140.6
Foxred1	83.3	79.4	79.1	93.4	96.3	96	95.3	82.6	82.3	92.2	98.2	97.9	133.2	131.7	132.2	102.6	111.9	112.5
Wdr45	114.2	116.4	116.1	111	103.1	102.7	110.8	102.9	102.6	103.3	85.5	85.3	65.2	80.3	80.7	95.6	111.8	112.5
Cnpy2	96.6	257.6	256.2	100.2	0	0	107.8	0	0	78.7	0	0	85.5	0	0	131.2	342.4	343.8
Nisch	121.6	112.6	112.3	86.8	98.5	98.2	67.4	78.6	78.4	119.5	139.7	139.4	119.1	94.1	94.6	85.7	76.4	76.9
Tmem160	95	94.5	94.2	108.3	107	106.7	107.5	90.5	90.3	132.6	132.4	132.2	95.4	112.1	112.7	61.3	63.5	63.9
Mrps18a	32	62.3	62.1	70.8	127.9	127.4	102.1	75.6	75.4	120	96	95.7	139.9	120.9	121.5	135.1	117.3	117.9
Ccdc33	84.5	NA	112.2	65.2	NA	76.1	79.5	NA	97.1	87.9	NA	72.6	103.6	NA	88.6	179.3	NA	153.4
Plekhm2	112	NA	58.6	90.5	NA	91.3	116.4	NA	95.5	100.5	NA	106.2	76.3	NA	144.3	104.3	NA	104
Lrrc40	91.5	104.3	103.9	111.7	88.6	88.3	71.6	73.4	73.1	101.7	97.9	97.6	123.7	128.2	128.7	99.8	107.6	108.3
Psmd14	107.6	117.7	117.4	93	107.5	107.2	97.2	108.5	108.2	100.7	82.2	82	107.9	83.4	83.8	93.6	100.7	101.4
Dad1	183.5	149.5	149.1	85.9	101.9	101.6	108.7	103.4	103.1	66.7	45.4	45.3	47.4	70	70.3	107.8	129.9	130.7
Mt-nd3	0	78	77.7	125.2	133.9	133.5	0	41.8	41.7	190.5	120.5	120.2	84.5	150.3	150.9	199.8	75.5	75.9
Mifl2	0	115.9	115.6	0	103.8	103.5	0	106.6	106.3	0	96.6	96.4	0	99.6	100.1	0	77.6	78.1
Tspan9	62.6	94	93.7	93.7	119.4	119	150.1	91.2	91	72.9	95.7	95.4	110.7	103.3	103.8	110.1	96.5	97.1
Brsk2	105.6	82	79.1	104.1	140.3	142.8	106	86.3	86.4	109.6	116.7	116.7	65.1	101.4	104.5	109.7	73.3	70.5
Slco1c1	142.1	108.9	108.8	120.2	123.2	123	150.5	172.7	172.5	100	103.4	103.3	48.1	52.9	53.2	39.1	38.9	39.2
Abca2	148.9	88.3	87.9	115.4	101	100.6	104.5	84.8	84.5	73	86.4	86.2	64.5	71.2	71.5	93.8	168.4	169.3
Ica1	109.3	109.9	116.2	98.6	115.4	118.3	95.8	106.8	104.5	125.5	113.2	108	88	73.3	75.8	82.8	81.3	77.2
Dctn6	54	106.6	99.3	91.7	105	104.9	84.3	98.4	98.6	126	99.9	101.1	138.2	105.9	108.4	105.8	84.2	87.6
Npc2	109.1	106.6	110.3	83	89.1	81.6	72.2	73	61.2	87.6	82.1	87.6	135.6	135.9	135.9	112.5	113.3	123.4
Aarsd1	90.6	67.4	67.1	87.1	87.8	87.4	79.6	53.7	53.5	80.5	79.4	79.1	130.9	156.9	157.4	131.3	154.8	155.5
Lpgat1	113.3	108.8	108.4	82	96.2	95.8	70.8	79.6	79.3	97.1	86.1	85.9	57.8	58.8	59.1	178.9	170.5	171.5
Htra2	0	83	82.7	0	122.9	122.6	0	119.1	118.8	0	92.4	92.2	0	100.4	100.9	0	82.2	82.7
Mxra8	51.2	37.5	37.3	65.8	61.6	61.3	124.9	120.4	119.9	68	80	79.8	165.8	178	178.6	124.4	122.5	123.1
Zfp706	57.6	NA	128.4	84.1	NA	93.1	75.6	NA	71.1	115.8	NA	79.6	157.4	NA	129	109.6	NA	98.8
Eif3g	100	NA	79.6	96.2	NA	90.7	102.1	NA	95.3	89.9	NA	79.5	104.6	NA	124.3	107.2	NA	130.6
Lrp1b	132.2	155.5	155.2	89.6	108.8	108.6	125.6	120.3	120.1	82.3	104.3	104.2	94.8	62.1	62.5	75.5	49	49.3
Nudt9	106.8	101.2	101.5	113	105.9	106.4	87.8	90.7	89.7	88.8	90.4	90.3	89.5	114.8	115.2	114	97	96.9
Sdhd	94.7	80.2	79.9	98.8	96.1	95.8	98.1	90.1	89.8	92.3	92.7	92.4	118.5	132.9	133.5	97.7	108	108.7
Cntfr	114.8	101.3	101	88.8	97.1	96.8	118.9	111.4	111	71.9	73.7	73.5	77.3	73.9	74.2	128.2	142.6	143.5
Mctp1	77.6	NA	87.6	56.5	NA	48.2	94.8	NA	93.3	110.1	NA	108.5	71	NA	60.9	190	NA	201.5
Alpl	78.4	83.8	83.5	103.9	109.9	109.5	117	117	116.6	60.6	63	62.9	136.3	132.1	132.7	103.9	94.2	94.8
Mipep	91.2	91	90.7	89.6	105	104.7	105.1	100.3	100	100.6	86.8	86.6	92	103.8	104.3	121.5	113.1	113.7
Ttpal	97.7	130.9	130.6	96.3	110.8	110.5	131	128.2	128	127.5	98.2	98.1	86.6	84.4	84.9	61	47.5	47.8
Skic3	100.8	106.8	106.5	104.1	107.9	107.6	114.8	106.8	106.6	85.7	97.5	97.3	110	88.6	89.1	84.6	92.3	92.9
Lrfn1	135.7	117.1	119.3	118	120.3	126.2	137.4	140.2	139.2	71.7	80	85.6	81	80.3	75.2	56.1	62	54.4
Pam16	62.4	90	89.7	89.7	100.9	100.5	87.4	83.6	83.3	118.9	112.2	111.9	137.8	120.9	121.5	103.7	92.4	93
Usp30	0	79	78.8	0	86.2	85.9	0	99.9	99.6	0	104.2	104	0	145.9	146.6	0	84.7	85.2
Pllp	90.3	NA	97.9	146.7	NA	120.3	89.4	NA	90.1	106.5	NA	103.7	46.5	NA	70.6	120.6	NA	117.4
Uba5	91	122.9	122.7	118.8	115.7	115.4	96.6	107.2	107	130.3	116.8	116.7	81.5	73.7	74.1	81.8	63.7	64.1
C8h3orf18	61.7	68.8	68.4	53.4	64.1	63.8	42.1	63.8	63.5	52.1	34.9	34.7	222.8	168.3	168.7	168	200.1	200.9
Tmed2	179.4	180.9	180.6	113.7	124.3	124.1	110.3	105.9	105.7	50.7	47.6	47.5	53	55.5	55.8	92.9	85.8	86.4
Dhodh	0	75.7	75.4	0	78.1	77.8	0	86.6	86.3	0	96.4	96.1	0	157.6	158.2	0	105.6	106.2
Lman1	144	138.7	138.3	115.4	111.1	110.8	114.2	103.1	102.8	28.7	52.6	52.5	65.7	79.1	79.5	131.9	115.5	116.2
Fam3c	0	147.1	146.7	0	123.1	122.7	0	105.7	105.5	0	48.3	48.2	0	64	64.4	0	111.7	112.5
Ube2z	92.9	116	115.7	116	92.8	92.5	83.2	89.1	88.8	113.1	108	107.8	115.2	106.1	106.6	79.6	88	88.5
Nit2	94.5	101.6	115.1	116.9	96.3	98.3	97	85.9	88.2	104.9	107.8	99.1	107.8	121.4	115.7	78.9	87	83.6
Aspa	105.2	NA	100.4	89.5	NA	91.9	80.1	NA	75.3	135.8	NA	142.4	110	NA	114	79.3	NA	76
Rps6	86	113.6	114.2	106.5	79.4	73	104.9	88.5	77.1	93.8	76.8	85.8	111.4	124.9	116.7	97.4	116.8	133.2
Eif3j	110	98.5	87.5	101.5	97.1	95	85.7	94.8	91.3	92.9	96.2	94.7	122.9	112.6	131.5	86.9	100.8	100.1
Bcat2	97.3	93.2	92.8	73.5	68.5	68.2	99.6	98.2	97.8	38.1	39.6	39.5	145.5	149.4	149.9	146	151	151.8
Farsa	0	94.5	94.2	0	81.7	81.4	0	76.7	76.4	0	95.8	95.5	0	135.7	136.2	0	115.6	116.3
Zdhhc9	102	98.2	98	112.4	117.8	117.6	87.8	118.5	118.2	135.3	130.8	130.7	63.5	48.5	48.8	99.1	86.1	86.7
Ppil1	111	NA	128.4	95.5	NA	103.8	93.6	NA	85.5	107.3	NA	105.2	101.6	NA	104.5	91	NA	72.6
Mal2	134.7	141.9	141.8	130.2	127.4	127.2	151.4	152.3	152.1	107.1	105.6	105.6	38.1	40.2	40.5	38.4	32.6	32.8
Tlnrd1	102.1	101	100.7	84.6	85.6	85.3	60.8	63.4	63.3	138.9	163.3	163	104.5	75.5	75.9	109.1	111.1	111.8
Gfm1	99.8	79.8	NA	106.3	99.8	NA	84.4	81.2	NA	91	94.9	NA	92.6	101.1	NA	126	143.2	NA
Ccdc6	113.2	96.6	96.4	106.3	132.6	132.3	118.3	107.4	107.2	106.4	118.4	118.2	88.9	80.4	80.8	66.9	64.7	65.1
Pgrmc1	125.1	0	136.1	111.7	0	115.8	102.7	0	98	108.3	0	105	91.3	0	92.5	60.9	0	52.6
Mrps15	75.8	76.3	71.4	95.4	85.3	85.5	90.4	77.4	79.9	102.8	96.5	95	124.8	116.9	109.9	110.8	147.5	158.3
Katnb1	115.2	128.8	128.4	98.5	110.6	110.3	84.9	98.4	98.2	114.1	92	91.9	133.9	101.3	101.8	53.4	68.9	69.4
Micos10	84	62.8	62.5	102.1	84.7	84.4	95.9	84.8	84.5	108.3	101	100.7	108.9	162	162.7	100.8	104.7	105.2
Amot	0	98.7	98.5	0	108.8	108.5	0	137.1	136.8	0	62.3	62.1	0	101.9	102.4	0	91.2	91.7
Usp47	87.1	243.7	243.1	103.6	0	0	103.2	172.1	171.7	97.9	0	0	105.1	184.2	185.2	103.1	0	0
Shisa4	162.6	NA	109.5	113.3	NA	119	112	NA	111.4	79.4	NA	102.9	80.4	NA	72.4	52.2	NA	84.8
Dnajb2	108.4	NA	72.8	119.9	NA	97.2	84.6	NA	77.2	92.9	NA	116.5	78.8	NA	75.1	115.3	NA	161.2
Osgep	82.3	108.6	108.2	80.7	87	86.7	92.5	78.5	78.3	89.2	96.7	96.5	147.8	128	128.6	107.5	101.2	101.8
Nudt19	67.2	113.1	112.8	86.9	75.6	75.3	104.8	65.7	65.5	125.5	116.2	115.9	98.8	107	107.4	116.8	122.4	123.1
Nbas	110.2	116.1	115.7	106.3	98.9	98.6	110.3	92.9	92.7	77.7	73	72.8	85.4	85.3	85.7	110.1	133.8	134.6
Mrpl14	90.3	89.8	89.5	105	108.5	108.2	80.4	86.4	86.1	96.7	91.4	91.2	124.5	121.5	122	103.3	102.4	103
Wdr91	110.9	83.3	83	120.9	89.2	88.8	105.2	88.6	88.3	76.4	79.1	78.8	104.6	82.1	82.4	82	177.7	178.7
Ptprj	136.5	140.1	139.7	124.4	106.4	106.1	115.4	128	127.7	70.3	71.8	71.7	69.9	77.9	78.4	83.4	75.8	76.3
Slc38a1	0	74.5	74.1	0	71.2	70.9	0	42.1	41.9	0	63.9	63.6	0	113.5	113.8	0	234.6	235.6
S100a1	86.1	NA	72.5	78.4	NA	79.5	64.5	NA	103.4	122	NA	97.8	149.4	NA	118.3	99.6	NA	128.5
Atxn2	142.4	95.9	95.5	92.8	86.3	86	83.4	85.7	85.4	72.6	72.2	72	99.7	128	128.5	109.1	132	132.7
Tp53i11	142	165.6	165.1	95.4	110.9	110.6	89.7	84.2	83.9	52.6	50.7	50.6	109.2	77.7	78.1	111	110.9	111.6
Map4k5	79.1	120.7	120.4	98.7	103	102.7	85.3	77	76.8	106.9	94.6	94.3	122.6	111.7	112.3	107.4	92.9	93.5
Sec62	134.1	122.4	122	95	93.1	92.8	89.8	91.4	91.1	71.9	89.7	89.5	94.8	97.5	98	114.4	105.8	106.5
Syvn1	179	158.1	145.5	121.3	115.3	112.9	116.3	119.7	127.4	46.1	55.7	61.1	51.7	55.7	54.4	85.6	95.4	98.8
Actl6a	49.8	28.9	28.7	51.1	53	52.7	49.7	45.4	45.2	81.1	92.8	92.4	161	167.8	168.2	207.2	212.1	212.8
Map1lc3b	90.7	104.5	95.4	83.6	82.6	90.7	115	102.2	108	96.9	93.2	97.3	119.9	137.8	115.7	94	79.7	92.9
Nub1	0	130.9	130.5	0	71.7	71.5	0	104.8	104.5	0	112.3	112	0	109.9	110.5	0	70.5	71
Scamp4	89.8	104.3	104	90	92.9	92.6	102.6	103.3	103	96.8	96	95.8	132.4	122.8	123.4	88.4	80.8	81.3
LOC120094797	84.4	87.9	87.6	120	127.9	127.5	84.7	91	90.7	72.9	78.2	78	145.2	128.7	129.3	92.8	86.4	87
Ubxn4	110.3	0	0	97.2	0	10.4	64.7	0	13.7	86	0	24.2	119.3	0	70.1	122.5	0	481.5
Crabp1	51.9	62.9	62.6	48.3	56.9	56.7	39.8	83.6	83.3	98	89.2	88.9	260	221.5	222.2	101.9	85.9	86.3
Rpl19	132	125.2	NA	90.6	99.7	NA	81.1	99.5	NA	63.2	63.3	NA	144.6	102.5	NA	88.5	109.9	NA
Ro60	101.1	103.5	101.3	77.5	95.9	95.4	120.9	88.5	88.4	69.1	84.7	83.5	101.8	109.3	113.9	129.5	118.1	117.6
Wdr82	114.4	83.2	82.9	97.6	72.3	72	99.6	97.5	97.1	75.9	88.8	88.6	88.9	101.9	102.3	123.6	156.4	157.2
Txndc17	183.2	143.5	143	0	0	0	0	64.6	64.4	172.7	140.3	139.8	167.2	148.7	149.3	76.9	103	103.5
Coq8b	100.6	NA	92.8	112.3	NA	110.3	85.9	NA	72.8	89.4	NA	91.1	122.7	NA	150.6	89.2	NA	82.4
Cox17	88.2	88.9	88.7	106.1	109.2	108.9	81.5	84.8	84.5	114.6	110.2	110	109.4	114.1	114.6	100.2	92.7	93.3
Grip2	115.8	133.1	132.7	69.2	89.1	88.8	81.2	60.7	60.5	111.3	92.6	92.3	161	115.8	116.4	61.5	108.7	109.3
Selenbp1	107.4	99.3	97	130.7	118.5	94.4	114.4	79.9	91.4	93.6	127.2	115	61.9	61.8	71.2	92	113.4	130.9
Use1	109.9	109.8	109.5	101	91.1	90.8	91	95.1	94.8	83.8	83.3	83.1	82.9	87.4	87.8	131.3	133.2	134
Cyp51a1	111.3	NA	127.5	143.4	NA	84.6	167.5	NA	87.1	76.3	NA	79.3	44.1	NA	99.8	57.3	NA	121.7
Mrps34	0	86.9	86.5	0	100.2	104.8	0	95.3	98.4	0	102.4	100.9	0	111.8	104.7	0	103.4	104.8
Tmem167a	69.5	82.6	82.3	111.6	100.9	100.6	78.2	94.1	93.8	125.7	111.9	111.6	113.4	107.5	108	101.7	103.1	103.7
Shd	95.8	NA	105	116	NA	116.7	84.8	NA	82.4	93.1	NA	90	53.3	NA	53.5	157	NA	152.5
Pmm2	106.7	117	116.7	96.3	93.8	93.5	88.8	101.1	100.9	122.4	106	105.8	108.8	108.6	109.2	77	73.5	74
Osbpl6	111.4	130.9	130.6	95.6	104.9	104.6	106.5	103.4	103.1	76.9	80.3	80.1	73.3	64.1	64.4	136.2	116.5	117.2
Fam171a1	95	0	0	78.1	0	0	137.7	600	600	100.9	0	0	105.8	0	0	82.4	0	0
Hectd3	108.8	112.2	111.9	87.8	84.8	84.6	112.6	111.7	111.4	102.6	115.6	115.4	86	87.8	88.2	102.2	87.9	88.5
Atp5mc2l2	77.4	70.4	98.4	69.9	78.4	90.8	94.5	104	108.5	93.3	102.8	97.5	130.4	133.9	106.2	134.5	110.5	98.7
Ankrd46	0	120.2	109.8	0	90.5	90.9	0	95	94.9	0	75.7	78.3	0	86.4	96.6	0	132.3	129.5
Kif21b	126.2	131.4	131	101.5	110	109.7	140.4	92.6	92.4	76.1	65.5	65.4	117.6	148.4	149.2	38.2	52.1	52.4
Mien1	124.1	NA	119.9	95.3	NA	101.9	87.1	NA	94.1	130.3	NA	110.3	83.8	NA	85.7	79.5	NA	88
Ly6e	145.7	NA	118.3	96.5	NA	109.6	145.4	NA	148.2	90.2	NA	87.7	62.4	NA	66.1	59.9	NA	70.1
Naa15	191.3	107.8	67.9	126.5	101.8	117.6	0	98.1	119.8	155	97	91.9	127.2	100.6	114.3	0	94.7	88.5
Eif3l	111.4	102.8	102.4	85.1	77.6	77.3	102.8	99.9	99.5	82.3	72.2	72	102.4	116.2	116.7	116.1	131.4	132.1
Renbp	0	108.7	108.4	163.2	87.4	87.1	110.7	82.3	82.1	129.4	131.3	131	60.4	102	102.5	136.3	88.3	88.9
Chmp5	90.1	114.9	114.6	85.3	96.8	96.5	86.5	80.5	80.2	115.2	119.7	119.4	115.3	94.7	95.2	107.6	93.4	94
Mios	108.8	144.7	NA	72.9	110.5	NA	72.1	0	NA	96.1	145.4	NA	108.9	102.3	NA	141.1	97.2	NA
Mrpl40	0	73.5	73.3	0	103.5	103.1	0	94.3	94	0	92.7	92.5	0	136.4	137	0	99.5	100.1
Cald1	73	81.7	81.3	39.1	47.8	47.6	76.5	83.1	82.7	40.3	34.2	34	193.7	183.7	184.2	177.4	169.5	170.2
Slc31a1	86.2	NA	55.6	89.2	NA	89.7	188.5	NA	152.2	69.7	NA	123.3	98.4	NA	74.9	68	NA	104.2
Lpcat1	120.6	40.1	40	120.2	128.9	128.5	79.4	89.3	89	78.4	123.8	123.5	110.8	127.5	128.1	90.7	90.3	90.9
Chmp1a	126	110.3	110	102.9	95.7	95.5	100.2	110	109.7	98.4	101	100.8	105.5	105.9	106.4	67.1	77.1	77.6
Eif2s2	94.8	95.8	95.4	81.6	89.8	89.5	91	91.8	91.5	96.1	89.3	89.1	118.1	120	120.5	118.4	113.2	113.9
Tmem186	71	87.8	76.8	92.1	97.2	89.9	74	72.7	72.5	108	107.6	104.8	129.6	120.2	126.8	125.2	114.5	129.3
Atg3	134.7	102.9	104.3	88.6	92.5	93	72.7	77.4	76.5	113.2	107.7	106.9	99.2	99.9	100.2	91.5	119.6	119.2
Gdpd5	93.5	89.2	88.9	80.9	66.1	65.8	68.7	59.6	59.3	113.1	123.4	123	162	188.2	189	81.8	73.5	73.9
Trpm3	50.3	67.4	67.1	44.7	47	46.7	68.4	67.6	67.2	69.4	76.8	76.5	107.1	105.8	106.1	260.1	235.4	236.3
Enpp1	65.8	NA	74.3	51.3	NA	50	69	NA	66.7	37.8	NA	55.3	202.6	NA	205.4	173.4	NA	148.2
Snrk	122.3	101.9	101.5	85.2	86.5	86.2	99.2	101.7	101.4	84	84.4	84.2	92.8	96.4	96.8	116.5	129.1	129.9
Ankrd13d	126.4	99.2	98.9	113.5	113.9	113.6	107.9	109.4	109.2	106.8	97.9	97.7	94.2	98.9	99.4	51.1	80.6	81.1
Pde6d	0	87.2	86.9	101.6	83.7	83.4	134.5	96.2	95.9	0	98.7	98.4	197.3	112.2	112.7	166.6	121.9	122.6
Plekhd1	74.2	61.1	60.7	97.9	56.6	56.2	59.4	62.4	62	46.2	0	0	72.4	98.2	98.4	249.9	321.7	322.7
Tmeff2	0	NA	103.5	317.7	NA	141.1	156.4	NA	124.7	125.9	NA	73.6	0	NA	97.9	0	NA	59.2
Sepsecs	600	69.7	69.5	0	117.9	117.5	0	99.6	99.3	0	87.4	87.2	0	140.2	140.8	0	85.2	85.8
Ppgb	125.2	100.2	99.9	78.9	95.9	95.5	88.5	89.6	89.3	79	85.2	85	103	111.7	112.2	125.3	117.4	118.1
Pak5	144.1	114.4	114.2	129.9	137.8	137.5	83.3	123	122.8	92.2	84.6	84.4	56.2	68.5	68.9	94.4	71.7	72.2
Mfsd6	110.1	0	80.8	104.6	207	131.9	114.9	0	80.4	134.3	393	167.4	81.5	0	75.4	54.6	0	64.1
Stard10	40.8	100.4	100.1	0	80.3	80	0	44.1	44	219.5	133	132.7	223.2	144	144.6	116.5	98.1	98.7
Igsf9b	102.1	91.7	96.5	132.5	126.6	124.9	76.1	80.2	90.3	101.2	120.3	111.4	57.9	50.4	45.3	130.2	130.7	131.6
Igsf11	96.8	86.1	85.8	86.2	90.8	90.5	118.9	98.2	97.9	96.9	91.7	91.4	103.7	117.5	118	97.5	115.7	116.4
Pgbd5	105.5	NA	127.8	112.5	NA	88.1	135.5	NA	131.8	97.4	NA	105.3	58.1	NA	78.3	91.1	NA	68.7
AABR07060872.1	81	57.6	57.3	67.6	50.6	50.4	75.3	59.7	59.5	58.5	62.6	62.3	223.5	261.9	262.6	94	107.5	107.9
Thumpd1	111.5	76.3	76	92.1	0	0	85.9	149.3	148.7	83.4	113	112.7	126.9	211.3	212.1	100.2	50.1	50.4
Ccdc28a	0	109.7	109.5	129.6	121.4	121.2	147.9	130.1	129.9	127.2	94.9	94.8	68.7	69.8	70.2	126.5	74	74.5
Map4k3	115.6	127.7	NA	126.3	116.8	NA	131.1	132	NA	92.4	77.6	NA	57.4	60.9	NA	77.3	85	NA
Zc3hav1	85.2	NA	89.5	100.4	NA	102.3	103.3	NA	103.4	98.9	NA	95.9	92.9	NA	91.2	119.2	NA	117.8
Phkg1	91	99	98.8	78.9	112.7	112.4	135.7	137.4	137.1	105.6	89.7	89.5	110.7	98.6	99.1	78	62.7	63.1
Mrpl57	86.5	83.6	83.3	101.9	94.9	94.5	86	83.6	83.3	90	96	95.7	116.7	120.6	121.2	118.9	121.3	122
Smpd1	0	116.4	116.1	0	87	86.7	0	116.6	116.3	0	93.2	93	0	94.8	95.3	0	92	92.6
Hscb	104.2	67.1	66.9	106.9	90	89.7	81.4	90.2	90	102.6	165.1	164.7	106.5	74.1	74.5	98.4	113.4	114.2
Aip	116.1	113.5	113.1	99.8	89.4	89.1	89.1	83.5	83.3	106.3	109.4	109.2	95.5	110.1	110.6	93.2	94.1	94.7
Ntng2	99.1	NA	130.5	116.2	NA	131.1	121.5	NA	154.9	93.9	NA	63.2	105.3	NA	82	64	NA	38.4
Pbdc1	139.9	115.4	115.1	97.9	56.3	56.2	159.3	135.3	135	113.3	106.9	106.7	89.5	125.8	126.5	0	60.2	60.6
Cdc16	103.1	115.7	115.4	102	91	90.7	102.7	104.8	104.5	92.1	81.8	81.6	96.1	99.4	99.9	103.9	107.2	107.9
Pptc7	88.2	117.5	117.2	80.4	93.6	93.4	84.2	108.9	108.6	112.5	89.5	89.3	112.5	103.4	103.9	122.2	87	87.6
Adck1	81.9	86.7	89.4	102.5	114	111.2	78	95.9	98.9	127.7	103	99.7	110.2	119.7	116.8	99.6	80.8	84.1
Kcnc1	0	50.2	45.5	0	41.5	39.5	0	44	44.8	0	35.1	37.2	0	23.1	28.7	600	406.2	404.3
Nt5c3b	91.6	132	131.5	87.5	0	0	90.8	0	0	67.3	163.1	162.5	169.7	204.8	205.5	93.1	100	100.5
Atp5f1e	74.5	65.6	63	94.6	87.1	84.4	92.7	93.8	93.1	111.9	111.8	113.2	115.3	124	127.3	110.9	117.7	119.1
Washc4	101	152.1	151.8	85.2	107.2	107	112.9	100.5	100.3	84.6	103.9	103.8	112.7	58.9	59.3	103.5	77.4	78
Il1rap	89	96.9	96.6	94.7	97.3	97	91.1	82.1	81.8	112.3	123.6	123.3	120.1	119.6	120.2	92.8	80.5	81
Cryz	189.3	109.8	109.5	0	92.4	92.2	124.2	114.6	114.3	54.1	96.2	96	109.1	79.8	80.2	123.3	107.2	107.9
Ube4b	116.7	75.6	75.4	89.3	96.3	96	113.4	90.1	89.9	100.3	128.6	128.3	92.7	126.4	127	87.7	83	83.5
Sh2b1	0	105.7	88.1	125.1	93	84.6	133.5	87.4	125.4	105	80.7	85.2	0	107.9	95.8	236.5	125.3	121
Hace1	106.8	NA	148.7	112.9	NA	113.8	103.5	NA	109	106.4	NA	99.6	110.6	NA	93.1	59.9	NA	35.7
Trappc2l	91.4	90	89.7	91.9	80.8	80.6	98.1	102.6	102.3	100.6	104.7	104.5	125.4	127.8	128.3	92.6	94.1	94.6
Lca5l	79.6	NA	78.4	70.2	NA	88.4	190.2	NA	85.7	48.2	NA	111.7	66.5	NA	134.4	145.3	NA	101.5
Slc25a29	62.2	79.5	79.2	108.6	100	99.6	89.6	90.1	89.8	56.5	75.2	75	126.9	125.3	125.8	156.3	129.8	130.5
Dusp15	71	NA	116.6	92.2	NA	102.6	73.2	NA	89.1	109.5	NA	116.8	111.5	NA	89.2	142.5	NA	85.7
Ciapin1	122.8	NA	93.1	102.9	NA	69.4	79.8	NA	81.6	121.3	NA	111.6	125.2	NA	178	48	NA	66.3
Arfgap3	77.3	NA	121.7	105.5	NA	103.5	70.4	NA	81.7	90.4	NA	97	174.8	NA	104.5	81.6	NA	91.7
Pcbd1	80.2	129.6	NA	117.5	102.8	NA	85.8	83.4	NA	174.7	132.8	NA	115.2	112	NA	26.6	39.4	NA
Dpy19l1	139.2	121.1	120.8	118.1	106	105.7	81.3	107.2	106.9	81.8	99.7	99.5	84.9	76.5	76.9	94.7	89.5	90.1
Ogfrl1	100.8	NA	110.5	83.2	NA	103.1	84.7	NA	85.9	123.4	NA	116.5	61.5	NA	63.6	146.4	NA	120.3
Pcdh7	154.2	147.5	147.2	119.7	125.5	125.2	87.5	90.9	90.7	94.8	97.1	96.9	101.7	95.7	96.2	42.1	43.4	43.7
Gng8	0	0	0	0	0	0	0	0	0	0	0	0	600	600	600	0	0	0
Uap1l1	0	102.3	102	0	105.7	105.3	0	85.8	85.6	0	63.7	63.5	0	134.2	134.8	0	108.3	108.9
Mrps12	82.6	NA	80.3	90.7	NA	95.3	81.9	NA	86.3	102.9	NA	100.1	116.6	NA	106.4	125.3	NA	131.6
Myo1e	94.2	NA	110.2	95.2	NA	113.1	69.8	NA	91.6	101.7	NA	62.1	131.8	NA	117	107.3	NA	105.9
Timm21	121.5	69.7	69.4	77.7	83.3	83	88.8	61.8	61.6	78.6	112.1	111.7	127.6	134.2	134.7	105.8	138.9	139.6
Stat3	0	NA	105.6	399.7	NA	75.3	0	NA	78.3	0	NA	74.3	0	NA	141.4	200.3	NA	125.1
Ttc1	121.5	27	26.9	111.4	40.9	40.7	109.3	98.7	98.3	113	150.5	149.9	80.5	161.9	162.5	64.3	121.1	121.7
Fam171b	60.7	109.6	115.2	129	95.7	102.6	186.8	98.2	92.8	52.2	86.8	83.5	171.2	134.6	132.6	0	75	73.3
Tanc1	0	NA	66.2	0	NA	61.5	363	NA	192.7	0	NA	69.8	0	NA	67.2	237	NA	142.6
Get1	0	140.3	140	0	105.3	105	0	106.1	105.8	422.3	87.9	87.7	0	77.4	77.8	177.7	83.1	83.7
Dbh	77	NA	600	98.1	NA	0	84.4	NA	0	94.6	NA	0	151.9	NA	0	94.1	NA	0
Stat1	72.9	155.3	155.1	85.3	86.2	86	98	78.8	78.7	82.8	153.6	153.4	181.4	126.1	126.8	79.6	0	0
Tbl2	168.3	NA	116	107.2	NA	96.2	116.2	NA	147.2	49.8	NA	24.7	47.6	NA	87.3	110.9	NA	128.7
Cpt1c	117.2	117.5	117.3	105.9	118.7	118.5	142.1	159.4	159.2	88.4	111.7	111.6	64.1	48	48.3	82.3	44.7	45
Casp8	83	NA	94.4	161.8	NA	156.4	97.1	NA	88.7	115.8	NA	120.4	90.1	NA	87.7	52.3	NA	52.4
Usp11	121.7	109.7	NA	112.1	106.2	NA	95.4	89.8	NA	85.2	93.9	NA	119.9	101.7	NA	65.8	98.7	NA
Slc16a7	146.2	NA	159.8	126	NA	120.4	109.3	NA	103.5	86.6	NA	80.5	76	NA	73.8	55.9	NA	61.9
Tmem240	177.1	167.8	167.4	83.4	106.8	106.5	75.5	97.1	96.9	106.1	77.4	77.3	72.5	73.8	74.2	85.4	77.1	77.6
Fam120a	0	113.8	118	127.9	90	88.9	137	109.8	108.7	91.5	91.8	92.8	95.7	106.1	102.7	147.9	88.6	88.8
Cdhr3	238.4	213.2	212.8	179.8	166.2	165.9	50.5	53.5	53.4	31.8	42.3	42.3	84.8	66.2	66.6	14.7	58.6	59
Islr2	166.2	224.3	224	114.3	119.2	119.1	162.5	53.3	53.3	100.7	108.2	108.2	43.2	94.9	95.5	13.1	0	0
Rpl35al5	117.5	NA	118.9	94.8	NA	151.7	115.3	NA	96.1	62	NA	84.1	99.3	NA	62.3	111.1	NA	86.9
Agfg2	0	0	0	0	222.6	221.4	0	0	0	0	0	0	0	180.4	180.9	0	197	197.8
Ube3c	121.6	136	135.7	103.9	100.8	100.6	107.2	105.5	105.3	104.4	123	122.8	80.9	71.7	72.2	81.9	63	63.4
Cmc4	85.9	NA	78.8	93.1	NA	76.6	67.9	NA	76.2	111.3	NA	120.2	77.8	NA	107.8	163.9	NA	140.5
Tmem263	112	NA	104.6	107.8	NA	97.8	81.1	NA	80.7	129.1	NA	138	96.6	NA	107.2	73.3	NA	71.5
Grp	119.2	127.3	127.1	189.1	140.5	140.2	144.1	148	147.8	99.4	74.6	74.5	48.2	73.6	74.1	0	36.1	36.4
Uba3	126	85.2	85	111.5	97.9	97.6	104.3	105.7	105.4	82.3	111	110.7	77.8	91	91.4	98.1	109.1	109.8
Cpped1	101.7	98.1	97.8	100.3	103.8	103.4	104.7	83.9	83.6	92.3	113.8	113.5	101.3	105.7	106.2	99.6	94.8	95.4
Naga	0	57.6	57.4	0	101.9	101.5	0	64	63.8	0	107.5	107.2	0	151.9	152.5	0	117.1	117.7
Lrrtm2	139	135.2	118.9	151.6	120.7	130.2	162	119.9	137.4	147.4	129.9	127.6	0	50.3	56.3	0	44	29.6
Gabrd	104.2	NA	76.3	80.9	NA	58.1	53.4	NA	50.5	121.1	NA	97.9	61.9	NA	41.9	178.5	NA	275.4
Clstn1	129.6	NA	225.8	129.4	NA	0	110.7	NA	194.6	101.8	NA	0	58.6	NA	0	69.9	NA	179.6
Mapk8ip1	118.8	NA	97.5	81.8	NA	119.3	81.6	NA	82.5	100.9	NA	111	136.7	NA	125.3	80.2	NA	64.4
Fgb	109	95.9	95.5	95.7	62	61.7	84.9	91.7	91.4	49.5	64.8	64.6	139.9	150.1	150.7	120.9	135.4	136.1
Insyn2a	0	0	0	0	69.9	69.6	0	135.5	134.9	156.6	32.2	32	250.7	259.4	260.1	192.7	103	103.5
Edc4	76.7	94.4	94	82.5	76.2	75.9	120.6	78.4	78.1	89.4	81.4	81.1	122.3	134.4	134.9	108.4	135.3	136
Ugt8	108.8	98.7	98.3	89.7	80.3	80	78.8	75.5	75.3	100	114.2	113.9	59	54.3	54.5	163.7	177.1	178.1
Zw10	75.3	102.4	102.1	116.6	95.7	95.4	127.1	82.2	82	73.3	116.1	115.9	113.3	97.6	98	94.5	106	106.7
Pla2g4a	71	NA	74.7	156.5	NA	143.9	110.4	NA	107.9	115.4	NA	122.1	100.2	NA	98.1	46.6	NA	53.2
Map7	112.7	77	76.7	93	98	97.6	106.2	63.3	63.1	89.4	90.6	90.3	107.3	151.3	151.9	91.3	119.8	120.4
Gm2a	171.7	106	96.2	0	92.2	77.5	55.1	80.7	72.5	115.7	104.2	109.2	141.9	117.5	121.6	115.6	99.3	122.9
Ssb	61.4	86.5	86	67	67.5	66	74.4	60.7	64.7	95.5	78.7	77	152.8	164.2	161.3	148.8	142.4	145
Rnf150	99.4	NA	115.6	117.8	NA	109.8	107.9	NA	119.1	111.6	NA	105.8	103	NA	92.8	60.3	NA	56.9
Ttc19	99.9	NA	97.5	119.1	NA	134.5	105.6	NA	95.8	103	NA	113.3	88.8	NA	101.1	83.6	NA	57.9
Snx30	600	106.8	105.2	0	112.8	115.7	0	97	89.8	0	93.3	95.8	0	50.2	49	0	139.9	144.6
Dab1	106.8	77.7	77.5	116.2	114.2	113.8	143	82.7	82.5	95.3	94.7	94.5	59.7	129.4	129.9	78.9	101.3	101.9
Lsm8	0	86.1	85.8	0	103.7	103.3	0	71.7	71.5	0	105	104.7	0	130.6	131.2	0	102.9	103.5
Ccm2	117.8	NA	111.6	46.8	NA	88.9	44.6	NA	107.2	166.8	NA	133.3	127.9	NA	90.5	96	NA	68.4
Golt1b	218.4	109.4	109	186.5	127.9	127.5	0	118.5	118.2	65	56.2	56.1	130.1	81	81.4	0	107	107.7
Nt5e	0	59	58.8	0	72	71.7	0	93.6	93.3	0	126	125.6	0	88.1	88.4	0	161.4	162.3
Wars2	104.9	75.8	75.5	141.3	99.7	99.4	112.5	92.6	92.3	135.4	101.4	101.1	61.9	104.9	105.4	44	125.5	126.3
Ophn1	0	112.5	112.3	0	97.5	97.3	0	96	95.7	0	124.1	123.9	0	94.2	94.7	0	75.7	76.2
Cntn3	145.6	110.9	NA	134.1	180	NA	86.7	72.7	NA	105.2	120.6	NA	71.2	86	NA	57.2	29.8	NA
Dcc	113.6	88.6	96.9	63.4	87.3	78	207.7	208.6	169.1	93.3	114.6	110.7	82.9	70.2	86.5	39.2	30.6	58.9
Shroom2	139.6	90	100.9	110.1	104.6	92.2	103.8	123.2	145.2	74.3	89.8	114	172.2	105.9	147.7	0	86.5	0
Cers1	160.7	146.6	146.3	97	93.4	93.2	101.5	122.8	122.5	72.5	85.6	85.4	89.1	77.8	78.2	79.2	73.8	74.3
Lamp2	0	96.3	96	111.8	80.8	80.5	0	75.6	75.3	171.2	86	85.8	179.3	156.3	157	137.6	104.9	105.5
Gpr162	112.5	NA	123.5	83.9	NA	90.2	86.7	NA	88.5	63.9	NA	66.8	147.4	NA	138.7	105.5	NA	92.3
Pip4k2c	0	161.8	161.4	137.3	126.9	126.6	0	74.6	74.5	178.8	98	97.9	284	87.2	87.7	0	51.5	51.9
Cbr3	0	91.3	91.1	0	60.3	60.2	0	44.9	44.8	0	309.4	309.1	0	35.2	35.5	0	58.8	59.3
Vma21	104.4	120.8	120.4	85.3	101.8	101.4	96.1	92.3	92	80.8	64.7	64.6	62.2	73.8	74.2	171.1	146.6	147.5
Ankrd28	121.3	134.2	133.9	109.5	92.4	92.2	89	81.7	81.6	127.7	132	131.7	94.7	98	98.6	57.8	61.7	62.1
Edem3	88.9	NA	75.2	90.5	NA	91.4	94.3	NA	91.3	75.1	NA	77.5	129.3	NA	146.3	121.8	NA	118.3
Frmd4a	0	79.9	79.6	0	121.3	120.9	0	83.3	83.1	0	93.7	93.5	0	68.9	69.2	0	152.8	153.7
Cpq	118.9	0	0	83.9	135.1	134.5	106.6	0	0	115.8	170.9	170.2	95.4	145.1	145.6	79.4	149	149.7
Coq7	41.1	NA	75.1	153	NA	86.4	86.8	NA	71.6	121.4	NA	104.4	117.3	NA	144.8	80.4	NA	117.7
Mt-nd2	89.2	68.7	68.5	149.5	83.8	83.5	47.1	95.6	95.2	57.2	115.9	115.6	209.2	132	132.6	47.9	103.9	104.5
Sdcbp	119.3	NA	98.2	110.9	NA	109	70	NA	115.1	94.2	NA	91.9	91.7	NA	93.5	114	NA	92.2
Ndufaf6	99	NA	75.8	105.3	NA	90.7	87.9	NA	94.9	104.1	NA	135.2	87.9	NA	135.4	115.7	NA	68
Abcf1	75.7	90.4	90.1	66.5	72.5	72.3	75.7	113.6	113.2	91.1	84.1	83.9	128.9	122.3	122.8	162	117.1	117.8
Map2k7	155.7	NA	123.3	106.4	NA	99.2	90.3	NA	99	69.8	NA	117.5	83.9	NA	71.2	94	NA	89.8
Dzank1	104.6	NA	114.1	111.6	NA	98.2	144.1	NA	96.3	104.1	NA	71.5	62.9	NA	91.7	72.7	NA	128.2
Jcad	135.4	NA	129.6	96.4	NA	86.7	48.4	NA	54.2	238.1	NA	208.9	53.2	NA	80.8	28.5	NA	39.8
Dhx15	84	56.5	41.9	74.6	86.8	89.5	66.9	46.6	46.6	93.3	83.6	81.1	143.1	204.7	216.4	138.2	121.8	124.5
Nrp2	73.3	62	61.8	82.4	74.9	74.7	242.6	277.9	277.3	24.5	19.6	19.6	152	147.7	148.6	25.3	17.8	17.9
Galc	117.8	110.7	110.4	85.1	104.8	104.5	78.1	85.8	85.6	111.7	112.3	112	106.7	88.3	88.7	100.8	98.2	98.8
Crbn	105.8	136.5	136	124.7	125.7	125.3	100.2	39.2	39	94.2	79.7	79.5	83.6	103.1	103.6	91.6	115.8	116.5
Rit2	54.4	71.9	71.6	213.1	88.3	87.9	60.2	72.6	72.3	65.6	84.8	84.5	91.3	144	144.5	115.5	138.5	139.2
Cbl	0	96.6	0	108.9	189.9	264.4	0	71.5	0	268.2	129.2	208	222.9	112.9	127.6	0	0	0
Nup205	137.6	138.4	138	86	92	91.7	66.4	79.3	79.1	83.3	81.1	80.9	95.5	101.5	102	131.2	107.7	108.4
Smyd5	0	132.3	131.9	0	103.7	103.4	0	103.2	103	0	81.8	81.7	0	77.4	77.8	0	101.5	102.2
Cox14	88.1	NA	83.6	101.1	NA	100.7	94.3	NA	86	82.3	NA	79.9	122.8	NA	145.5	111.4	NA	104.4
Arc	136.9	137.1	136.9	126	122.4	122.2	98.1	89.1	89	141.8	168.3	168.2	56.6	48.4	48.7	40.6	34.7	35
Macf1	NA	94.9	95.5	NA	83.4	83.4	NA	105.4	106.4	NA	87	86.7	NA	120.2	118.8	NA	109	109.2
Itpr2	NA	51.5	53.8	NA	30.3	30.4	NA	32	30.5	NA	48.8	48.5	NA	9.5	10.2	NA	427.9	426.6
Ank3	NA	117.8	116	NA	98.1	95.7	NA	119.3	119.3	NA	96.8	97	NA	65.9	67.1	NA	102	104.9
Slc25a4	NA	84	83.6	NA	103.5	101.7	NA	84.6	84.2	NA	95.8	95.7	NA	127.7	130.5	NA	104.3	104.2
Bin1	NA	116.9	116.9	NA	116.4	116.2	NA	94.9	94.4	NA	116.9	117.3	NA	74.7	74.9	NA	80.2	80.3
Gria3	NA	145.9	149.7	NA	132.9	136.4	NA	127.4	114.4	NA	81.2	82.4	NA	49.5	49.1	NA	63.1	67.9
Cyfip1	NA	122.4	123.7	NA	107.7	108	NA	129.5	129.9	NA	97.7	98	NA	78.4	77.3	NA	64.3	63.1
Kalrn	NA	107.6	97.8	NA	110.9	110.6	NA	171.3	165.9	NA	83.2	85.9	NA	95.5	104.1	NA	31.4	35.7
Tkt	NA	97	99.4	NA	93.1	93.2	NA	83.1	82.1	NA	108.6	107.4	NA	115.3	115.4	NA	102.9	102.4
Shank3	NA	120.9	120.7	NA	105.5	105.4	NA	88.7	88.6	NA	207.5	207.3	NA	44.1	44.4	NA	33.3	33.5
L1cam	NA	118.8	117.8	NA	97.3	97	NA	86.4	85.9	NA	98.9	99	NA	84.8	85.1	NA	113.8	115.2
Rufy3	NA	112.4	109.8	NA	92.6	91.6	NA	84.2	83.1	NA	106	106.2	NA	114.4	118.1	NA	90.3	91.2
Tpm1	NA	115.7	56.2	NA	95	75.2	NA	110.6	113.1	NA	88.5	82.8	NA	103.3	146.2	NA	86.9	126.5
Ngef	NA	151.3	152.5	NA	119.7	119	NA	55.4	55.4	NA	217.3	219.6	NA	41.3	40.9	NA	15	12.6
Nefh	NA	101.8	97.9	NA	75.5	74.4	NA	77.8	79.4	NA	115.7	114.5	NA	50	50.4	NA	179.2	183.5
Trim2	NA	102.4	104.2	NA	101.7	99.5	NA	105.8	103.8	NA	100.9	101.3	NA	88.4	90.8	NA	100.7	100.4
Mag	NA	70	69.2	NA	120.4	120.1	NA	71.8	71.5	NA	133.8	133.8	NA	68.9	69.5	NA	135	135.9
Dlgap2	NA	150.2	152.3	NA	121	120.7	NA	116.4	117	NA	100	98.2	NA	86.3	84.4	NA	26.1	27.4
Clip1	NA	104.4	102.6	NA	98.2	99.2	NA	109.7	110.5	NA	76.8	76.6	NA	95.2	94.3	NA	115.6	116.8
Sh3glb2	NA	115.2	115.7	NA	104.8	102.4	NA	96.6	95.5	NA	108.7	108	NA	80.2	82.6	NA	94.5	95.8
Ppidl1	NA	105.3	113.6	NA	100.8	105.8	NA	100.8	98.2	NA	116.3	105.3	NA	97	97.9	NA	79.7	79.2
Abhd16a	NA	91	90.6	NA	85.6	85.2	NA	79.3	79	NA	82.6	82.3	NA	88.5	88.9	NA	173	173.9
Atp2a3	NA	36.4	42	NA	22.2	24.5	NA	23.4	27.5	NA	38.6	44.2	NA	22.6	29.9	NA	456.9	431.9
Kif1b	NA	96.5	95.9	NA	95.7	95.6	NA	86.8	86.7	NA	93	92.8	NA	151.4	152	NA	76.6	77
Nln	NA	88.1	87.8	NA	109.3	108.9	NA	86.4	86.2	NA	95.7	95.5	NA	160.9	161.6	NA	59.6	60
Arl8b	NA	143.8	143.4	NA	74.1	73.8	NA	60.4	60.2	NA	122.4	122.1	NA	102.4	102.8	NA	97	97.6
Cbr1l2	NA	89.9	89.6	NA	82.3	82	NA	66.6	66.4	NA	120.1	119.8	NA	164.7	165.4	NA	76.4	76.8
Rab6a	NA	104.7	104.4	NA	112.3	112	NA	100.3	100	NA	95.4	95.2	NA	88	88.4	NA	99.4	100
Acaa1a	NA	93	93.9	NA	77.3	77.5	NA	84.1	81.4	NA	70.8	71.7	NA	125.7	126.4	NA	149.2	149.2
Hcn1	NA	113	112.7	NA	110.5	110.2	NA	151.8	151.5	NA	70	69.9	NA	66.5	66.9	NA	88.2	88.8
Synpo	NA	152.7	152.2	NA	135	133.7	NA	99.8	99.5	NA	126	125.8	NA	72.8	74.1	NA	13.8	14.6
Hyou1	NA	124.7	123.7	NA	107.3	106.2	NA	94.2	93.7	NA	80.5	82	NA	77.3	78.2	NA	116	116.2
Apeh	NA	90.9	90.6	NA	86.2	85.8	NA	90.6	90.3	NA	103.6	103.4	NA	112.2	112.6	NA	116.6	117.3
Me1	NA	106.3	106	NA	92	91.7	NA	99.5	99.2	NA	94.4	94.2	NA	96.2	96.6	NA	111.5	112.2
Map4k4	NA	0	0	NA	0	0	NA	189	188.1	NA	85.2	84.9	NA	106.9	107.2	NA	218.9	219.8
Serpinh1	NA	73.6	73.3	NA	58.7	58.4	NA	98	97.6	NA	54.8	54.6	NA	177	177.6	NA	137.9	138.6
Slc8a1	NA	90.8	90.6	NA	96.9	96.6	NA	156.6	156.2	NA	61.1	61	NA	115.9	116.5	NA	78.6	79.1
Dync1li2	NA	125.5	125.2	NA	113.3	113	NA	96.3	96.1	NA	85	84.9	NA	90.2	90.7	NA	89.6	90.2
Sh3glb1	NA	77.9	77.6	NA	90.9	90.6	NA	99.8	99.5	NA	115.7	115.4	NA	106.5	107	NA	109.3	109.9
Rabep1	NA	125.8	125.5	NA	113.1	112.8	NA	104.5	104.3	NA	105.8	105.6	NA	87	87.5	NA	63.8	64.2
Kcna3	NA	120.4	120.1	NA	112.4	112.1	NA	89.9	89.7	NA	117	116.8	NA	72.8	73.2	NA	87.5	88.1
Mgll	NA	135.6	135.4	NA	109.6	110.1	NA	103.7	103.4	NA	100.1	100.4	NA	68.6	67.8	NA	82.4	82.8
Fah	NA	100.7	100.5	NA	118.7	118.4	NA	83.5	83.3	NA	150.1	149.9	NA	73.7	74.1	NA	73.3	73.8
Dnaja2	NA	107.1	111.3	NA	88.2	89.6	NA	101.4	104.2	NA	105.7	104	NA	112.5	108.8	NA	85.1	82.2
Fth1	NA	89.7	89.3	NA	66.1	65.9	NA	90.1	89.8	NA	76.1	75.9	NA	153	153.5	NA	124.9	125.6
Slc25a20	NA	73.5	73.2	NA	78.6	78.3	NA	83.9	83.6	NA	81.9	81.6	NA	175.7	176.3	NA	106.4	107
Exoc1	NA	97.1	96.8	NA	100.3	100.1	NA	106.3	106	NA	108.5	108.3	NA	100.2	100.7	NA	87.6	88.2
H4f3	NA	32.6	32.4	NA	17.3	17.1	NA	13.9	13.8	NA	32.4	32.2	NA	76.6	76.6	NA	427.2	427.9
Kpna1	NA	103.3	103.4	NA	103.4	105.8	NA	130.2	128.3	NA	94.5	93.4	NA	83.8	84.2	NA	84.8	84.9
Agpat4	NA	90.3	90	NA	113	112.7	NA	103.3	103	NA	86.8	86.6	NA	86.5	86.9	NA	120.1	120.8
Cr1l	NA	78.4	78	NA	79.9	79.6	NA	108	107.6	NA	68.6	68.4	NA	139.3	139.8	NA	125.8	126.5
Trpv2	NA	137	136.8	NA	135.6	135.3	NA	104	103.9	NA	105.8	105.7	NA	82.9	83.4	NA	34.7	35
Pdk1	NA	104.2	103.9	NA	124.9	124.5	NA	82.1	81.9	NA	84.7	84.5	NA	99.9	100.4	NA	104.1	104.8
Sec14l2	NA	114.4	115.3	NA	111.5	112.2	NA	123.2	123	NA	91.1	89.2	NA	109.9	110.3	NA	49.9	49.9
Cmpk1	NA	101.7	101.4	NA	102.7	102.4	NA	82.8	82.5	NA	97.2	96.9	NA	109.9	110.4	NA	105.7	106.4
Numbl	NA	135.9	135.6	NA	120.8	120.6	NA	119.8	119.6	NA	114.1	114	NA	71.8	72.3	NA	37.6	37.9
Myl6bl1	NA	110.1	110.6	NA	106.4	110.1	NA	102.7	101	NA	86.1	90.9	NA	68.2	82.2	NA	126.5	105.3
Cacna1b	NA	125.3	109.1	NA	111.6	104.5	NA	120.2	126.2	NA	122.9	133.6	NA	71.4	68.8	NA	48.6	57.8
Magi2	NA	101.4	104	NA	128.2	124.4	NA	124.8	125.1	NA	86.7	87.2	NA	81.9	81.8	NA	76.9	77.5
Slk	NA	103.7	103.4	NA	113.3	112.9	NA	78.8	78.6	NA	123.1	122.8	NA	81.8	82.2	NA	99.3	100
Map2k2	NA	123.6	123.3	NA	95.2	94.9	NA	93.9	93.7	NA	105.2	105	NA	79.6	80	NA	102.5	103.2
Lrrc8c	NA	112.6	112.3	NA	109.1	108.8	NA	99	98.7	NA	87.5	87.3	NA	145.8	146.6	NA	46	46.3
ENSRNOG00000067970	NA	191.3	152	NA	95.1	75.5	NA	78.8	96.8	NA	159.8	149.8	NA	75	97.6	NA	0	28.4
Rpl4	NA	123.8	123	NA	96.3	95.8	NA	99.5	99.6	NA	62.8	63.1	NA	114.8	115.5	NA	102.7	102.9
Pcbp3	NA	70.5	70.1	NA	29.8	29.6	NA	76.1	75.7	NA	23.6	23.5	NA	208.5	208.9	NA	191.5	192.2
Dap3	NA	76.2	75.9	NA	98.2	97.8	NA	89.3	89	NA	99.9	99.7	NA	102.2	102.6	NA	134.3	135
Phkb	NA	79.7	81.6	NA	84.9	85	NA	138.4	137.8	NA	102	101.3	NA	108.5	108.5	NA	86.4	85.8
Fxn	NA	106.9	106.6	NA	129	128.6	NA	97.9	97.7	NA	71.1	71	NA	57.7	58	NA	137.2	138.1
Esyt1	NA	84.7	84.4	NA	73.1	72.8	NA	69	68.8	NA	127.9	127.5	NA	85.6	85.9	NA	159.6	160.5
Vps4b	NA	105.1	104.8	NA	100.5	100.2	NA	95.1	94.8	NA	96	95.8	NA	110.6	111.1	NA	92.7	93.3
Cdk18	NA	142.5	142.2	NA	123.9	123.7	NA	68.2	68.1	NA	148.4	148.2	NA	63.5	63.9	NA	53.5	53.9
Clcn3	NA	100	101.9	NA	87.6	86.2	NA	114.9	117.6	NA	85.2	85.5	NA	98	94.2	NA	114.4	114.6
Sec63	NA	143.1	155	NA	106.6	94.1	NA	115.3	103.6	NA	60.8	63.6	NA	72	77.4	NA	102.2	106.3
Zmpste24	NA	86.4	86.1	NA	85.5	85.2	NA	96.4	96.1	NA	99.7	99.4	NA	93.3	93.8	NA	138.6	139.4
C1ql3	NA	129.4	129.2	NA	118.5	118.3	NA	104.9	104.7	NA	123.8	123.6	NA	85.2	85.7	NA	38.2	38.5
Ube2v1	NA	129.1	128.8	NA	100.7	100.4	NA	90.7	90.5	NA	101.7	101.5	NA	105	105.6	NA	72.7	73.2
Pabpc4	NA	87.3	102	NA	110.4	102.5	NA	99.6	101.1	NA	97.7	81.4	NA	124.1	79.3	NA	80.9	133.7
Cdh9	NA	89	88.8	NA	82.3	82.1	NA	228.1	227.8	NA	106.5	106.4	NA	62.5	62.9	NA	31.7	31.9
Tbck	NA	64.6	52.1	NA	123.1	102.6	NA	85	98.7	NA	116.8	95.2	NA	125.5	124	NA	85	127.3
Lrrc73	NA	157.4	157.2	NA	130.1	129.9	NA	132	131.8	NA	94.1	94	NA	50.5	50.8	NA	36	36.2
Bpnt2	NA	121.8	121.4	NA	106.7	106.4	NA	127.1	126.7	NA	50.3	50.2	NA	76.9	77.3	NA	117.3	118
Mlf2	NA	95	94.7	NA	85.9	85.6	NA	87.3	87.1	NA	110.1	109.8	NA	113.1	113.6	NA	108.5	109.1
Rbmxl1b	NA	90.9	90.5	NA	70.4	70	NA	53	52.7	NA	56.8	56.6	NA	106.8	107.1	NA	222	223
Ankib1	NA	104.7	104.5	NA	104.4	104.1	NA	108.2	108	NA	112.3	112.1	NA	92.7	93.2	NA	77.7	78.2
Cdk16	NA	127.3	126.9	NA	95.4	95.1	NA	89	88.7	NA	97.8	97.6	NA	79.3	79.6	NA	111.3	112
Rps16	NA	104.6	104.3	NA	92.1	91.8	NA	107.4	107.1	NA	71.5	71.3	NA	120	120.6	NA	104.3	104.9
Erp44	NA	118.9	118.6	NA	108.2	107.9	NA	112.1	111.8	NA	62.4	62.3	NA	75.6	76	NA	122.8	123.5
Prkcq	NA	0	0	NA	0	0	NA	0	0	NA	0	0	NA	0	0	NA	600	600
Syt17	NA	110.5	110.3	NA	118.2	118	NA	124.3	124.1	NA	117.3	117.2	NA	114.6	115.3	NA	15	15.1
Lamtor5	NA	107.8	107.5	NA	105.5	105.2	NA	97.8	97.5	NA	101.9	101.7	NA	104.2	104.8	NA	82.8	83.4
Bcap29	NA	130.3	130	NA	110.3	110	NA	100.9	100.6	NA	92.1	92	NA	72.6	73	NA	93.8	94.5
Wnk2	NA	118.1	117.8	NA	111.5	111.2	NA	103.7	103.4	NA	92.3	92.1	NA	81.8	82.2	NA	92.7	93.3
Wdr20	NA	109.2	100.4	NA	73.5	67.5	NA	63.5	58.4	NA	116.2	107	NA	102	94.5	NA	135.6	172.1
Becn1	NA	104.3	103.9	NA	87	86.7	NA	104.3	104	NA	101.4	101.2	NA	104.1	104.6	NA	99	99.6
Sec13	NA	118.6	123.2	NA	98.6	98	NA	111.4	109.3	NA	84.7	84.3	NA	101.3	100.4	NA	85.4	84.8
Slc8a3	NA	94	93.8	NA	121	120.6	NA	82.5	82.3	NA	100.7	100.5	NA	115.1	115.7	NA	86.6	87.2
Dnajb1	NA	90.3	90	NA	114.9	114.5	NA	92.5	92.2	NA	85	84.8	NA	107.5	108	NA	109.9	110.6
Timm23	NA	91.2	90.8	NA	97.1	96.8	NA	82.2	81.9	NA	86.2	86	NA	139.3	139.9	NA	104	104.6
Rpl36a	NA	134.3	133.9	NA	99.9	99.6	NA	95.7	95.5	NA	62.7	62.5	NA	104.5	105	NA	102.8	103.4
Jam2	NA	98.1	97.8	NA	82	81.7	NA	105.4	105.1	NA	71.1	70.9	NA	125	125.5	NA	118.3	119
C10h17orf75	NA	32.8	32.7	NA	101.1	100.7	NA	95.3	95	NA	123	122.7	NA	126.7	127.2	NA	121.2	121.8
Clcn4	NA	0	0	NA	130.5	130	NA	105.5	105.1	NA	119.2	118.9	NA	102.7	103.1	NA	142.1	142.9
Tmem177	NA	85.3	85	NA	105.2	104.8	NA	83.6	83.4	NA	107	106.7	NA	128.6	129.1	NA	90.4	90.9
Lrrc8d	NA	66.9	66.7	NA	112.6	112.3	NA	156.7	156.4	NA	119.1	118.9	NA	81.2	81.6	NA	63.5	64
Slitrk5	NA	116	115.7	NA	106.3	106	NA	123.9	123.6	NA	91.7	91.5	NA	110.5	109.7	NA	51.7	53.4
Galk1	NA	123.2	122.9	NA	117.1	116.8	NA	81.2	81	NA	109.8	109.6	NA	122.3	123	NA	46.5	46.8
Pten	NA	122.2	121.8	NA	110.4	110.1	NA	81.5	81.3	NA	109	108.8	NA	92.7	93.2	NA	84.2	84.8
Pdlim4	NA	22.7	22.6	NA	39.4	39.2	NA	69.5	69.1	NA	80.2	79.8	NA	218.6	219.1	NA	169.7	170.3
Arhgef6	NA	76.8	76.5	NA	63.6	63.4	NA	154.5	154	NA	84	83.8	NA	161.7	162.4	NA	59.5	59.9
Rragd	NA	129.1	128.8	NA	100.7	100.5	NA	98.6	98.4	NA	112.2	112	NA	94.1	94.6	NA	65.3	65.8
Fhl1	NA	116.7	116.4	NA	98.3	98	NA	95.1	94.9	NA	103.1	102.9	NA	78.1	78.5	NA	108.6	109.3
Ralbp1	NA	122.4	122.1	NA	103.1	102.8	NA	114.2	113.9	NA	92.5	92.3	NA	90.9	91.4	NA	77	77.5
Plin4	NA	126.5	126.2	NA	123.9	123.6	NA	110.9	110.7	NA	97.6	97.5	NA	70.1	70.5	NA	71	71.5
Cnbp	NA	98.7	110.2	NA	81.2	96.4	NA	62.7	79.8	NA	86.6	91	NA	143.3	111.2	NA	127.5	111.4
Fam91a1	NA	70.5	71.8	NA	94.7	95.5	NA	93.5	90.9	NA	112.1	106.4	NA	116.4	120.9	NA	112.7	114.6
Man2c1	NA	134.3	130.3	NA	107.3	110	NA	95.8	134.5	NA	85.9	66.8	NA	94.5	82.7	NA	82.3	75.7
Lmo7	NA	139.4	139.3	NA	120.5	120.4	NA	126.2	126.1	NA	185.3	185.3	NA	0	0	NA	28.7	28.9
Rps26-ps13	NA	109.6	109.2	NA	95.3	95	NA	98.3	98	NA	73.1	72.9	NA	122.4	122.9	NA	101.4	102
Fam114a2	NA	91.2	90.9	NA	99.8	99.5	NA	104.2	103.9	NA	97.2	97	NA	103.7	104.2	NA	103.9	104.5
Rmc1	NA	100.7	100.4	NA	107.3	107	NA	110.1	109.8	NA	97.6	97.4	NA	103	103.6	NA	81.3	81.8
Kcnj12	NA	80.3	79.9	NA	74	73.6	NA	58	57.8	NA	83.7	83.3	NA	58.5	58.7	NA	245.5	246.7
Pex11b	NA	108.5	108.2	NA	99.5	99.2	NA	100.2	99.9	NA	90.5	90.3	NA	97.1	97.5	NA	104.2	104.9
Jakmip3	NA	113.7	113.4	NA	98	97.7	NA	118.8	118.6	NA	111.2	111	NA	71.5	71.9	NA	86.9	87.5
Hdhd3	NA	84.6	84.3	NA	121.7	121.3	NA	100.9	100.5	NA	76.6	76.4	NA	89.3	89.7	NA	126.9	127.6
Kcnb2	NA	147.2	146.7	NA	105.4	105.1	NA	62.6	62.4	NA	31.3	31.3	NA	213.4	214.3	NA	40.1	40.3
Clcn6	NA	104.9	100.5	NA	122.3	127	NA	77	93	NA	130.7	117.8	NA	111.7	96.6	NA	53.4	65.1
Csnk1e	NA	0	0	NA	0	0	NA	0	0	NA	0	0	NA	239.9	239.7	NA	360.1	360.3
Edf1	NA	105.7	105.3	NA	82.9	82.6	NA	85.1	84.8	NA	71.7	71.4	NA	84.5	84.8	NA	170.1	171
Ptrhd1	NA	85	84.7	NA	105.4	105.1	NA	92.3	92.1	NA	122.4	122.1	NA	75.8	76.2	NA	119.1	119.8
Dvl3	NA	93.6	93.3	NA	83.6	83.4	NA	198.5	198	NA	65.2	65.1	NA	0	0	NA	159.1	160.2
Rab22a	NA	82.6	82.3	NA	105	104.7	NA	103.8	103.5	NA	83	82.7	NA	116.4	117	NA	109.2	109.8
Cep76	NA	17.1	25.5	NA	22.7	0	NA	22.6	24.6	NA	16.2	19.8	NA	0	0	NA	521.4	530.2
Eif3el1	NA	96.8	96.5	NA	90.1	89.8	NA	98.5	98.2	NA	78.1	77.9	NA	112.3	112.8	NA	124.1	124.8
Hnrnpa0	NA	79.4	79	NA	57.9	57.6	NA	60.1	59.8	NA	65.6	65.3	NA	142.3	142.7	NA	194.7	195.5
Tubgcp3	NA	102.1	101.9	NA	102.8	102.5	NA	116.2	115.9	NA	103.7	103.5	NA	104.6	105.2	NA	70.6	71
Mrps30	NA	94.5	94.2	NA	90.8	90.5	NA	97	96.7	NA	94.5	94.3	NA	141	141.7	NA	82.2	82.7
Hist2h3c2	NA	26.3	26.1	NA	11	10.9	NA	11	10.9	NA	31.8	31.6	NA	83	83	NA	436.8	437.4
Cul4a	NA	102.4	102.1	NA	95.7	95.3	NA	93.3	93	NA	87.5	87.2	NA	101	101.5	NA	120.2	120.9
Phka1	NA	98.5	98.2	NA	110.4	110.1	NA	121.5	121.2	NA	95.9	95.7	NA	103	103.5	NA	70.7	71.1
Kcnn3	NA	70.9	70.7	NA	110.6	110.2	NA	137.5	137	NA	68.1	67.9	NA	108.2	108.7	NA	104.7	105.4
Rps14	NA	97.4	97.1	NA	102.7	102.4	NA	109.7	109.4	NA	66.1	65.9	NA	119.1	119.6	NA	105	105.6
Hexa	NA	76.7	76.5	NA	113.4	113	NA	86.2	85.9	NA	94.1	93.9	NA	134.4	135	NA	95.2	95.7
Lsm12	NA	180.7	180	NA	122.4	121.9	NA	0	0	NA	43.9	43.7	NA	98.2	98.6	NA	154.9	155.8
Psme1	NA	40.5	40.3	NA	98.2	97.8	NA	80.6	80.3	NA	88.9	88.6	NA	216.2	217	NA	75.6	76
Mrpl1	NA	92.5	92.2	NA	86.6	86.3	NA	88.3	88	NA	110.1	109.8	NA	116.3	116.8	NA	106.2	106.8
Elp2	NA	117.5	117.2	NA	126.5	126.1	NA	107.3	107	NA	88.7	88.5	NA	85.9	86.4	NA	74.2	74.7
Spcs3	NA	85.6	85.4	NA	108.5	108.2	NA	123.3	123	NA	80.7	80.5	NA	67.9	68.3	NA	133.9	134.7
Fxr2	NA	83.8	83.5	NA	97.3	97	NA	106.4	106.1	NA	89.1	88.9	NA	117.5	118.1	NA	105.9	106.5
Jph4	NA	176.4	176.1	NA	117.2	117	NA	137.5	137.3	NA	68	68	NA	63.1	63.5	NA	37.8	38.1
Trim46	NA	87.3	87.1	NA	95.7	95.4	NA	107.4	107.1	NA	119.2	118.9	NA	102.4	102.9	NA	88	88.5
Ppp1r14a	NA	125.1	124.8	NA	92.2	92	NA	75.5	75.3	NA	146.7	146.5	NA	73	73.4	NA	87.5	88
Magi3	NA	121.3	121	NA	138.1	137.7	NA	90.7	90.5	NA	81.3	81.2	NA	107.2	107.8	NA	61.3	61.7
Vamp5	NA	73.3	72.9	NA	33.4	33.2	NA	73.2	72.8	NA	52.9	52.7	NA	227.5	228.1	NA	139.8	140.3
Pitpnb	NA	75.1	92.7	NA	87.3	88.8	NA	80.3	61.4	NA	107.8	118.6	NA	140.1	111.7	NA	109.5	126.9
Dynlt3	NA	0	0	NA	0	0	NA	149.7	149.2	NA	236	235.3	NA	0	0	NA	214.3	215.5
Dact3	NA	106.5	106.4	NA	166.1	165.9	NA	133.8	133.7	NA	113.1	113	NA	80.4	81	NA	0	0
Pnpla6	NA	123	122.7	NA	81.5	81.3	NA	116.5	116.2	NA	85.2	85	NA	91.1	91.5	NA	102.6	103.3
Tmco1	NA	161.4	161	NA	103.5	103.2	NA	102.5	102.3	NA	52.1	52	NA	70.1	70.4	NA	110.3	111
Slmap	NA	100.5	100.2	NA	97.6	97.3	NA	92.6	92.3	NA	114.5	114.3	NA	81.4	81.7	NA	113.4	114.2
Rps20l1	NA	121.6	121.1	NA	78.6	78.3	NA	94.6	94.3	NA	79.6	79.4	NA	108.5	109	NA	117.2	117.9
AABR07016623.1	NA	126.9	126.5	NA	86.6	86.3	NA	113.6	113.3	NA	63.9	63.7	NA	85.5	85.9	NA	123.6	124.3
Carmil2	NA	0	0	NA	112.5	112.1	NA	89.3	89	NA	119.2	118.8	NA	87.5	87.8	NA	191.4	192.4
Tagln	NA	108.5	107.8	NA	53.7	51.1	NA	146.3	150.1	NA	62.2	57.5	NA	118.1	118.7	NA	111.3	114.8
Flad1	NA	56.2	56	NA	79.9	79.6	NA	101.4	101.1	NA	156.4	156	NA	106	106.5	NA	100.2	100.8
Sncg	NA	51.5	51.3	NA	63.8	63.6	NA	58.3	58.1	NA	261.3	260.7	NA	52.2	52.4	NA	113.1	113.8
Abcf3	NA	89.8	89.4	NA	99.6	99.3	NA	89.2	88.9	NA	91.1	90.9	NA	116	116.5	NA	114.3	115
Reep3	NA	89.8	89.5	NA	80	79.7	NA	86.6	86.4	NA	105.4	105.1	NA	94.2	94.6	NA	143.9	144.7
Shisa8	NA	11.5	11.4	NA	11.4	11.4	NA	4.7	4.6	NA	12.5	12.4	NA	447	447.1	NA	112.9	113.1
Rpl29	NA	128.6	128.2	NA	104.2	103.9	NA	96.7	96.4	NA	60.3	60.1	NA	108.2	108.7	NA	102	102.6
Cast	NA	144.8	144.4	NA	112.6	112.3	NA	82.8	82.6	NA	103.2	103	NA	78.5	78.9	NA	78.2	78.8
Arl10	NA	114.6	114.3	NA	125.9	125.6	NA	108.6	108.3	NA	75.7	75.6	NA	105	105.6	NA	70.2	70.6
Hddc3	NA	0	0	NA	71.9	71.6	NA	88.8	88.4	NA	153.4	152.8	NA	143.1	143.6	NA	142.8	143.5
Ppip5k1	NA	58.5	58.3	NA	76.2	75.8	NA	82.1	81.8	NA	112.8	112.4	NA	175.8	176.5	NA	94.6	95.2
Mturn	NA	85.9	85.6	NA	74.2	74	NA	131.2	130.8	NA	85.3	85.1	NA	126.1	126.7	NA	97.2	97.8
Arhgef17	NA	66.2	66	NA	67.4	67.2	NA	123.1	122.7	NA	72.7	72.5	NA	218.3	219.2	NA	52.3	52.5
Sar1b	NA	103.2	102.9	NA	112	111.7	NA	91.7	91.4	NA	108.7	108.5	NA	115.5	116.1	NA	69	69.5
Spata2	NA	97.1	130.8	NA	113.7	149.4	NA	109.3	106.1	NA	93	83.3	NA	88.3	52.1	NA	98.6	78.4
Rictor	NA	74.2	56.3	NA	99.2	91.6	NA	110.5	113.1	NA	90.9	84.3	NA	110.3	120	NA	114.9	134.7
Rwdd4	NA	111.3	111	NA	91.4	91.1	NA	86.1	85.9	NA	103	102.8	NA	121.7	122.3	NA	86.5	87
Meak7	NA	84.6	84.4	NA	92.3	92.1	NA	136.4	136.1	NA	107.9	107.7	NA	107.8	108.4	NA	70.8	71.3
Pkp2	NA	62.2	62	NA	67.1	66.9	NA	196.9	196.4	NA	88.4	88.2	NA	64.5	64.8	NA	120.9	121.7
Top2a	NA	61.1	60.7	NA	13.6	13.5	NA	28.8	28.6	NA	53.3	53	NA	118.6	118.7	NA	324.6	325.4
Naf1	NA	0	0	NA	108.4	107.9	NA	111.4	111	NA	103.2	102.9	NA	168.2	168.9	NA	108.8	109.3
Fhit	NA	66.7	77.3	NA	88.1	89.3	NA	137.9	139.1	NA	117.4	121.2	NA	86.2	69.5	NA	103.7	103.7
Akt1	NA	132.1	131.7	NA	99.3	99.1	NA	96.9	96.6	NA	95.3	95.1	NA	88.1	88.6	NA	88.4	88.9
Ndufb1	NA	84.9	84.6	NA	96.3	96	NA	83.3	83.1	NA	103.5	103.2	NA	131.2	131.8	NA	100.7	101.3
Tacc2	NA	126.8	126.4	NA	84.5	84.3	NA	67.8	67.6	NA	137.8	137.5	NA	89.7	90.1	NA	93.4	94
Mnda	NA	84.1	83.8	NA	85.1	84.8	NA	85.3	85	NA	98.4	98.1	NA	105.4	105.8	NA	141.8	142.6
Guk1	NA	118.9	118.6	NA	110.1	109.9	NA	83.9	83.7	NA	134.8	134.6	NA	97.6	98.1	NA	54.6	55
Bles03	NA	119.9	119.5	NA	106.8	106.5	NA	94.3	94.1	NA	85.2	85	NA	79.3	79.7	NA	114.4	115.1
Nckap1l	NA	128.7	128.4	NA	99.4	99.1	NA	100.8	100.5	NA	71.3	71.1	NA	116.5	117.1	NA	83.3	83.9
Snrpd2	NA	59.3	59	NA	85.5	85.1	NA	83	82.7	NA	99	98.6	NA	127.9	128.4	NA	145.3	146.1
Abcc8	NA	134.1	133.8	NA	113.2	112.9	NA	91.9	91.7	NA	115.8	115.7	NA	48.7	48.9	NA	96.4	97.1
Psme2	NA	77.8	77.5	NA	105.1	104.7	NA	92.1	91.8	NA	56.5	56.3	NA	190.2	190.9	NA	78.4	78.8
Man1a2	NA	172.9	172.5	NA	105.1	104.8	NA	118	117.8	NA	48.2	48.1	NA	64.1	64.4	NA	91.7	92.3
Mme	NA	101.7	101.4	NA	55.2	55.1	NA	64.6	64.5	NA	231.3	230.9	NA	84.6	85.1	NA	62.5	63
Ddx11	NA	39.1	39	NA	80.9	80.6	NA	105	104.6	NA	119.1	118.8	NA	122.3	122.8	NA	133.6	134.3
Nudt2	NA	101.2	100.9	NA	80	79.8	NA	86.8	86.5	NA	120.2	119.9	NA	93.1	93.5	NA	118.7	119.4
Nucb2	NA	147.9	147.5	NA	155.7	155.3	NA	72.5	72.3	NA	45.9	45.8	NA	102.2	102.7	NA	75.9	76.4
Chn2	NA	15.8	15.7	NA	37.2	36.9	NA	25.2	25	NA	59.3	58.9	NA	48.2	48.3	NA	414.2	415.1
Acvr1c	NA	132.8	132.4	NA	71.7	71.5	NA	67.6	67.4	NA	145.9	145.6	NA	68	68.3	NA	114	114.7
Fam234b	NA	170.1	169.9	NA	152.9	152.7	NA	130.1	130	NA	70.2	70.2	NA	76.6	77.2	NA	0	0
Hmgb1	NA	64.9	64.6	NA	61	60.7	NA	58.5	58.2	NA	71.6	71.3	NA	116.2	116.5	NA	227.8	228.7
Napepld	NA	126.1	125.9	NA	120.6	120.3	NA	94.1	93.9	NA	123.5	123.3	NA	38.7	38.9	NA	97	97.7
Spred3	NA	148.3	148	NA	125.4	125.1	NA	84.2	84.1	NA	98.8	98.6	NA	84.1	84.6	NA	59.2	59.6
Zwilch	NA	108.4	108.1	NA	90.9	90.6	NA	91.2	91	NA	86.6	86.3	NA	169.9	170.7	NA	52.9	53.2
Tsc2	NA	58.3	58.2	NA	106.3	106	NA	95.5	95.2	NA	128.6	128.3	NA	116.5	117	NA	94.7	95.3
Mrpl24	NA	61.6	61.4	NA	81.3	81	NA	111.2	110.8	NA	78.4	78.1	NA	146.8	147.4	NA	120.7	121.3
Rer1	NA	107.7	107.4	NA	116.8	116.4	NA	120.4	120.1	NA	68.5	68.4	NA	67.3	67.6	NA	119.4	120.1
Metap1	NA	97.3	0	NA	100	270.5	NA	104.3	0	NA	92.8	208	NA	94.6	121.5	NA	110.9	0
Mrpl27	NA	73.6	73.3	NA	89.7	89.4	NA	91	90.7	NA	97.1	96.9	NA	135.8	136.4	NA	112.7	113.3
Fdx2	NA	87.6	87.4	NA	129.8	129.5	NA	106.9	106.7	NA	102.5	102.4	NA	99.4	99.9	NA	73.7	74.2
Pla2g7	NA	89.6	89.1	NA	55.1	54.9	NA	80.7	80.3	NA	46.3	46.1	NA	107.3	107.7	NA	220.9	221.9
Crem	NA	102.3	101.7	NA	55.3	55	NA	0	0	NA	79.9	79.5	NA	100.7	101	NA	261.8	262.7
Abhd17b	NA	94.6	94.3	NA	100.7	100.4	NA	123.9	123.6	NA	91.8	91.6	NA	82.1	82.5	NA	107	107.7
Mvb12b	NA	80	0	NA	84.2	203.1	NA	107.7	0	NA	85.5	0	NA	122.8	212	NA	119.7	184.8
Nradd	NA	113.9	113.7	NA	0	0	NA	178	177.7	NA	210.4	210.3	NA	97.7	98.3	NA	0	0
Atg16l1	NA	101.6	101.3	NA	80.1	79.9	NA	109.2	108.9	NA	102.3	102	NA	107.9	108.4	NA	98.9	99.5
Grik5	NA	124.4	124.2	NA	106.8	106.6	NA	101.8	101.7	NA	174.4	174.3	NA	67.3	67.7	NA	25.3	25.5
Slc39a7	NA	126.3	125.9	NA	93	92.7	NA	102.3	102	NA	74.4	74.3	NA	76.1	76.5	NA	127.9	128.7
Cnnm4	NA	69.4	69.1	NA	86	85.7	NA	127.2	126.8	NA	79.5	79.3	NA	113.9	114.4	NA	124	124.7
Pcdhb7	NA	123.2	128.3	NA	97.6	85.1	NA	102.2	108.4	NA	85.9	81.4	NA	110.7	121.1	NA	80.4	75.7
Pex10	NA	134.9	134.6	NA	133.6	133.2	NA	104.8	104.6	NA	81.1	81	NA	66.9	67.3	NA	78.8	79.3
Slc25a32	NA	73.5	73.3	NA	91.6	91.2	NA	93.6	93.2	NA	80.7	80.4	NA	130.1	130.7	NA	130.5	131.2
Mrps2	NA	93.7	93.3	NA	102.5	102.2	NA	85.8	85.5	NA	90.2	89.9	NA	105.2	105.7	NA	122.7	123.4
Nt5c1a	NA	122.2	121.9	NA	109.4	109.1	NA	99.6	99.4	NA	105	104.8	NA	96.4	96.9	NA	67.5	67.9
Maged2	NA	83.4	83.1	NA	72.8	72.5	NA	91.3	91	NA	91.6	91.3	NA	97.8	98.2	NA	163.1	164
Cldn12	NA	154.6	154.3	NA	143.8	143.6	NA	170.1	169.8	NA	0	0	NA	131.5	132.3	NA	0	0
Osgepl1	NA	116.7	116.3	NA	97.4	97.1	NA	89.6	89.4	NA	105.1	104.9	NA	95.3	95.8	NA	95.8	96.4
Samd14	NA	69.4	69.2	NA	108.7	108.3	NA	106.8	106.4	NA	92.9	92.7	NA	49.1	49.3	NA	173.1	174.1
Ndufaf7	NA	97.7	97.5	NA	99.5	99.2	NA	110.7	110.4	NA	106.8	106.6	NA	84.9	85.3	NA	100.4	101.1
Rpl12l2	NA	130.4	130	NA	95.6	95.3	NA	100	99.7	NA	67.2	67.1	NA	100.3	100.7	NA	106.6	107.3
Rps28	NA	61.3	61.1	NA	101.8	101.4	NA	78.8	78.5	NA	102.7	102.4	NA	134.6	135.2	NA	120.8	121.4
Nsg1	NA	111.1	110.6	NA	71.2	70.8	NA	61.2	60.9	NA	54.5	54.3	NA	51.6	51.7	NA	250.4	251.6
Myo9a	NA	32.5	32.4	NA	58.7	58.5	NA	95.1	94.7	NA	114.7	114.3	NA	144.7	145.2	NA	154.3	155
Nucks1	NA	108.4	108	NA	83.6	83.4	NA	79.7	79.4	NA	99.7	99.4	NA	150.1	150.7	NA	78.5	79
Cpeb3	NA	115	114.8	NA	121.7	124.8	NA	126.4	125.1	NA	95.3	96.5	NA	71.7	68.7	NA	69.9	70.2
Fbxo21	NA	78.6	78.3	NA	71.9	71.6	NA	108	107.6	NA	80.4	80.2	NA	97.1	97.5	NA	163.9	164.8
Tpgs1	NA	117	116.7	NA	95.4	95.1	NA	104.3	104	NA	90	89.8	NA	93.8	94.3	NA	99.4	100.1
Klhdc7a	NA	94.5	94.1	NA	74.4	74.1	NA	113.2	112.7	NA	47.4	47.3	NA	155.4	156	NA	115.2	115.8
Adora1	NA	107.5	107.2	NA	76.3	76.1	NA	129.7	129.3	NA	104.8	104.5	NA	54.1	54.4	NA	127.7	128.5
Ube3b	NA	140	139.8	NA	109.5	109.3	NA	109	108.9	NA	146.9	146.8	NA	64.9	65.3	NA	29.7	29.9
Iqgap1	NA	0	0	NA	0	0	NA	0	0	NA	0	0	NA	436.2	436	NA	163.8	164
Eny2	NA	99.2	98.9	NA	117.5	117.1	NA	76.2	76	NA	78.3	78.1	NA	136.4	137	NA	92.5	93
Gsg1l	NA	203.3	203.2	NA	180	179.8	NA	32.5	32.5	NA	132.6	132.6	NA	37.1	37.4	NA	14.4	14.5
Gorasp2	NA	130	129.7	NA	106	105.7	NA	117.9	117.6	NA	83.8	83.7	NA	89.9	90.4	NA	72.4	72.9
Coa7	NA	100.5	100.2	NA	128	127.6	NA	94.5	94.3	NA	107.5	107.3	NA	87.4	87.8	NA	82.2	82.8
Sdf4	NA	136.7	136.4	NA	142.6	142.3	NA	88.7	88.5	NA	58.8	58.7	NA	76.5	76.9	NA	96.7	97.3
Rab29	NA	136.9	136.6	NA	117.6	117.3	NA	107.6	107.4	NA	86.5	86.4	NA	82.3	82.8	NA	69	69.5
Derl1	NA	104.2	103.9	NA	70.2	70	NA	95.2	94.9	NA	116.6	116.3	NA	66.7	67	NA	147.1	148
Wipf2	NA	120.8	126	NA	115.6	115.4	NA	92.3	76.4	NA	87	89.7	NA	72.6	77.9	NA	111.7	114.7
Cfap418	NA	112.6	112.3	NA	105.1	104.8	NA	98.1	97.8	NA	105.2	105	NA	119.7	120.3	NA	59.3	59.7
Snx32	NA	111.7	111.4	NA	113.5	113.2	NA	115.2	115	NA	79.8	79.7	NA	117.2	117.8	NA	62.6	63
Akr1b8	NA	110.2	109.8	NA	119.5	119.1	NA	80.4	80.2	NA	93.4	93.2	NA	70.6	70.9	NA	126	126.8
Plpp6	NA	109.5	129.4	NA	94.9	82.6	NA	107.8	105.6	NA	73.5	67	NA	67.6	71.4	NA	146.8	144.1
Plekhb1	NA	78.3	78	NA	77	76.7	NA	64.6	64.3	NA	87.4	87.1	NA	168.8	169.4	NA	123.9	124.5
Dpy19l3	NA	107.1	106.8	NA	72.1	71.9	NA	110	109.8	NA	151	150.7	NA	92.5	93	NA	67.2	67.7
Gigyf2	NA	132.3	132	NA	108.4	108.2	NA	111.6	111.3	NA	93.2	93.1	NA	76.7	77.1	NA	77.7	78.3
Mrps24	NA	100.7	100.4	NA	107.6	107.3	NA	74.2	74	NA	86.7	86.5	NA	104.2	104.7	NA	126.5	127.3
Rbp1	NA	0	0	NA	0	0	NA	218.4	217.7	NA	145.9	145.5	NA	235.8	236.8	NA	0	0
LOC100912027	NA	101.7	108.4	NA	116.8	105.5	NA	112.5	106.3	NA	61.9	63.1	NA	98.2	99.3	NA	108.9	117.4
Dmac2	NA	67.2	67	NA	84.7	84.4	NA	98.6	98.3	NA	115.3	115	NA	119.4	119.9	NA	114.8	115.4
Tmem230	NA	116.1	115.8	NA	100.7	100.5	NA	130.8	130.4	NA	79	78.8	NA	57.1	57.4	NA	116.3	117.1
Rpl36l3	NA	104.6	104.2	NA	96.9	96.6	NA	105.6	105.3	NA	70.9	70.7	NA	113	113.5	NA	109.1	109.7
Rmnd5a	NA	105.1	104.8	NA	98.4	98.1	NA	106.7	106.4	NA	107.3	107.1	NA	87.7	88.1	NA	94.8	95.5
Mycbp	NA	92.6	93.4	NA	87.4	88.1	NA	66	66.6	NA	84	82.7	NA	164.9	162.2	NA	105.2	107.1
Hcls1	NA	153.1	152.6	NA	107.5	107.2	NA	52.6	52.4	NA	68.5	68.3	NA	142.7	143.3	NA	75.6	76.1
Neb	NA	128.6	107.1	NA	91.3	93	NA	98.3	83.4	NA	71.4	78.5	NA	122.3	146.9	NA	88.1	91.1
Slc25a17	NA	48.2	48	NA	71.3	71.1	NA	95.7	95.3	NA	121	120.6	NA	116.2	116.7	NA	147.6	148.4
Zc3h15	NA	114.5	114.1	NA	90.6	90.3	NA	81.9	81.6	NA	55.4	55.3	NA	133.5	134	NA	124	124.7
